{
    "bloc_voter_props": {
        "H": [
            0.45154691043224077,
            0.438571238079184,
            0.18638166774631745,
            0.47165721588536297,
            0.21375713168604413,
            0.349976331271074,
            0.47495489353699316,
            0.39730220212712386,
            1007761.0,
            712294.0
        ],
        "NH": [
            0.5484530895677592,
            0.5614287619208159,
            0.8136183322536825,
            0.5283427841146371,
            0.7862428683139558,
            0.6500236687289259,
            0.5250451064630068,
            0.6026977978728761,
            1937060.0,
            2324262.0
        ]
    },
    "cohesion_parameters": {
        "H": {
            "H": 0.77,
            "NH": 0.23
        },
        "NH": {
            "H": 0.52,
            "NH": 0.48
        }
    },
    "alphas": {
        "H": {
            "H": 1,
            "NH": 1
        },
        "NH": {
            "H": 1,
            "NH": 1
        }
    },
    "slate_to_candidates": {
        "H": [
            "H1",
            "H2",
            "H3",
            "H4",
            "H5"
        ],
        "NH": [
            "NH1",
            "NH2",
            "NH3",
            "NH4",
            "NH5"
        ]
    }
}