{
    "bloc_voter_props": {
        "H": [
            0.5747037496314135,
            0.17680387765536942,
            0.43886383490841774,
            0.2622939195059008,
            0.2161624530031829,
            0.3649620791161371,
            0.3406613177653732,
            0.3227345906163753,
            1175982.0,
            1457488.0
        ],
        "NH": [
            0.42529625036858654,
            0.8231961223446306,
            0.5611361650915823,
            0.7377060804940991,
            0.7838375469968171,
            0.6350379208838629,
            0.6593386822346268,
            0.6772654093836247,
            1867069.0,
            1668489.0
        ]
    },
    "cohesion_parameters": {
        "H": {
            "H": 0.77,
            "NH": 0.23
        },
        "NH": {
            "H": 0.52,
            "NH": 0.48
        }
    },
    "alphas": {
        "H": {
            "H": 1,
            "NH": 1
        },
        "NH": {
            "H": 1,
            "NH": 1
        }
    },
    "slate_to_candidates": {
        "H": [
            "H1",
            "H2",
            "H3",
            "H4",
            "H5"
        ],
        "NH": [
            "NH1",
            "NH2",
            "NH3",
            "NH4",
            "NH5"
        ]
    }
}