{
    "bloc_voter_props": {
        "H": [
            0.30476299950741187,
            0.2519212210965724,
            0.3764306385269817,
            0.49589067831619627,
            0.4149108750177389,
            0.4230219278361407,
            0.20899023711130724,
            0.5480467546701439,
            985969.0,
            649983.0
        ],
        "NH": [
            0.6952370004925882,
            0.7480787789034277,
            0.6235693614730183,
            0.5041093216838037,
            0.5850891249822611,
            0.5769780721638593,
            0.7910097628886927,
            0.4519532453298562,
            2080048.0,
            2468845.0
        ]
    },
    "cohesion_parameters": {
        "H": {
            "H": 0.77,
            "NH": 0.23
        },
        "NH": {
            "H": 0.52,
            "NH": 0.48
        }
    },
    "alphas": {
        "H": {
            "H": 1,
            "NH": 1
        },
        "NH": {
            "H": 1,
            "NH": 1
        }
    },
    "slate_to_candidates": {
        "H": [
            "H1",
            "H2",
            "H3",
            "H4",
            "H5"
        ],
        "NH": [
            "NH1",
            "NH2",
            "NH3",
            "NH4",
            "NH5"
        ]
    }
}