{
    "bloc_voter_props": {
        "H": [
            0.2312164623324739,
            0.5187079200369646,
            0.21016940791029787,
            0.35116271512232694,
            0.21956619030099747,
            0.39984032239668477,
            0.26688561017499274,
            0.4278444256293452,
            1487208.0,
            1424344.0
        ],
        "NH": [
            0.7687835376675262,
            0.4812920799630354,
            0.7898305920897021,
            0.648837284877673,
            0.7804338096990026,
            0.6001596776033152,
            0.7331143898250072,
            0.5721555743706548,
            1747020.0,
            1793379.0
        ]
    },
    "cohesion_parameters": {
        "H": {
            "H": 0.77,
            "NH": 0.23
        },
        "NH": {
            "H": 0.52,
            "NH": 0.48
        }
    },
    "alphas": {
        "H": {
            "H": 1,
            "NH": 1
        },
        "NH": {
            "H": 1,
            "NH": 1
        }
    },
    "slate_to_candidates": {
        "H": [
            "H1",
            "H2",
            "H3",
            "H4",
            "H5"
        ],
        "NH": [
            "NH1",
            "NH2",
            "NH3",
            "NH4",
            "NH5"
        ]
    }
}