{
    "bloc_voter_props": {
        "H": [
            0.24954275223330347,
            0.24858846784672525,
            0.6537783297688455,
            0.46563714829396924,
            0.18788520714217588,
            0.4942835811860611,
            0.39096496406821896,
            0.3974875256383149,
            406211.0,
            758246.0,
            629369.0,
            305331.0,
            606943.0,
            897568.0,
            814792.0,
            545667.0
        ],
        "NH": [
            0.7504572477666965,
            0.7514115321532747,
            0.34622167023115447,
            0.5343628517060307,
            0.8121147928578241,
            0.5057164188139389,
            0.609035035931781,
            0.6025124743616851,
            1463122.0,
            1088306.0,
            1376780.0,
            1591627.0,
            1316309.0,
            1119802.0,
            1016526.0,
            1331409.0
        ]
    },
    "cohesion_parameters": {
        "H": {
            "H": 0.77,
            "NH": 0.23
        },
        "NH": {
            "H": 0.52,
            "NH": 0.48
        }
    },
    "alphas": {
        "H": {
            "H": 1,
            "NH": 1
        },
        "NH": {
            "H": 1,
            "NH": 1
        }
    },
    "slate_to_candidates": {
        "H": [
            "H1",
            "H2",
            "H3",
            "H4",
            "H5"
        ],
        "NH": [
            "NH1",
            "NH2",
            "NH3",
            "NH4",
            "NH5"
        ]
    }
}