{
    "bloc_voter_props": {
        "H": [
            0.45154691043224077,
            0.438571238079184,
            0.18638166774631745,
            0.4354787785544667,
            0.21375713168604413,
            0.349976331271074,
            0.34245984579249783,
            0.5293216316737595,
            1007761.0,
            816377.0
        ],
        "NH": [
            0.5484530895677592,
            0.5614287619208159,
            0.8136183322536825,
            0.5645212214455333,
            0.7862428683139558,
            0.6500236687289259,
            0.6575401542075021,
            0.47067836832624055,
            1937060.0,
            2211514.0
        ]
    },
    "cohesion_parameters": {
        "H": {
            "H": 0.77,
            "NH": 0.23
        },
        "NH": {
            "H": 0.52,
            "NH": 0.48
        }
    },
    "alphas": {
        "H": {
            "H": 1,
            "NH": 1
        },
        "NH": {
            "H": 1,
            "NH": 1
        }
    },
    "slate_to_candidates": {
        "H": [
            "H1",
            "H2",
            "H3",
            "H4",
            "H5"
        ],
        "NH": [
            "NH1",
            "NH2",
            "NH3",
            "NH4",
            "NH5"
        ]
    }
}