{
    "bloc_voter_props": {
        "H": [
            0.38169317004717584,
            0.24568276865770058,
            0.2709201304696597,
            0.3213754416087499,
            0.40610791457956574,
            0.4586473508989814,
            0.23527857677288588,
            0.19545885994214476,
            715836.0,
            951855.0,
            1167954.0,
            338816.0,
            1011824.0,
            532896.0,
            605416.0,
            774850.0
        ],
        "NH": [
            0.6183068299528242,
            0.7543172313422994,
            0.7290798695303403,
            0.6786245583912501,
            0.5938920854204343,
            0.5413526491010185,
            0.7647214232271141,
            0.8045411400578553,
            1231074.0,
            1057515.0,
            694608.0,
            1503733.0,
            929018.0,
            1451630.0,
            1412233.0,
            1148902.0
        ]
    },
    "cohesion_parameters": {
        "H": {
            "H": 0.77,
            "NH": 0.23
        },
        "NH": {
            "H": 0.52,
            "NH": 0.48
        }
    },
    "alphas": {
        "H": {
            "H": 1,
            "NH": 1
        },
        "NH": {
            "H": 1,
            "NH": 1
        }
    },
    "slate_to_candidates": {
        "H": [
            "H1",
            "H2",
            "H3",
            "H4",
            "H5"
        ],
        "NH": [
            "NH1",
            "NH2",
            "NH3",
            "NH4",
            "NH5"
        ]
    }
}