{
    "bloc_voter_props": {
        "H": [
            0.3932046203091993,
            0.24725428427419355,
            0.4645882634065875,
            0.3583878006672776,
            0.2873425940344756,
            0.18657387074573517,
            0.4135247106688959,
            0.4973533620344861,
            1449964.0,
            706394.0
        ],
        "NH": [
            0.6067953796908008,
            0.7527457157258064,
            0.5354117365934126,
            0.6416121993327224,
            0.7126574059655244,
            0.8134261292542648,
            0.586475289331104,
            0.5026466379655139,
            1646553.0,
            2476223.0
        ]
    },
    "cohesion_parameters": {
        "H": {
            "H": 0.77,
            "NH": 0.23
        },
        "NH": {
            "H": 0.52,
            "NH": 0.48
        }
    },
    "alphas": {
        "H": {
            "H": 1,
            "NH": 1
        },
        "NH": {
            "H": 1,
            "NH": 1
        }
    },
    "slate_to_candidates": {
        "H": [
            "H1",
            "H2",
            "H3",
            "H4",
            "H5"
        ],
        "NH": [
            "NH1",
            "NH2",
            "NH3",
            "NH4",
            "NH5"
        ]
    }
}