{
    "bloc_voter_props": {
        "H": [
            0.3694481361350942,
            0.2146873144986685,
            0.36467949905990016,
            0.24407850979644066,
            0.35622585956316055,
            0.2171823157101107,
            0.5549567574874634,
            0.3094161115381932,
            1581212.0,
            1324562.0
        ],
        "NH": [
            0.6305518638649058,
            0.7853126855013315,
            0.6353205009400998,
            0.7559214902035594,
            0.6437741404368394,
            0.7828176842898893,
            0.4450432425125366,
            0.6905838884618068,
            1533317.0,
            1845480.0
        ]
    },
    "cohesion_parameters": {
        "H": {
            "H": 0.77,
            "NH": 0.23
        },
        "NH": {
            "H": 0.52,
            "NH": 0.48
        }
    },
    "alphas": {
        "H": {
            "H": 1,
            "NH": 1
        },
        "NH": {
            "H": 1,
            "NH": 1
        }
    },
    "slate_to_candidates": {
        "H": [
            "H1",
            "H2",
            "H3",
            "H4",
            "H5"
        ],
        "NH": [
            "NH1",
            "NH2",
            "NH3",
            "NH4",
            "NH5"
        ]
    }
}