{
    "bloc_voter_props": {
        "H": [
            0.34233230478873344,
            0.26754216024948907,
            0.4416268605287516,
            0.3242820191055203,
            0.4805261466821579,
            0.18045773861386533,
            0.43063186720763275,
            0.45729744259559535,
            1321098.0,
            656467.0
        ],
        "NH": [
            0.6576676952112666,
            0.7324578397505109,
            0.5583731394712483,
            0.6757179808944797,
            0.5194738533178421,
            0.8195422613861347,
            0.5693681327923673,
            0.5427025574044047,
            1773267.0,
            2580253.0
        ]
    },
    "cohesion_parameters": {
        "H": {
            "H": 0.77,
            "NH": 0.23
        },
        "NH": {
            "H": 0.52,
            "NH": 0.48
        }
    },
    "alphas": {
        "H": {
            "H": 1,
            "NH": 1
        },
        "NH": {
            "H": 1,
            "NH": 1
        }
    },
    "slate_to_candidates": {
        "H": [
            "H1",
            "H2",
            "H3",
            "H4",
            "H5"
        ],
        "NH": [
            "NH1",
            "NH2",
            "NH3",
            "NH4",
            "NH5"
        ]
    }
}