{
    "bloc_voter_props": {
        "H": [
            0.39995525828934225,
            0.34384016646089643,
            0.44336759147620697,
            0.3918343442794395,
            0.23314084556233644,
            0.5462827079003149,
            0.1757559131766496,
            0.3454715821529577,
            1327109.0,
            764133.0
        ],
        "NH": [
            0.6000447417106577,
            0.6561598335391036,
            0.556632408523793,
            0.6081656557205606,
            0.7668591544376635,
            0.45371729209968514,
            0.8242440868233504,
            0.6545284178470423,
            1816670.0,
            2330625.0
        ]
    },
    "cohesion_parameters": {
        "H": {
            "H": 0.77,
            "NH": 0.23
        },
        "NH": {
            "H": 0.52,
            "NH": 0.48
        }
    },
    "alphas": {
        "H": {
            "H": 1,
            "NH": 1
        },
        "NH": {
            "H": 1,
            "NH": 1
        }
    },
    "slate_to_candidates": {
        "H": [
            "H1",
            "H2",
            "H3",
            "H4",
            "H5"
        ],
        "NH": [
            "NH1",
            "NH2",
            "NH3",
            "NH4",
            "NH5"
        ]
    }
}