{
    "bloc_voter_props": {
        "H": [
            0.34369190702129887,
            0.18800689418156188,
            0.45170167629756885,
            0.251998728195409,
            0.2097046532694998,
            0.43819443959350574,
            0.48996075952786455,
            0.3207271418357471,
            1191436.0,
            1476977.0
        ],
        "NH": [
            0.6563080929787011,
            0.8119931058184381,
            0.5482983237024311,
            0.748001271804591,
            0.7902953467305002,
            0.5618055604064942,
            0.5100392404721354,
            0.6792728581642529,
            1813887.0,
            1727765.0
        ]
    },
    "cohesion_parameters": {
        "H": {
            "H": 0.77,
            "NH": 0.23
        },
        "NH": {
            "H": 0.52,
            "NH": 0.48
        }
    },
    "alphas": {
        "H": {
            "H": 1,
            "NH": 1
        },
        "NH": {
            "H": 1,
            "NH": 1
        }
    },
    "slate_to_candidates": {
        "H": [
            "H1",
            "H2",
            "H3",
            "H4",
            "H5"
        ],
        "NH": [
            "NH1",
            "NH2",
            "NH3",
            "NH4",
            "NH5"
        ]
    }
}