{
    "bloc_voter_props": {
        "H": [
            0.33484360219807163,
            0.22499744828094984,
            0.30074734734467434,
            0.33486543554690523,
            0.2052617273425351,
            0.4860992224975737,
            0.4075383194868787,
            0.23205413832938132,
            810415.0,
            831680.0,
            557010.0,
            347454.0,
            1116668.0,
            970088.0,
            512186.0,
            868331.0
        ],
        "NH": [
            0.6651563978019284,
            0.7750025517190502,
            0.6992526526553257,
            0.6651345644530947,
            0.7947382726574649,
            0.5139007775024264,
            0.5924616805131213,
            0.7679458616706187,
            1027813.0,
            1086528.0,
            1396347.0,
            1485785.0,
            718660.0,
            1045160.0,
            1454334.0,
            988859.0
        ]
    },
    "cohesion_parameters": {
        "H": {
            "H": 0.77,
            "NH": 0.23
        },
        "NH": {
            "H": 0.52,
            "NH": 0.48
        }
    },
    "alphas": {
        "H": {
            "H": 1,
            "NH": 1
        },
        "NH": {
            "H": 1,
            "NH": 1
        }
    },
    "slate_to_candidates": {
        "H": [
            "H1",
            "H2",
            "H3",
            "H4",
            "H5"
        ],
        "NH": [
            "NH1",
            "NH2",
            "NH3",
            "NH4",
            "NH5"
        ]
    }
}