{
    "bloc_voter_props": {
        "H": [
            0.31505158408157796,
            0.36202489764112444,
            0.5133007870877753,
            0.2894151162605637,
            0.2545634497967519,
            0.18012732821214353,
            0.44458873126556886,
            0.19314055228949772,
            1523587.0,
            1482800.0
        ],
        "NH": [
            0.684948415918422,
            0.6379751023588756,
            0.4866992129122248,
            0.7105848837394363,
            0.7454365502032482,
            0.8198726717878565,
            0.5554112687344311,
            0.8068594477105022,
            1424597.0,
            1733410.0
        ]
    },
    "cohesion_parameters": {
        "H": {
            "H": 0.77,
            "NH": 0.23
        },
        "NH": {
            "H": 0.52,
            "NH": 0.48
        }
    },
    "alphas": {
        "H": {
            "H": 1,
            "NH": 1
        },
        "NH": {
            "H": 1,
            "NH": 1
        }
    },
    "slate_to_candidates": {
        "H": [
            "H1",
            "H2",
            "H3",
            "H4",
            "H5"
        ],
        "NH": [
            "NH1",
            "NH2",
            "NH3",
            "NH4",
            "NH5"
        ]
    }
}