{
    "bloc_voter_props": {
        "H": [
            0.3670893535683264,
            0.18579814467918837,
            0.48119772858535786,
            0.3213754416087499,
            0.3881710678722468,
            0.2687171874308178,
            0.21082673445723318,
            0.20372224468930325,
            715836.0,
            950233.0,
            1167954.0,
            338816.0,
            969804.0,
            681085.0,
            623552.0,
            774850.0
        ],
        "NH": [
            0.6329106464316736,
            0.8142018553208116,
            0.5188022714146422,
            0.6786245583912501,
            0.6118289321277531,
            0.7312828125691822,
            0.7891732655427668,
            0.7962777553106968,
            1231074.0,
            966601.0,
            694608.0,
            1503733.0,
            885926.0,
            1318945.0,
            1384329.0,
            1148902.0
        ]
    },
    "cohesion_parameters": {
        "H": {
            "H": 0.77,
            "NH": 0.23
        },
        "NH": {
            "H": 0.52,
            "NH": 0.48
        }
    },
    "alphas": {
        "H": {
            "H": 1,
            "NH": 1
        },
        "NH": {
            "H": 1,
            "NH": 1
        }
    },
    "slate_to_candidates": {
        "H": [
            "H1",
            "H2",
            "H3",
            "H4",
            "H5"
        ],
        "NH": [
            "NH1",
            "NH2",
            "NH3",
            "NH4",
            "NH5"
        ]
    }
}