{
    "bloc_voter_props": {
        "H": [
            0.4032991900359718,
            0.526013746492575,
            0.24395200678184392,
            0.4968914831903715,
            0.22522756937084445,
            0.18766407554924053,
            0.43585334885197335,
            0.4226515966306082,
            489423.0,
            936770.0,
            622352.0,
            380893.0,
            670283.0,
            567518.0,
            366997.0,
            1249172.0
        ],
        "NH": [
            0.5967008099640282,
            0.473986253507425,
            0.7560479932181561,
            0.5031085168096285,
            0.7747724306291556,
            0.8123359244507594,
            0.5641466511480266,
            0.5773484033693917,
            1503315.0,
            998013.0,
            1399422.0,
            1475614.0,
            1208943.0,
            1278773.0,
            1557587.0,
            720505.0
        ]
    },
    "cohesion_parameters": {
        "H": {
            "H": 0.77,
            "NH": 0.23
        },
        "NH": {
            "H": 0.52,
            "NH": 0.48
        }
    },
    "alphas": {
        "H": {
            "H": 1,
            "NH": 1
        },
        "NH": {
            "H": 1,
            "NH": 1
        }
    },
    "slate_to_candidates": {
        "H": [
            "H1",
            "H2",
            "H3",
            "H4",
            "H5"
        ],
        "NH": [
            "NH1",
            "NH2",
            "NH3",
            "NH4",
            "NH5"
        ]
    }
}