{
    "bloc_voter_props": {
        "H": [
            0.3080066457961527,
            0.34740443082798017,
            0.46152762679115017,
            0.4904947748069582,
            0.1932586782922489,
            0.5095962643526392,
            0.1974488812683538,
            0.36035637398559134,
            1330030.0,
            758590.0
        ],
        "NH": [
            0.6919933542038473,
            0.6525955691720199,
            0.5384723732088499,
            0.5095052251930419,
            0.8067413217077511,
            0.4904037356473608,
            0.8025511187316462,
            0.6396436260144086,
            1743630.0,
            2227885.0
        ]
    },
    "cohesion_parameters": {
        "H": {
            "H": 0.77,
            "NH": 0.23
        },
        "NH": {
            "H": 0.52,
            "NH": 0.48
        }
    },
    "alphas": {
        "H": {
            "H": 1,
            "NH": 1
        },
        "NH": {
            "H": 1,
            "NH": 1
        }
    },
    "slate_to_candidates": {
        "H": [
            "H1",
            "H2",
            "H3",
            "H4",
            "H5"
        ],
        "NH": [
            "NH1",
            "NH2",
            "NH3",
            "NH4",
            "NH5"
        ]
    }
}