{
    "bloc_voter_props": {
        "H": [
            0.18143764610197674,
            0.430669852925661,
            0.47998837049397247,
            0.27484565426017843,
            0.28152880139028075,
            0.18839145319821407,
            0.40310762602396366,
            0.32524068232907316,
            446138.0,
            936731.0,
            891599.0,
            385451.0,
            580725.0,
            985141.0,
            829462.0,
            953777.0
        ],
        "NH": [
            0.8185623538980232,
            0.569330147074339,
            0.5200116295060275,
            0.7251543457398215,
            0.7184711986097193,
            0.811608546801786,
            0.5968923739760363,
            0.6747593176709269,
            1488909.0,
            955069.0,
            1053049.0,
            1514322.0,
            1349015.0,
            958204.0,
            1170561.0,
            971045.0
        ]
    },
    "cohesion_parameters": {
        "H": {
            "H": 0.77,
            "NH": 0.23
        },
        "NH": {
            "H": 0.52,
            "NH": 0.48
        }
    },
    "alphas": {
        "H": {
            "H": 1,
            "NH": 1
        },
        "NH": {
            "H": 1,
            "NH": 1
        }
    },
    "slate_to_candidates": {
        "H": [
            "H1",
            "H2",
            "H3",
            "H4",
            "H5"
        ],
        "NH": [
            "NH1",
            "NH2",
            "NH3",
            "NH4",
            "NH5"
        ]
    }
}