{
    "bloc_voter_props": {
        "H": [
            0.30527587138917606,
            0.4554773345884034,
            0.5133007870877753,
            0.36812449024408045,
            0.18083461447392035,
            0.2512086602468487,
            0.4433049966109763,
            0.2041620059126388,
            1454287.0,
            1001812.0
        ],
        "NH": [
            0.6947241286108239,
            0.5445226654115966,
            0.4866992129122248,
            0.6318755097559196,
            0.8191653855260796,
            0.7487913397531514,
            0.5566950033890237,
            0.7958379940873612,
            1549661.0,
            2016920.0
        ]
    },
    "cohesion_parameters": {
        "H": {
            "H": 0.77,
            "NH": 0.23
        },
        "NH": {
            "H": 0.52,
            "NH": 0.48
        }
    },
    "alphas": {
        "H": {
            "H": 1,
            "NH": 1
        },
        "NH": {
            "H": 1,
            "NH": 1
        }
    },
    "slate_to_candidates": {
        "H": [
            "H1",
            "H2",
            "H3",
            "H4",
            "H5"
        ],
        "NH": [
            "NH1",
            "NH2",
            "NH3",
            "NH4",
            "NH5"
        ]
    }
}