{
    "bloc_voter_props": {
        "H": [
            0.366035355803944,
            0.47562717733027443,
            0.23140265834271725,
            0.4371316940492776,
            0.1938432688032979,
            0.5762048553095664,
            0.28774918823733325,
            0.4113024721872968,
            996947.0,
            731346.0
        ],
        "NH": [
            0.633964644196056,
            0.5243728226697255,
            0.7685973416572828,
            0.5628683059507223,
            0.8061567311967021,
            0.4237951446904336,
            0.7122508117626668,
            0.5886975278127031,
            1938179.0,
            2388689.0
        ]
    },
    "cohesion_parameters": {
        "H": {
            "H": 0.77,
            "NH": 0.23
        },
        "NH": {
            "H": 0.52,
            "NH": 0.48
        }
    },
    "alphas": {
        "H": {
            "H": 1,
            "NH": 1
        },
        "NH": {
            "H": 1,
            "NH": 1
        }
    },
    "slate_to_candidates": {
        "H": [
            "H1",
            "H2",
            "H3",
            "H4",
            "H5"
        ],
        "NH": [
            "NH1",
            "NH2",
            "NH3",
            "NH4",
            "NH5"
        ]
    }
}