{
    "bloc_voter_props": {
        "H": [
            0.5109667773702824,
            0.39528909748249325,
            0.4389099708758808,
            0.21833171871690213,
            0.34093156806563996,
            0.23431412201217952,
            0.46692866650733533,
            0.41329146755314394,
            955730.0,
            627408.0
        ],
        "NH": [
            0.48903322262971755,
            0.6047109025175067,
            0.5610900291241192,
            0.7816682812830978,
            0.65906843193436,
            0.7656858779878205,
            0.5330713334926647,
            0.5867085324468561,
            2097164.0,
            2479245.0
        ]
    },
    "cohesion_parameters": {
        "H": {
            "H": 0.77,
            "NH": 0.23
        },
        "NH": {
            "H": 0.52,
            "NH": 0.48
        }
    },
    "alphas": {
        "H": {
            "H": 1,
            "NH": 1
        },
        "NH": {
            "H": 1,
            "NH": 1
        }
    },
    "slate_to_candidates": {
        "H": [
            "H1",
            "H2",
            "H3",
            "H4",
            "H5"
        ],
        "NH": [
            "NH1",
            "NH2",
            "NH3",
            "NH4",
            "NH5"
        ]
    }
}