{
    "bloc_voter_props": {
        "H": [
            0.17430788862415136,
            0.47124005113408524,
            0.3577202291596764,
            0.3186941294237764,
            0.2246581305240865,
            0.3765063933351749,
            0.48109997771658597,
            0.31625053684688814,
            456652.0,
            691416.0,
            1008185.0,
            489243.0,
            591343.0,
            1265718.0,
            314301.0,
            828459.0
        ],
        "NH": [
            0.8256921113758486,
            0.5287599488659148,
            0.6422797708403236,
            0.6813058705762236,
            0.7753418694759134,
            0.6234936066648251,
            0.518900022283414,
            0.6837494631531118,
            1414686.0,
            1274760.0,
            929172.0,
            1440773.0,
            1406108.0,
            572669.0,
            1547861.0,
            1017320.0
        ]
    },
    "cohesion_parameters": {
        "H": {
            "H": 0.77,
            "NH": 0.23
        },
        "NH": {
            "H": 0.52,
            "NH": 0.48
        }
    },
    "alphas": {
        "H": {
            "H": 1,
            "NH": 1
        },
        "NH": {
            "H": 1,
            "NH": 1
        }
    },
    "slate_to_candidates": {
        "H": [
            "H1",
            "H2",
            "H3",
            "H4",
            "H5"
        ],
        "NH": [
            "NH1",
            "NH2",
            "NH3",
            "NH4",
            "NH5"
        ]
    }
}