{
    "bloc_voter_props": {
        "H": [
            0.4590757014585647,
            0.4402967156088177,
            0.3071685742751812,
            0.20523037969025143,
            0.2612982963149882,
            0.5918696401896634,
            0.4463755695896968,
            0.3127504889517426,
            945102.0,
            594015.0
        ],
        "NH": [
            0.5409242985414353,
            0.5597032843911822,
            0.6928314257248188,
            0.7947696203097486,
            0.7387017036850119,
            0.40813035981033663,
            0.5536244304103032,
            0.6872495110482574,
            1986432.0,
            2557632.0
        ]
    },
    "cohesion_parameters": {
        "H": {
            "H": 0.77,
            "NH": 0.23
        },
        "NH": {
            "H": 0.52,
            "NH": 0.48
        }
    },
    "alphas": {
        "H": {
            "H": 1,
            "NH": 1
        },
        "NH": {
            "H": 1,
            "NH": 1
        }
    },
    "slate_to_candidates": {
        "H": [
            "H1",
            "H2",
            "H3",
            "H4",
            "H5"
        ],
        "NH": [
            "NH1",
            "NH2",
            "NH3",
            "NH4",
            "NH5"
        ]
    }
}