{
    "bloc_voter_props": {
        "H": [
            0.4376224874986146,
            0.4810427331701739,
            0.4668873388169889,
            0.42271272441093055,
            0.2146338483062981,
            0.5111988363398877,
            0.18306777338113045,
            0.3052198671941104,
            893562.0,
            745624.0
        ],
        "NH": [
            0.5623775125013855,
            0.5189572668298261,
            0.533112661183011,
            0.5772872755890694,
            0.7853661516937019,
            0.4888011636601123,
            0.8169322266188696,
            0.6947801328058897,
            2168799.0,
            2375717.0
        ]
    },
    "cohesion_parameters": {
        "H": {
            "H": 0.77,
            "NH": 0.23
        },
        "NH": {
            "H": 0.52,
            "NH": 0.48
        }
    },
    "alphas": {
        "H": {
            "H": 1,
            "NH": 1
        },
        "NH": {
            "H": 1,
            "NH": 1
        }
    },
    "slate_to_candidates": {
        "H": [
            "H1",
            "H2",
            "H3",
            "H4",
            "H5"
        ],
        "NH": [
            "NH1",
            "NH2",
            "NH3",
            "NH4",
            "NH5"
        ]
    }
}