{
    "bloc_voter_props": {
        "H": [
            0.5735568334760798,
            0.3610494851066391,
            0.1973511868408942,
            0.3002656707158886,
            0.26090503562660916,
            0.2193666526418248,
            0.37807760098510274,
            0.39080226090797743,
            1609914.0,
            1079854.0
        ],
        "NH": [
            0.4264431665239202,
            0.638950514893361,
            0.8026488131591057,
            0.6997343292841114,
            0.7390949643733908,
            0.7806333473581752,
            0.6219223990148972,
            0.6091977390920226,
            1530710.0,
            2095298.0
        ]
    },
    "cohesion_parameters": {
        "H": {
            "H": 0.77,
            "NH": 0.23
        },
        "NH": {
            "H": 0.52,
            "NH": 0.48
        }
    },
    "alphas": {
        "H": {
            "H": 1,
            "NH": 1
        },
        "NH": {
            "H": 1,
            "NH": 1
        }
    },
    "slate_to_candidates": {
        "H": [
            "H1",
            "H2",
            "H3",
            "H4",
            "H5"
        ],
        "NH": [
            "NH1",
            "NH2",
            "NH3",
            "NH4",
            "NH5"
        ]
    }
}