{
    "bloc_voter_props": {
        "H": [
            0.30152828952919764,
            0.193116399163775,
            0.6229302624225881,
            0.4369897173752121,
            0.18550199304845283,
            0.22422449762923832,
            0.4010659195199875,
            0.3530887344897328,
            686907.0,
            447857.0,
            1044951.0,
            847097.0,
            608964.0,
            450689.0,
            751935.0,
            835803.0
        ],
        "NH": [
            0.6984717104708024,
            0.806883600836225,
            0.3770697375774119,
            0.5630102826247879,
            0.8144980069515472,
            0.7757755023707616,
            0.5989340804800125,
            0.6469112655102671,
            1190569.0,
            1533703.0,
            971213.0,
            1046560.0,
            1405608.0,
            1382248.0,
            1081680.0,
            1033772.0
        ]
    },
    "cohesion_parameters": {
        "H": {
            "H": 0.77,
            "NH": 0.23
        },
        "NH": {
            "H": 0.52,
            "NH": 0.48
        }
    },
    "alphas": {
        "H": {
            "H": 1,
            "NH": 1
        },
        "NH": {
            "H": 1,
            "NH": 1
        }
    },
    "slate_to_candidates": {
        "H": [
            "H1",
            "H2",
            "H3",
            "H4",
            "H5"
        ],
        "NH": [
            "NH1",
            "NH2",
            "NH3",
            "NH4",
            "NH5"
        ]
    }
}