{
    "bloc_voter_props": {
        "H": [
            0.4586117951478678,
            0.3450059235769159,
            0.18799582336974083,
            0.5330111452010499,
            0.2331923639118281,
            0.3891227030700719,
            0.20417414595512767,
            0.2745396872388975,
            1400605.0,
            1451644.0
        ],
        "NH": [
            0.5413882048521321,
            0.654994076423084,
            0.8120041766302591,
            0.46698885479895014,
            0.7668076360881719,
            0.6108772969299281,
            0.7958258540448724,
            0.7254603127611025,
            1772654.0,
            1683688.0
        ]
    },
    "cohesion_parameters": {
        "H": {
            "H": 0.77,
            "NH": 0.23
        },
        "NH": {
            "H": 0.52,
            "NH": 0.48
        }
    },
    "alphas": {
        "H": {
            "H": 1,
            "NH": 1
        },
        "NH": {
            "H": 1,
            "NH": 1
        }
    },
    "slate_to_candidates": {
        "H": [
            "H1",
            "H2",
            "H3",
            "H4",
            "H5"
        ],
        "NH": [
            "NH1",
            "NH2",
            "NH3",
            "NH4",
            "NH5"
        ]
    }
}