{
    "bloc_voter_props": {
        "H": [
            0.598650998415559,
            0.23403651964683922,
            0.3231278277608089,
            0.46457534212288265,
            0.16665916039637202,
            0.21203994806687113,
            0.46744140563192793,
            0.5132847411827773,
            830723.0,
            421372.0,
            414042.0,
            463318.0,
            580822.0,
            879548.0,
            763189.0,
            781386.0
        ],
        "NH": [
            0.40134900158444103,
            0.7659634803531608,
            0.676872172239191,
            0.5354246578771173,
            0.833340839603628,
            0.7879600519331289,
            0.5325585943680721,
            0.48671525881722266,
            1157089.0,
            1532816.0,
            1425440.0,
            1372514.0,
            1330853.0,
            1003085.0,
            1101141.0,
            1220656.0
        ]
    },
    "cohesion_parameters": {
        "H": {
            "H": 0.77,
            "NH": 0.23
        },
        "NH": {
            "H": 0.52,
            "NH": 0.48
        }
    },
    "alphas": {
        "H": {
            "H": 1,
            "NH": 1
        },
        "NH": {
            "H": 1,
            "NH": 1
        }
    },
    "slate_to_candidates": {
        "H": [
            "H1",
            "H2",
            "H3",
            "H4",
            "H5"
        ],
        "NH": [
            "NH1",
            "NH2",
            "NH3",
            "NH4",
            "NH5"
        ]
    }
}