{
    "bloc_voter_props": {
        "H": [
            0.47306202974521017,
            0.4019340800859686,
            0.29722504322174265,
            0.3343042203789439,
            0.22147538950321047,
            0.19130968561843364,
            0.30713730455888366,
            0.4701171000718989,
            405529.0,
            616380.0,
            1009134.0,
            453640.0,
            1303386.0,
            884250.0,
            356484.0,
            756213.0
        ],
        "NH": [
            0.5269379702547898,
            0.5980659199140315,
            0.7027749567782573,
            0.6656957796210561,
            0.7785246104967896,
            0.8086903143815664,
            0.6928626954411163,
            0.5298828999281011,
            1450171.0,
            1343016.0,
            923090.0,
            1534738.0,
            703655.0,
            1026141.0,
            1509531.0,
            1249447.0
        ]
    },
    "cohesion_parameters": {
        "H": {
            "H": 0.77,
            "NH": 0.23
        },
        "NH": {
            "H": 0.52,
            "NH": 0.48
        }
    },
    "alphas": {
        "H": {
            "H": 1,
            "NH": 1
        },
        "NH": {
            "H": 1,
            "NH": 1
        }
    },
    "slate_to_candidates": {
        "H": [
            "H1",
            "H2",
            "H3",
            "H4",
            "H5"
        ],
        "NH": [
            "NH1",
            "NH2",
            "NH3",
            "NH4",
            "NH5"
        ]
    }
}