{
    "bloc_voter_props": {
        "H": [
            0.5009573354691881,
            0.23108577337875869,
            0.32744337865889933,
            0.2009654496676581,
            0.3390600747912783,
            0.21203544804771926,
            0.4730734292697591,
            0.2830363546939361,
            865740.0,
            357788.0,
            973992.0,
            1134494.0,
            734863.0,
            451373.0,
            729608.0,
            759135.0
        ],
        "NH": [
            0.4990426645308119,
            0.7689142266212413,
            0.6725566213411007,
            0.7990345503323419,
            0.6609399252087217,
            0.7879645519522808,
            0.5269265707302409,
            0.7169636453060639,
            1118045.0,
            1539734.0,
            996818.0,
            784122.0,
            1247023.0,
            1403739.0,
            1179200.0,
            1172025.0
        ]
    },
    "cohesion_parameters": {
        "H": {
            "H": 0.77,
            "NH": 0.23
        },
        "NH": {
            "H": 0.52,
            "NH": 0.48
        }
    },
    "alphas": {
        "H": {
            "H": 1,
            "NH": 1
        },
        "NH": {
            "H": 1,
            "NH": 1
        }
    },
    "slate_to_candidates": {
        "H": [
            "H1",
            "H2",
            "H3",
            "H4",
            "H5"
        ],
        "NH": [
            "NH1",
            "NH2",
            "NH3",
            "NH4",
            "NH5"
        ]
    }
}