{
    "bloc_voter_props": {
        "H": [
            0.5175778637794818,
            0.18579814467918837,
            0.3756610043462492,
            0.4152053372391537,
            0.45145096290672604,
            0.40725745862071366,
            0.19636297503016514,
            0.20372224468930325,
            717838.0,
            928618.0,
            699852.0,
            723930.0,
            538604.0,
            415040.0,
            601428.0,
            1032846.0
        ],
        "NH": [
            0.48242213622051816,
            0.8142018553208116,
            0.6243389956537507,
            0.5847946627608464,
            0.548549037093274,
            0.5927425413792863,
            0.8036370249698349,
            0.7962777553106968,
            1152682.0,
            997702.0,
            1319979.0,
            1279288.0,
            1336924.0,
            1438093.0,
            1413442.0,
            941550.0
        ]
    },
    "cohesion_parameters": {
        "H": {
            "H": 0.77,
            "NH": 0.23
        },
        "NH": {
            "H": 0.52,
            "NH": 0.48
        }
    },
    "alphas": {
        "H": {
            "H": 1,
            "NH": 1
        },
        "NH": {
            "H": 1,
            "NH": 1
        }
    },
    "slate_to_candidates": {
        "H": [
            "H1",
            "H2",
            "H3",
            "H4",
            "H5"
        ],
        "NH": [
            "NH1",
            "NH2",
            "NH3",
            "NH4",
            "NH5"
        ]
    }
}