{
    "bloc_voter_props": {
        "H": [
            0.30527587138917606,
            0.3222399559074469,
            0.5305721320010547,
            0.5026904311397707,
            0.1904848648589643,
            0.2248536230892578,
            0.283933667194521,
            0.36843612172986756,
            1183747.0,
            1285004.0
        ],
        "NH": [
            0.6947241286108239,
            0.6777600440925531,
            0.46942786799894537,
            0.4973095688602292,
            0.8095151351410357,
            0.7751463769107422,
            0.7160663328054789,
            0.6315638782701324,
            1836149.0,
            1857020.0
        ]
    },
    "cohesion_parameters": {
        "H": {
            "H": 0.77,
            "NH": 0.23
        },
        "NH": {
            "H": 0.52,
            "NH": 0.48
        }
    },
    "alphas": {
        "H": {
            "H": 1,
            "NH": 1
        },
        "NH": {
            "H": 1,
            "NH": 1
        }
    },
    "slate_to_candidates": {
        "H": [
            "H1",
            "H2",
            "H3",
            "H4",
            "H5"
        ],
        "NH": [
            "NH1",
            "NH2",
            "NH3",
            "NH4",
            "NH5"
        ]
    }
}