{
    "bloc_voter_props": {
        "H": [
            0.3970109543210737,
            0.34384016646089643,
            0.44336759147620697,
            0.3990087837968146,
            0.23314084556233644,
            0.5406656877485128,
            0.19427407269935423,
            0.4230147276343768,
            1083052.0,
            722004.0
        ],
        "NH": [
            0.6029890456789263,
            0.6561598335391036,
            0.556632408523793,
            0.6009912162031854,
            0.7668591544376635,
            0.4593343122514873,
            0.8057259273006457,
            0.5769852723656232,
            2040940.0,
            2460631.0
        ]
    },
    "cohesion_parameters": {
        "H": {
            "H": 0.77,
            "NH": 0.23
        },
        "NH": {
            "H": 0.52,
            "NH": 0.48
        }
    },
    "alphas": {
        "H": {
            "H": 1,
            "NH": 1
        },
        "NH": {
            "H": 1,
            "NH": 1
        }
    },
    "slate_to_candidates": {
        "H": [
            "H1",
            "H2",
            "H3",
            "H4",
            "H5"
        ],
        "NH": [
            "NH1",
            "NH2",
            "NH3",
            "NH4",
            "NH5"
        ]
    }
}