{
    "bloc_voter_props": {
        "H": [
            0.4534628391045989,
            0.44704779547296036,
            0.19780899902757004,
            0.5711417706107987,
            0.22774801621338142,
            0.1824350170883893,
            0.2958081147864108,
            0.34063018710444654,
            990175.0,
            1512535.0
        ],
        "NH": [
            0.5465371608954012,
            0.5529522045270396,
            0.80219100097243,
            0.42885822938920126,
            0.7722519837866185,
            0.8175649829116107,
            0.7041918852135892,
            0.6593698128955535,
            1946020.0,
            1624601.0
        ]
    },
    "cohesion_parameters": {
        "H": {
            "H": 0.77,
            "NH": 0.23
        },
        "NH": {
            "H": 0.52,
            "NH": 0.48
        }
    },
    "alphas": {
        "H": {
            "H": 1,
            "NH": 1
        },
        "NH": {
            "H": 1,
            "NH": 1
        }
    },
    "slate_to_candidates": {
        "H": [
            "H1",
            "H2",
            "H3",
            "H4",
            "H5"
        ],
        "NH": [
            "NH1",
            "NH2",
            "NH3",
            "NH4",
            "NH5"
        ]
    }
}