{
    "bloc_voter_props": {
        "H": [
            0.22211549122736032,
            0.3740343345503977,
            0.5006388109166793,
            0.339618510493167,
            0.20045860940149274,
            0.1870866763034754,
            0.40310762602396366,
            0.3275375180914985,
            365657.0,
            936731.0,
            1143167.0,
            565234.0,
            601938.0,
            930850.0,
            814728.0,
            632249.0
        ],
        "NH": [
            0.7778845087726397,
            0.6259656654496023,
            0.4993611890833207,
            0.660381489506833,
            0.7995413905985073,
            0.8129133236965246,
            0.5968923739760363,
            0.6724624819085016,
            1552468.0,
            955069.0,
            704679.0,
            1329911.0,
            1406711.0,
            903616.0,
            1206933.0,
            1325820.0
        ]
    },
    "cohesion_parameters": {
        "H": {
            "H": 0.77,
            "NH": 0.23
        },
        "NH": {
            "H": 0.52,
            "NH": 0.48
        }
    },
    "alphas": {
        "H": {
            "H": 1,
            "NH": 1
        },
        "NH": {
            "H": 1,
            "NH": 1
        }
    },
    "slate_to_candidates": {
        "H": [
            "H1",
            "H2",
            "H3",
            "H4",
            "H5"
        ],
        "NH": [
            "NH1",
            "NH2",
            "NH3",
            "NH4",
            "NH5"
        ]
    }
}