{
    "bloc_voter_props": {
        "H": [
            0.3280530757660402,
            0.2482587663786388,
            0.3563828851145207,
            0.4745064032002577,
            0.19308790957416896,
            0.29286987295039124,
            0.22901651005447052,
            0.20262013073404053,
            1051680.0,
            583069.0,
            1234334.0,
            464514.0,
            732241.0,
            936878.0,
            856247.0,
            679138.0
        ],
        "NH": [
            0.6719469242339599,
            0.7517412336213612,
            0.6436171148854792,
            0.5254935967997423,
            0.806912090425831,
            0.7071301270496088,
            0.7709834899455295,
            0.7973798692659595,
            968727.0,
            1370769.0,
            661823.0,
            1508661.0,
            1256691.0,
            977439.0,
            1165886.0,
            1254475.0
        ]
    },
    "cohesion_parameters": {
        "H": {
            "H": 0.77,
            "NH": 0.23
        },
        "NH": {
            "H": 0.52,
            "NH": 0.48
        }
    },
    "alphas": {
        "H": {
            "H": 1,
            "NH": 1
        },
        "NH": {
            "H": 1,
            "NH": 1
        }
    },
    "slate_to_candidates": {
        "H": [
            "H1",
            "H2",
            "H3",
            "H4",
            "H5"
        ],
        "NH": [
            "NH1",
            "NH2",
            "NH3",
            "NH4",
            "NH5"
        ]
    }
}