{
    "bloc_voter_props": {
        "H": [
            0.3962514273359324,
            0.40840496363786655,
            0.44426722613637326,
            0.30591493680315013,
            0.2262416314164068,
            0.4945353970723564,
            0.19407277013302585,
            0.37631409906874447,
            1478328.0,
            693620.0
        ],
        "NH": [
            0.6037485726640677,
            0.5915950363621335,
            0.5557327738636267,
            0.6940850631968498,
            0.7737583685835933,
            0.5054646029276436,
            0.8059272298669742,
            0.6236859009312555,
            1683314.0,
            2476257.0
        ]
    },
    "cohesion_parameters": {
        "H": {
            "H": 0.77,
            "NH": 0.23
        },
        "NH": {
            "H": 0.52,
            "NH": 0.48
        }
    },
    "alphas": {
        "H": {
            "H": 1,
            "NH": 1
        },
        "NH": {
            "H": 1,
            "NH": 1
        }
    },
    "slate_to_candidates": {
        "H": [
            "H1",
            "H2",
            "H3",
            "H4",
            "H5"
        ],
        "NH": [
            "NH1",
            "NH2",
            "NH3",
            "NH4",
            "NH5"
        ]
    }
}