{
    "bloc_voter_props": {
        "H": [
            0.362836596795533,
            0.24725428427419355,
            0.5437494443793829,
            0.31008902819977324,
            0.42234489229019534,
            0.18657387074573517,
            0.4135247106688959,
            0.4973533620344861,
            1082060.0,
            706394.0
        ],
        "NH": [
            0.6371634032044671,
            0.7527457157258064,
            0.45625055562061717,
            0.6899109718002268,
            0.5776551077098047,
            0.8134261292542648,
            0.586475289331104,
            0.5026466379655139,
            2112221.0,
            2476223.0
        ]
    },
    "cohesion_parameters": {
        "H": {
            "H": 0.77,
            "NH": 0.23
        },
        "NH": {
            "H": 0.52,
            "NH": 0.48
        }
    },
    "alphas": {
        "H": {
            "H": 1,
            "NH": 1
        },
        "NH": {
            "H": 1,
            "NH": 1
        }
    },
    "slate_to_candidates": {
        "H": [
            "H1",
            "H2",
            "H3",
            "H4",
            "H5"
        ],
        "NH": [
            "NH1",
            "NH2",
            "NH3",
            "NH4",
            "NH5"
        ]
    }
}