{
    "bloc_voter_props": {
        "H": [
            0.41800339667512865,
            0.23377648381189578,
            0.6571016461699478,
            0.45811816889023094,
            0.16665916039637202,
            0.19637130008492032,
            0.4169600814913149,
            0.3334172493164451,
            686907.0,
            428947.0,
            448891.0,
            543011.0,
            636218.0,
            879548.0,
            724681.0,
            962892.0
        ],
        "NH": [
            0.5819966033248714,
            0.7662235161881042,
            0.3428983538300522,
            0.5418818311097691,
            0.833340839603628,
            0.8036286999150797,
            0.5830399185086851,
            0.6665827506835549,
            1190569.0,
            1556519.0,
            1417884.0,
            1378157.0,
            1215179.0,
            1003085.0,
            1272109.0,
            915371.0
        ]
    },
    "cohesion_parameters": {
        "H": {
            "H": 0.77,
            "NH": 0.23
        },
        "NH": {
            "H": 0.52,
            "NH": 0.48
        }
    },
    "alphas": {
        "H": {
            "H": 1,
            "NH": 1
        },
        "NH": {
            "H": 1,
            "NH": 1
        }
    },
    "slate_to_candidates": {
        "H": [
            "H1",
            "H2",
            "H3",
            "H4",
            "H5"
        ],
        "NH": [
            "NH1",
            "NH2",
            "NH3",
            "NH4",
            "NH5"
        ]
    }
}