{
    "bloc_voter_props": {
        "H": [
            0.5168525018321618,
            0.34740443082798017,
            0.46152762679115017,
            0.4322961769521498,
            0.1932586782922489,
            0.30602217549111616,
            0.1974488812683538,
            0.36035637398559134,
            1578890.0,
            758590.0
        ],
        "NH": [
            0.4831474981678382,
            0.6525955691720199,
            0.5384723732088499,
            0.5677038230478502,
            0.8067413217077511,
            0.6939778245088838,
            0.8025511187316462,
            0.6396436260144086,
            1634794.0,
            2227885.0
        ]
    },
    "cohesion_parameters": {
        "H": {
            "H": 0.77,
            "NH": 0.23
        },
        "NH": {
            "H": 0.52,
            "NH": 0.48
        }
    },
    "alphas": {
        "H": {
            "H": 1,
            "NH": 1
        },
        "NH": {
            "H": 1,
            "NH": 1
        }
    },
    "slate_to_candidates": {
        "H": [
            "H1",
            "H2",
            "H3",
            "H4",
            "H5"
        ],
        "NH": [
            "NH1",
            "NH2",
            "NH3",
            "NH4",
            "NH5"
        ]
    }
}