{
    "bloc_voter_props": {
        "H": [
            0.37896796070077815,
            0.38212235317000126,
            0.5154330206493788,
            0.20245812721449366,
            0.40097863668113215,
            0.23431412201217952,
            0.4795638483322663,
            0.41329146755314394,
            955730.0,
            681565.0
        ],
        "NH": [
            0.6210320392992218,
            0.6178776468299987,
            0.4845669793506212,
            0.7975418727855064,
            0.5990213633188679,
            0.7656858779878205,
            0.5204361516677337,
            0.5867085324468561,
            2097164.0,
            2453108.0
        ]
    },
    "cohesion_parameters": {
        "H": {
            "H": 0.77,
            "NH": 0.23
        },
        "NH": {
            "H": 0.52,
            "NH": 0.48
        }
    },
    "alphas": {
        "H": {
            "H": 1,
            "NH": 1
        },
        "NH": {
            "H": 1,
            "NH": 1
        }
    },
    "slate_to_candidates": {
        "H": [
            "H1",
            "H2",
            "H3",
            "H4",
            "H5"
        ],
        "NH": [
            "NH1",
            "NH2",
            "NH3",
            "NH4",
            "NH5"
        ]
    }
}