{
    "bloc_voter_props": {
        "H": [
            0.18545320189578612,
            0.4652344113590401,
            0.6543308989694014,
            0.4573557115084169,
            0.23645457688454385,
            0.3496489079678648,
            0.45617557621485183,
            0.2740661096285377,
            437495.0,
            879856.0,
            660893.0,
            460022.0,
            575456.0,
            781064.0,
            368772.0,
            906030.0
        ],
        "NH": [
            0.8145467981042139,
            0.5347655886409599,
            0.3456691010305985,
            0.5426442884915831,
            0.7635454231154561,
            0.6503510920321353,
            0.5438244237851482,
            0.7259338903714623,
            1481915.0,
            1131819.0,
            1359560.0,
            1403748.0,
            1343134.0,
            1227999.0,
            1576067.0,
            959709.0
        ]
    },
    "cohesion_parameters": {
        "H": {
            "H": 0.77,
            "NH": 0.23
        },
        "NH": {
            "H": 0.52,
            "NH": 0.48
        }
    },
    "alphas": {
        "H": {
            "H": 1,
            "NH": 1
        },
        "NH": {
            "H": 1,
            "NH": 1
        }
    },
    "slate_to_candidates": {
        "H": [
            "H1",
            "H2",
            "H3",
            "H4",
            "H5"
        ],
        "NH": [
            "NH1",
            "NH2",
            "NH3",
            "NH4",
            "NH5"
        ]
    }
}