{
    "bloc_voter_props": {
        "H": [
            0.3214615677438604,
            0.22439945498323263,
            0.2924045633102205,
            0.2048315358884476,
            0.4703266394371972,
            0.21203544804771926,
            0.3465433398506041,
            0.3513054405113917,
            508172.0,
            357788.0,
            974978.0,
            751447.0,
            602268.0,
            850849.0,
            1179404.0,
            1067653.0
        ],
        "NH": [
            0.6785384322561396,
            0.7756005450167673,
            0.7075954366897794,
            0.7951684641115524,
            0.5296733605628028,
            0.7879645519522808,
            0.6534566601493959,
            0.6486945594886083,
            1418984.0,
            1539734.0,
            905343.0,
            1255467.0,
            1258783.0,
            1036852.0,
            799631.0,
            954156.0
        ]
    },
    "cohesion_parameters": {
        "H": {
            "H": 0.77,
            "NH": 0.23
        },
        "NH": {
            "H": 0.52,
            "NH": 0.48
        }
    },
    "alphas": {
        "H": {
            "H": 1,
            "NH": 1
        },
        "NH": {
            "H": 1,
            "NH": 1
        }
    },
    "slate_to_candidates": {
        "H": [
            "H1",
            "H2",
            "H3",
            "H4",
            "H5"
        ],
        "NH": [
            "NH1",
            "NH2",
            "NH3",
            "NH4",
            "NH5"
        ]
    }
}