{
    "bloc_voter_props": {
        "H": [
            0.4498307534710351,
            0.22346121525419216,
            0.5662930618059822,
            0.1852765288751146,
            0.24538440869243947,
            0.34898540642567405,
            0.3406613177653732,
            0.3227345906163753,
            1261757.0,
            1416922.0
        ],
        "NH": [
            0.5501692465289649,
            0.7765387847458078,
            0.4337069381940178,
            0.8147234711248854,
            0.7546155913075605,
            0.6510145935743259,
            0.6593386822346268,
            0.6772654093836247,
            1723400.0,
            1804253.0
        ]
    },
    "cohesion_parameters": {
        "H": {
            "H": 0.77,
            "NH": 0.23
        },
        "NH": {
            "H": 0.52,
            "NH": 0.48
        }
    },
    "alphas": {
        "H": {
            "H": 1,
            "NH": 1
        },
        "NH": {
            "H": 1,
            "NH": 1
        }
    },
    "slate_to_candidates": {
        "H": [
            "H1",
            "H2",
            "H3",
            "H4",
            "H5"
        ],
        "NH": [
            "NH1",
            "NH2",
            "NH3",
            "NH4",
            "NH5"
        ]
    }
}