{
    "bloc_voter_props": {
        "H": [
            0.30923318511970443,
            0.43559971736553077,
            0.4002353781083963,
            0.19550398233049995,
            0.5022595062040595,
            0.434993653330826,
            0.5234311754638559,
            0.1834386738519198,
            955193.0,
            849988.0
        ],
        "NH": [
            0.6907668148802956,
            0.5644002826344693,
            0.5997646218916037,
            0.8044960176695001,
            0.49774049379594054,
            0.565006346669174,
            0.4765688245361441,
            0.8165613261480802,
            2092953.0,
            2350755.0
        ]
    },
    "cohesion_parameters": {
        "H": {
            "H": 0.77,
            "NH": 0.23
        },
        "NH": {
            "H": 0.52,
            "NH": 0.48
        }
    },
    "alphas": {
        "H": {
            "H": 1,
            "NH": 1
        },
        "NH": {
            "H": 1,
            "NH": 1
        }
    },
    "slate_to_candidates": {
        "H": [
            "H1",
            "H2",
            "H3",
            "H4",
            "H5"
        ],
        "NH": [
            "NH1",
            "NH2",
            "NH3",
            "NH4",
            "NH5"
        ]
    }
}