{
    "bloc_voter_props": {
        "H": [
            0.39859964982762836,
            0.48461452298925617,
            0.2502183618314733,
            0.4253012094278121,
            0.21044536040359232,
            0.3715151399469366,
            0.17907310667049564,
            0.43397804179895255,
            1054787.0,
            1369134.0
        ],
        "NH": [
            0.6014003501723717,
            0.5153854770107438,
            0.7497816381685267,
            0.574698790572188,
            0.7895546395964077,
            0.6284848600530634,
            0.8209268933295043,
            0.5660219582010474,
            2081358.0,
            1608003.0
        ]
    },
    "cohesion_parameters": {
        "H": {
            "H": 0.77,
            "NH": 0.23
        },
        "NH": {
            "H": 0.52,
            "NH": 0.48
        }
    },
    "alphas": {
        "H": {
            "H": 1,
            "NH": 1
        },
        "NH": {
            "H": 1,
            "NH": 1
        }
    },
    "slate_to_candidates": {
        "H": [
            "H1",
            "H2",
            "H3",
            "H4",
            "H5"
        ],
        "NH": [
            "NH1",
            "NH2",
            "NH3",
            "NH4",
            "NH5"
        ]
    }
}