{
    "bloc_voter_props": {
        "H": [
            0.4062477724350162,
            0.4846178048237705,
            0.20961864880602424,
            0.3618186663838113,
            0.2588479295977519,
            0.42942349370404787,
            0.1757559131766496,
            0.43397804179895255,
            1054787.0,
            1369134.0
        ],
        "NH": [
            0.5937522275649838,
            0.5153821951762295,
            0.7903813511939758,
            0.6381813336161887,
            0.7411520704022482,
            0.5705765062959521,
            0.8242440868233504,
            0.5660219582010474,
            2081358.0,
            1608003.0
        ]
    },
    "cohesion_parameters": {
        "H": {
            "H": 0.77,
            "NH": 0.23
        },
        "NH": {
            "H": 0.52,
            "NH": 0.48
        }
    },
    "alphas": {
        "H": {
            "H": 1,
            "NH": 1
        },
        "NH": {
            "H": 1,
            "NH": 1
        }
    },
    "slate_to_candidates": {
        "H": [
            "H1",
            "H2",
            "H3",
            "H4",
            "H5"
        ],
        "NH": [
            "NH1",
            "NH2",
            "NH3",
            "NH4",
            "NH5"
        ]
    }
}