{
    "bloc_voter_props": {
        "H": [
            0.47216297586812844,
            0.2258667578130805,
            0.36339068439563577,
            0.18227952088191648,
            0.45393524924704015,
            0.19967388578544126,
            0.29888576537936534,
            0.35646995539603277,
            1035569.0,
            464425.0,
            759583.0,
            761431.0,
            608964.0,
            350180.0,
            1120675.0,
            920082.0
        ],
        "NH": [
            0.5278370241318716,
            0.7741332421869195,
            0.6366093156043643,
            0.8177204791180835,
            0.5460647507529599,
            0.8003261142145587,
            0.7011142346206347,
            0.6435300446039672,
            974868.0,
            1418604.0,
            1091026.0,
            1252028.0,
            1405608.0,
            1481072.0,
            717037.0,
            1094470.0
        ]
    },
    "cohesion_parameters": {
        "H": {
            "H": 0.77,
            "NH": 0.23
        },
        "NH": {
            "H": 0.52,
            "NH": 0.48
        }
    },
    "alphas": {
        "H": {
            "H": 1,
            "NH": 1
        },
        "NH": {
            "H": 1,
            "NH": 1
        }
    },
    "slate_to_candidates": {
        "H": [
            "H1",
            "H2",
            "H3",
            "H4",
            "H5"
        ],
        "NH": [
            "NH1",
            "NH2",
            "NH3",
            "NH4",
            "NH5"
        ]
    }
}