{
    "bloc_voter_props": {
        "H": [
            0.5168525018321618,
            0.5070161543557368,
            0.46152762679115017,
            0.29168964326374053,
            0.19925253731106107,
            0.30602217549111616,
            0.1974488812683538,
            0.4206007348051726,
            1333220.0,
            780529.0
        ],
        "NH": [
            0.4831474981678382,
            0.49298384564426323,
            0.5384723732088499,
            0.7083103567362595,
            0.8007474626889389,
            0.6939778245088838,
            0.8025511187316462,
            0.5793992651948274,
            1819346.0,
            2413151.0
        ]
    },
    "cohesion_parameters": {
        "H": {
            "H": 0.77,
            "NH": 0.23
        },
        "NH": {
            "H": 0.52,
            "NH": 0.48
        }
    },
    "alphas": {
        "H": {
            "H": 1,
            "NH": 1
        },
        "NH": {
            "H": 1,
            "NH": 1
        }
    },
    "slate_to_candidates": {
        "H": [
            "H1",
            "H2",
            "H3",
            "H4",
            "H5"
        ],
        "NH": [
            "NH1",
            "NH2",
            "NH3",
            "NH4",
            "NH5"
        ]
    }
}