{
    "bloc_voter_props": {
        "H": [
            0.18785568503522285,
            0.4234119038086867,
            0.24901032212926721,
            0.5408366062330668,
            0.4504047635111661,
            0.18842386132162864,
            0.3415403730821918,
            0.48341406759921673,
            990175.0,
            1087219.0
        ],
        "NH": [
            0.8121443149647771,
            0.5765880961913133,
            0.7509896778707328,
            0.4591633937669331,
            0.5495952364888339,
            0.8115761386783714,
            0.6584596269178081,
            0.5165859324007832,
            1946020.0,
            2111427.0
        ]
    },
    "cohesion_parameters": {
        "H": {
            "H": 0.77,
            "NH": 0.23
        },
        "NH": {
            "H": 0.52,
            "NH": 0.48
        }
    },
    "alphas": {
        "H": {
            "H": 1,
            "NH": 1
        },
        "NH": {
            "H": 1,
            "NH": 1
        }
    },
    "slate_to_candidates": {
        "H": [
            "H1",
            "H2",
            "H3",
            "H4",
            "H5"
        ],
        "NH": [
            "NH1",
            "NH2",
            "NH3",
            "NH4",
            "NH5"
        ]
    }
}