{
    "bloc_voter_props": {
        "H": [
            0.3543013257041544,
            0.4392949455154117,
            0.33422498850477567,
            0.3083775987731317,
            0.21393679052430886,
            0.4980994647512524,
            0.29078832975136143,
            0.4166039343516459,
            1381777.0,
            811576.0
        ],
        "NH": [
            0.6456986742958456,
            0.5607050544845883,
            0.6657750114952243,
            0.6916224012268684,
            0.7860632094756911,
            0.5019005352487476,
            0.7092116702486385,
            0.5833960656483541,
            1764289.0,
            2424953.0
        ]
    },
    "cohesion_parameters": {
        "H": {
            "H": 0.77,
            "NH": 0.23
        },
        "NH": {
            "H": 0.52,
            "NH": 0.48
        }
    },
    "alphas": {
        "H": {
            "H": 1,
            "NH": 1
        },
        "NH": {
            "H": 1,
            "NH": 1
        }
    },
    "slate_to_candidates": {
        "H": [
            "H1",
            "H2",
            "H3",
            "H4",
            "H5"
        ],
        "NH": [
            "NH1",
            "NH2",
            "NH3",
            "NH4",
            "NH5"
        ]
    }
}