{
    "bloc_voter_props": {
        "H": [
            0.47306202974521017,
            0.4019340800859686,
            0.29722504322174265,
            0.3343042203789439,
            0.22147538950321047,
            0.22618244077506874,
            0.33291489361702126,
            0.4701171000718989,
            333299.0,
            616380.0,
            1009134.0,
            453640.0,
            1303386.0,
            894088.0,
            356484.0,
            657753.0
        ],
        "NH": [
            0.5269379702547898,
            0.5980659199140315,
            0.7027749567782573,
            0.6656957796210561,
            0.7785246104967896,
            0.7738175592249312,
            0.6670851063829787,
            0.5298828999281011,
            1510238.0,
            1343016.0,
            923090.0,
            1534738.0,
            703655.0,
            1059583.0,
            1509531.0,
            1181760.0
        ]
    },
    "cohesion_parameters": {
        "H": {
            "H": 0.77,
            "NH": 0.23
        },
        "NH": {
            "H": 0.52,
            "NH": 0.48
        }
    },
    "alphas": {
        "H": {
            "H": 1,
            "NH": 1
        },
        "NH": {
            "H": 1,
            "NH": 1
        }
    },
    "slate_to_candidates": {
        "H": [
            "H1",
            "H2",
            "H3",
            "H4",
            "H5"
        ],
        "NH": [
            "NH1",
            "NH2",
            "NH3",
            "NH4",
            "NH5"
        ]
    }
}