{
    "bloc_voter_props": {
        "H": [
            0.3927838112814065,
            0.2164293161300956,
            0.3265516899593617,
            0.4858779961081751,
            0.38040745822875477,
            0.49564971702201327,
            0.3571368970634689,
            0.1593990299809449,
            597555.0,
            478617.0,
            914655.0,
            640349.0,
            1236893.0,
            343118.0,
            584391.0,
            709914.0
        ],
        "NH": [
            0.6072161887185935,
            0.7835706838699044,
            0.6734483100406383,
            0.5141220038918248,
            0.6195925417712452,
            0.5043502829779867,
            0.6428631029365312,
            0.8406009700190551,
            1288384.0,
            1475018.0,
            1035535.0,
            1330270.0,
            768071.0,
            1559150.0,
            1296764.0,
            1163519.0
        ]
    },
    "cohesion_parameters": {
        "H": {
            "H": 0.77,
            "NH": 0.23
        },
        "NH": {
            "H": 0.52,
            "NH": 0.48
        }
    },
    "alphas": {
        "H": {
            "H": 1,
            "NH": 1
        },
        "NH": {
            "H": 1,
            "NH": 1
        }
    },
    "slate_to_candidates": {
        "H": [
            "H1",
            "H2",
            "H3",
            "H4",
            "H5"
        ],
        "NH": [
            "NH1",
            "NH2",
            "NH3",
            "NH4",
            "NH5"
        ]
    }
}