{
    "bloc_voter_props": {
        "H": [
            0.3927838112814065,
            0.2164293161300956,
            0.3265516899593617,
            0.473506829624724,
            0.38068092545559773,
            0.4083038491371202,
            0.40508903115329786,
            0.16708905451945028,
            640776.0,
            480976.0,
            878981.0,
            602589.0,
            671044.0,
            344166.0,
            1150240.0,
            773780.0
        ],
        "NH": [
            0.6072161887185935,
            0.7835706838699044,
            0.6734483100406383,
            0.526493170375276,
            0.6193190745444023,
            0.5916961508628799,
            0.5949109688467021,
            0.8329109454805497,
            1355801.0,
            1522057.0,
            974831.0,
            1227882.0,
            1339767.0,
            1519106.0,
            725068.0,
            1062083.0
        ]
    },
    "cohesion_parameters": {
        "H": {
            "H": 0.77,
            "NH": 0.23
        },
        "NH": {
            "H": 0.52,
            "NH": 0.48
        }
    },
    "alphas": {
        "H": {
            "H": 1,
            "NH": 1
        },
        "NH": {
            "H": 1,
            "NH": 1
        }
    },
    "slate_to_candidates": {
        "H": [
            "H1",
            "H2",
            "H3",
            "H4",
            "H5"
        ],
        "NH": [
            "NH1",
            "NH2",
            "NH3",
            "NH4",
            "NH5"
        ]
    }
}