{
    "bloc_voter_props": {
        "H": [
            0.30527587138917606,
            0.43943863895188967,
            0.5274767849166608,
            0.37086967264568,
            0.22575497918059434,
            0.2479276207901695,
            0.36864901118329085,
            0.2331662890423348,
            890535.0,
            1612739.0
        ],
        "NH": [
            0.6947241286108239,
            0.5605613610481104,
            0.4725232150833392,
            0.62913032735432,
            0.7742450208194056,
            0.7520723792098305,
            0.6313509888167091,
            0.7668337109576652,
            2061845.0,
            1562620.0
        ]
    },
    "cohesion_parameters": {
        "H": {
            "H": 0.77,
            "NH": 0.23
        },
        "NH": {
            "H": 0.52,
            "NH": 0.48
        }
    },
    "alphas": {
        "H": {
            "H": 1,
            "NH": 1
        },
        "NH": {
            "H": 1,
            "NH": 1
        }
    },
    "slate_to_candidates": {
        "H": [
            "H1",
            "H2",
            "H3",
            "H4",
            "H5"
        ],
        "NH": [
            "NH1",
            "NH2",
            "NH3",
            "NH4",
            "NH5"
        ]
    }
}