{
    "bloc_voter_props": {
        "H": [
            0.5001190023842232,
            0.2010065837074016,
            0.36339068439563577,
            0.18227952088191648,
            0.4571120073676522,
            0.22605577027528198,
            0.29888576537936534,
            0.35646995539603277,
            1035569.0,
            464425.0,
            759583.0,
            761431.0,
            608964.0,
            445554.0,
            1072554.0,
            851278.0
        ],
        "NH": [
            0.4998809976157768,
            0.7989934162925983,
            0.6366093156043643,
            0.8177204791180835,
            0.5428879926323478,
            0.773944229724718,
            0.7011142346206347,
            0.6435300446039672,
            974868.0,
            1418604.0,
            1091026.0,
            1252028.0,
            1405608.0,
            1570771.0,
            776681.0,
            1074843.0
        ]
    },
    "cohesion_parameters": {
        "H": {
            "H": 0.77,
            "NH": 0.23
        },
        "NH": {
            "H": 0.52,
            "NH": 0.48
        }
    },
    "alphas": {
        "H": {
            "H": 1,
            "NH": 1
        },
        "NH": {
            "H": 1,
            "NH": 1
        }
    },
    "slate_to_candidates": {
        "H": [
            "H1",
            "H2",
            "H3",
            "H4",
            "H5"
        ],
        "NH": [
            "NH1",
            "NH2",
            "NH3",
            "NH4",
            "NH5"
        ]
    }
}