{
    "bloc_voter_props": {
        "H": [
            0.4846470001058697,
            0.46912814846304884,
            0.20594387372881698,
            0.4627359450576574,
            0.4671430824959292,
            0.3389164235950504,
            0.21298176605671382,
            0.3990580833846869,
            913332.0,
            608013.0
        ],
        "NH": [
            0.5153529998941303,
            0.5308718515369512,
            0.794056126271183,
            0.5372640549423426,
            0.5328569175040708,
            0.6610835764049496,
            0.7870182339432862,
            0.6009419166153132,
            2140478.0,
            2342055.0
        ]
    },
    "cohesion_parameters": {
        "H": {
            "H": 0.77,
            "NH": 0.23
        },
        "NH": {
            "H": 0.52,
            "NH": 0.48
        }
    },
    "alphas": {
        "H": {
            "H": 1,
            "NH": 1
        },
        "NH": {
            "H": 1,
            "NH": 1
        }
    },
    "slate_to_candidates": {
        "H": [
            "H1",
            "H2",
            "H3",
            "H4",
            "H5"
        ],
        "NH": [
            "NH1",
            "NH2",
            "NH3",
            "NH4",
            "NH5"
        ]
    }
}