{
    "bloc_voter_props": {
        "H": [
            0.5735568334760798,
            0.33243744193224667,
            0.2186756615407779,
            0.3693381478708882,
            0.20106290801246668,
            0.21790792832525868,
            0.4228101741690114,
            0.4213133016294981,
            1609914.0,
            804946.0
        ],
        "NH": [
            0.4264431665239202,
            0.6675625580677533,
            0.7813243384592221,
            0.6306618521291119,
            0.7989370919875334,
            0.7820920716747413,
            0.5771898258309887,
            0.5786866983705019,
            1530710.0,
            2186007.0
        ]
    },
    "cohesion_parameters": {
        "H": {
            "H": 0.77,
            "NH": 0.23
        },
        "NH": {
            "H": 0.52,
            "NH": 0.48
        }
    },
    "alphas": {
        "H": {
            "H": 1,
            "NH": 1
        },
        "NH": {
            "H": 1,
            "NH": 1
        }
    },
    "slate_to_candidates": {
        "H": [
            "H1",
            "H2",
            "H3",
            "H4",
            "H5"
        ],
        "NH": [
            "NH1",
            "NH2",
            "NH3",
            "NH4",
            "NH5"
        ]
    }
}