{
    "bloc_voter_props": {
        "H": [
            0.5060946468693336,
            0.4945290678351443,
            0.3836467643420878,
            0.4211572927461057,
            0.3963289486347868,
            0.1865340052115507,
            0.38031433275520177,
            0.19805311099782674,
            955193.0,
            811002.0
        ],
        "NH": [
            0.49390535313066647,
            0.5054709321648557,
            0.6163532356579122,
            0.5788427072538943,
            0.6036710513652133,
            0.8134659947884493,
            0.6196856672447982,
            0.8019468890021733,
            2092953.0,
            2247594.0
        ]
    },
    "cohesion_parameters": {
        "H": {
            "H": 0.77,
            "NH": 0.23
        },
        "NH": {
            "H": 0.52,
            "NH": 0.48
        }
    },
    "alphas": {
        "H": {
            "H": 1,
            "NH": 1
        },
        "NH": {
            "H": 1,
            "NH": 1
        }
    },
    "slate_to_candidates": {
        "H": [
            "H1",
            "H2",
            "H3",
            "H4",
            "H5"
        ],
        "NH": [
            "NH1",
            "NH2",
            "NH3",
            "NH4",
            "NH5"
        ]
    }
}