{
    "bloc_voter_props": {
        "H": [
            0.18515057032143262,
            0.3251169291628866,
            0.24560179035695823,
            0.3862870844475858,
            0.1895281595422922,
            0.4527425939324099,
            0.4697497178543912,
            0.5017718945799468,
            1487208.0,
            958257.0
        ],
        "NH": [
            0.8148494296785674,
            0.6748830708371134,
            0.7543982096430418,
            0.6137129155524143,
            0.8104718404577078,
            0.5472574060675901,
            0.5302502821456089,
            0.4982281054200533,
            1747020.0,
            2063437.0
        ]
    },
    "cohesion_parameters": {
        "H": {
            "H": 0.77,
            "NH": 0.23
        },
        "NH": {
            "H": 0.52,
            "NH": 0.48
        }
    },
    "alphas": {
        "H": {
            "H": 1,
            "NH": 1
        },
        "NH": {
            "H": 1,
            "NH": 1
        }
    },
    "slate_to_candidates": {
        "H": [
            "H1",
            "H2",
            "H3",
            "H4",
            "H5"
        ],
        "NH": [
            "NH1",
            "NH2",
            "NH3",
            "NH4",
            "NH5"
        ]
    }
}