{
    "bloc_voter_props": {
        "H": [
            0.49647809097503637,
            0.1946633720444774,
            0.5555116928571066,
            0.29900748694094637,
            0.22679358970948246,
            0.19768456854484712,
            0.3398675517714884,
            0.2662358737101639,
            799546.0,
            413340.0,
            513321.0,
            828567.0,
            958013.0,
            803579.0,
            612629.0,
            954273.0
        ],
        "NH": [
            0.5035219090249636,
            0.8053366279555226,
            0.4444883071428935,
            0.7009925130590536,
            0.7732064102905175,
            0.8023154314551529,
            0.6601324482285116,
            0.7337641262898361,
            1064414.0,
            1468337.0,
            1370227.0,
            1049297.0,
            974767.0,
            1072883.0,
            1236819.0,
            1057549.0
        ]
    },
    "cohesion_parameters": {
        "H": {
            "H": 0.77,
            "NH": 0.23
        },
        "NH": {
            "H": 0.52,
            "NH": 0.48
        }
    },
    "alphas": {
        "H": {
            "H": 1,
            "NH": 1
        },
        "NH": {
            "H": 1,
            "NH": 1
        }
    },
    "slate_to_candidates": {
        "H": [
            "H1",
            "H2",
            "H3",
            "H4",
            "H5"
        ],
        "NH": [
            "NH1",
            "NH2",
            "NH3",
            "NH4",
            "NH5"
        ]
    }
}