{
    "bloc_voter_props": {
        "H": [
            0.39919361717553836,
            0.525321150964302,
            0.30074734734467434,
            0.4977953859368515,
            0.21324911733687926,
            0.19160969786240772,
            0.6261872154123835,
            0.18803840953034892,
            452976.0,
            936770.0,
            507414.0,
            738181.0,
            638474.0,
            639366.0,
            517693.0,
            822463.0
        ],
        "NH": [
            0.6008063828244616,
            0.47467884903569807,
            0.6992526526553257,
            0.5022046140631485,
            0.7867508826631208,
            0.8083903021375923,
            0.37381278458761646,
            0.8119615904696511,
            1504614.0,
            998013.0,
            1514010.0,
            1206069.0,
            1229684.0,
            1297837.0,
            1352404.0,
            1016889.0
        ]
    },
    "cohesion_parameters": {
        "H": {
            "H": 0.77,
            "NH": 0.23
        },
        "NH": {
            "H": 0.52,
            "NH": 0.48
        }
    },
    "alphas": {
        "H": {
            "H": 1,
            "NH": 1
        },
        "NH": {
            "H": 1,
            "NH": 1
        }
    },
    "slate_to_candidates": {
        "H": [
            "H1",
            "H2",
            "H3",
            "H4",
            "H5"
        ],
        "NH": [
            "NH1",
            "NH2",
            "NH3",
            "NH4",
            "NH5"
        ]
    }
}