{
    "bloc_voter_props": {
        "H": [
            0.3812344291538762,
            0.4946039359998286,
            0.1986535963151057,
            0.42636940061736933,
            0.19882139491984396,
            0.38083301791207874,
            0.48386309275008327,
            0.3773267752694454,
            996947.0,
            816377.0
        ],
        "NH": [
            0.6187655708461238,
            0.5053960640001715,
            0.8013464036848943,
            0.5736305993826306,
            0.801178605080156,
            0.6191669820879212,
            0.5161369072499168,
            0.6226732247305546,
            1938179.0,
            2211514.0
        ]
    },
    "cohesion_parameters": {
        "H": {
            "H": 0.77,
            "NH": 0.23
        },
        "NH": {
            "H": 0.52,
            "NH": 0.48
        }
    },
    "alphas": {
        "H": {
            "H": 1,
            "NH": 1
        },
        "NH": {
            "H": 1,
            "NH": 1
        }
    },
    "slate_to_candidates": {
        "H": [
            "H1",
            "H2",
            "H3",
            "H4",
            "H5"
        ],
        "NH": [
            "NH1",
            "NH2",
            "NH3",
            "NH4",
            "NH5"
        ]
    }
}