{
    "bloc_voter_props": {
        "H": [
            0.31854958083072327,
            0.48047010802111983,
            0.3379549146640605,
            0.3083775987731317,
            0.21333821779760168,
            0.4980994647512524,
            0.29078832975136143,
            0.4166039343516459,
            1381777.0,
            811576.0
        ],
        "NH": [
            0.6814504191692767,
            0.5195298919788801,
            0.6620450853359394,
            0.6916224012268684,
            0.7866617822023984,
            0.5019005352487476,
            0.7092116702486385,
            0.5833960656483541,
            1764289.0,
            2424953.0
        ]
    },
    "cohesion_parameters": {
        "H": {
            "H": 0.77,
            "NH": 0.23
        },
        "NH": {
            "H": 0.52,
            "NH": 0.48
        }
    },
    "alphas": {
        "H": {
            "H": 1,
            "NH": 1
        },
        "NH": {
            "H": 1,
            "NH": 1
        }
    },
    "slate_to_candidates": {
        "H": [
            "H1",
            "H2",
            "H3",
            "H4",
            "H5"
        ],
        "NH": [
            "NH1",
            "NH2",
            "NH3",
            "NH4",
            "NH5"
        ]
    }
}