{
    "bloc_voter_props": {
        "H": [
            0.39184691327956067,
            0.26790907063046254,
            0.2924045633102205,
            0.2009654496676581,
            0.39967626499264586,
            0.21203544804771926,
            0.4730734292697591,
            0.2830363546939361,
            432567.0,
            357788.0,
            1169345.0,
            751447.0,
            594201.0,
            808372.0,
            985037.0,
            1067653.0
        ],
        "NH": [
            0.6081530867204393,
            0.7320909293695375,
            0.7075954366897794,
            0.7990345503323419,
            0.6003237350073541,
            0.7879645519522808,
            0.5269265707302409,
            0.7169636453060639,
            1512405.0,
            1539734.0,
            685522.0,
            1255467.0,
            1426793.0,
            1070237.0,
            1019452.0,
            954156.0
        ]
    },
    "cohesion_parameters": {
        "H": {
            "H": 0.77,
            "NH": 0.23
        },
        "NH": {
            "H": 0.52,
            "NH": 0.48
        }
    },
    "alphas": {
        "H": {
            "H": 1,
            "NH": 1
        },
        "NH": {
            "H": 1,
            "NH": 1
        }
    },
    "slate_to_candidates": {
        "H": [
            "H1",
            "H2",
            "H3",
            "H4",
            "H5"
        ],
        "NH": [
            "NH1",
            "NH2",
            "NH3",
            "NH4",
            "NH5"
        ]
    }
}