{
    "bloc_voter_props": {
        "H": [
            0.5586008017560798,
            0.2828995666206482,
            0.2174959546652595,
            0.3420867987074783,
            0.20205996162421316,
            0.21940630787711815,
            0.4228101741690114,
            0.4188253733856656,
            1621859.0,
            1174719.0
        ],
        "NH": [
            0.44139919824392015,
            0.7171004333793518,
            0.7825040453347405,
            0.6579132012925216,
            0.7979400383757869,
            0.7805936921228819,
            0.5771898258309887,
            0.5811746266143344,
            1578355.0,
            1928571.0
        ]
    },
    "cohesion_parameters": {
        "H": {
            "H": 0.77,
            "NH": 0.23
        },
        "NH": {
            "H": 0.52,
            "NH": 0.48
        }
    },
    "alphas": {
        "H": {
            "H": 1,
            "NH": 1
        },
        "NH": {
            "H": 1,
            "NH": 1
        }
    },
    "slate_to_candidates": {
        "H": [
            "H1",
            "H2",
            "H3",
            "H4",
            "H5"
        ],
        "NH": [
            "NH1",
            "NH2",
            "NH3",
            "NH4",
            "NH5"
        ]
    }
}