{
    "bloc_voter_props": {
        "H": [
            0.5168525018321618,
            0.43739243207159084,
            0.46152762679115017,
            0.3412478547514325,
            0.19925253731106107,
            0.30602217549111616,
            0.1974488812683538,
            0.3607729401924683,
            1576553.0,
            780529.0
        ],
        "NH": [
            0.4831474981678382,
            0.5626075679284092,
            0.5384723732088499,
            0.6587521452485675,
            0.8007474626889389,
            0.6939778245088838,
            0.8025511187316462,
            0.6392270598075317,
            1604821.0,
            2413151.0
        ]
    },
    "cohesion_parameters": {
        "H": {
            "H": 0.77,
            "NH": 0.23
        },
        "NH": {
            "H": 0.52,
            "NH": 0.48
        }
    },
    "alphas": {
        "H": {
            "H": 1,
            "NH": 1
        },
        "NH": {
            "H": 1,
            "NH": 1
        }
    },
    "slate_to_candidates": {
        "H": [
            "H1",
            "H2",
            "H3",
            "H4",
            "H5"
        ],
        "NH": [
            "NH1",
            "NH2",
            "NH3",
            "NH4",
            "NH5"
        ]
    }
}