{
    "bloc_voter_props": {
        "H": [
            0.30527587138917606,
            0.5119506962760764,
            0.3365365413466267,
            0.5083627791379087,
            0.21638340609813822,
            0.35874438467365605,
            0.30734231957372254,
            0.19537079099863716,
            1265472.0,
            1159769.0
        ],
        "NH": [
            0.6947241286108239,
            0.48804930372392363,
            0.6634634586533733,
            0.4916372208620913,
            0.7836165939018618,
            0.641255615326344,
            0.6926576804262775,
            0.8046292090013628,
            1822710.0,
            1776966.0
        ]
    },
    "cohesion_parameters": {
        "H": {
            "H": 0.77,
            "NH": 0.23
        },
        "NH": {
            "H": 0.52,
            "NH": 0.48
        }
    },
    "alphas": {
        "H": {
            "H": 1,
            "NH": 1
        },
        "NH": {
            "H": 1,
            "NH": 1
        }
    },
    "slate_to_candidates": {
        "H": [
            "H1",
            "H2",
            "H3",
            "H4",
            "H5"
        ],
        "NH": [
            "NH1",
            "NH2",
            "NH3",
            "NH4",
            "NH5"
        ]
    }
}