{
    "bloc_voter_props": {
        "H": [
            0.31547512746783957,
            0.2630243915238061,
            0.3764306385269817,
            0.45643109072783805,
            0.35219607887576476,
            0.47255153909672215,
            0.19353530171847555,
            0.35811553879758157,
            1799001.0,
            598645.0
        ],
        "NH": [
            0.6845248725321604,
            0.7369756084761939,
            0.6235693614730183,
            0.543568909272162,
            0.6478039211242352,
            0.5274484609032779,
            0.8064646982815245,
            0.6418844612024184,
            1363893.0,
            2523592.0
        ]
    },
    "cohesion_parameters": {
        "H": {
            "H": 0.77,
            "NH": 0.23
        },
        "NH": {
            "H": 0.52,
            "NH": 0.48
        }
    },
    "alphas": {
        "H": {
            "H": 1,
            "NH": 1
        },
        "NH": {
            "H": 1,
            "NH": 1
        }
    },
    "slate_to_candidates": {
        "H": [
            "H1",
            "H2",
            "H3",
            "H4",
            "H5"
        ],
        "NH": [
            "NH1",
            "NH2",
            "NH3",
            "NH4",
            "NH5"
        ]
    }
}