{
    "bloc_voter_props": {
        "H": [
            0.4999796073952997,
            0.39528909748249325,
            0.58033015824223,
            0.2054664383071037,
            0.320223980579813,
            0.24393159309389792,
            0.3577110705941566,
            0.4159951053229613,
            955730.0,
            652233.0
        ],
        "NH": [
            0.5000203926047003,
            0.6047109025175067,
            0.41966984175777,
            0.7945335616928962,
            0.679776019420187,
            0.7560684069061021,
            0.6422889294058435,
            0.5840048946770388,
            2097164.0,
            2499261.0
        ]
    },
    "cohesion_parameters": {
        "H": {
            "H": 0.77,
            "NH": 0.23
        },
        "NH": {
            "H": 0.52,
            "NH": 0.48
        }
    },
    "alphas": {
        "H": {
            "H": 1,
            "NH": 1
        },
        "NH": {
            "H": 1,
            "NH": 1
        }
    },
    "slate_to_candidates": {
        "H": [
            "H1",
            "H2",
            "H3",
            "H4",
            "H5"
        ],
        "NH": [
            "NH1",
            "NH2",
            "NH3",
            "NH4",
            "NH5"
        ]
    }
}