{
    "bloc_voter_props": {
        "H": [
            0.47216297586812844,
            0.2258667578130805,
            0.6190563423821573,
            0.1997305115802885,
            0.4623500015576547,
            0.1821904227350521,
            0.29888576537936534,
            0.3554848215419789,
            1035569.0,
            464425.0,
            795643.0,
            761431.0,
            608964.0,
            350180.0,
            652581.0,
            820516.0
        ],
        "NH": [
            0.5278370241318716,
            0.7741332421869195,
            0.3809436576178427,
            0.8002694884197115,
            0.5376499984423453,
            0.817809577264948,
            0.7011142346206347,
            0.6445151784580211,
            974868.0,
            1418604.0,
            1081157.0,
            1252028.0,
            1405608.0,
            1481072.0,
            1187437.0,
            1044496.0
        ]
    },
    "cohesion_parameters": {
        "H": {
            "H": 0.77,
            "NH": 0.23
        },
        "NH": {
            "H": 0.52,
            "NH": 0.48
        }
    },
    "alphas": {
        "H": {
            "H": 1,
            "NH": 1
        },
        "NH": {
            "H": 1,
            "NH": 1
        }
    },
    "slate_to_candidates": {
        "H": [
            "H1",
            "H2",
            "H3",
            "H4",
            "H5"
        ],
        "NH": [
            "NH1",
            "NH2",
            "NH3",
            "NH4",
            "NH5"
        ]
    }
}