{
    "bloc_voter_props": {
        "H": [
            0.4376224874986146,
            0.4810427331701739,
            0.4668873388169889,
            0.37942813567479555,
            0.2146338483062981,
            0.5111988363398877,
            0.19427407269935423,
            0.35175696558838404,
            893562.0,
            722004.0
        ],
        "NH": [
            0.5623775125013855,
            0.5189572668298261,
            0.533112661183011,
            0.6205718643252045,
            0.7853661516937019,
            0.4888011636601123,
            0.8057259273006457,
            0.6482430344116159,
            2168799.0,
            2460631.0
        ]
    },
    "cohesion_parameters": {
        "H": {
            "H": 0.77,
            "NH": 0.23
        },
        "NH": {
            "H": 0.52,
            "NH": 0.48
        }
    },
    "alphas": {
        "H": {
            "H": 1,
            "NH": 1
        },
        "NH": {
            "H": 1,
            "NH": 1
        }
    },
    "slate_to_candidates": {
        "H": [
            "H1",
            "H2",
            "H3",
            "H4",
            "H5"
        ],
        "NH": [
            "NH1",
            "NH2",
            "NH3",
            "NH4",
            "NH5"
        ]
    }
}