{
    "bloc_voter_props": {
        "H": [
            0.47306202974521017,
            0.526013746492575,
            0.25331424883453313,
            0.30635523982225055,
            0.22147538950321047,
            0.19130968561843364,
            0.6399743609465939,
            0.4286221660671469,
            446533.0,
            720484.0,
            1009134.0,
            360659.0,
            644996.0,
            730462.0,
            408461.0,
            707688.0
        ],
        "NH": [
            0.5269379702547898,
            0.473986253507425,
            0.7466857511654669,
            0.6936447601777495,
            0.7785246104967896,
            0.8086903143815664,
            0.3600256390534061,
            0.5713778339328531,
            1481912.0,
            1125201.0,
            923090.0,
            1558182.0,
            1289468.0,
            1111887.0,
            1454346.0,
            1278405.0
        ]
    },
    "cohesion_parameters": {
        "H": {
            "H": 0.77,
            "NH": 0.23
        },
        "NH": {
            "H": 0.52,
            "NH": 0.48
        }
    },
    "alphas": {
        "H": {
            "H": 1,
            "NH": 1
        },
        "NH": {
            "H": 1,
            "NH": 1
        }
    },
    "slate_to_candidates": {
        "H": [
            "H1",
            "H2",
            "H3",
            "H4",
            "H5"
        ],
        "NH": [
            "NH1",
            "NH2",
            "NH3",
            "NH4",
            "NH5"
        ]
    }
}