{
    "bloc_voter_props": {
        "H": [
            0.45982593927525556,
            0.3793319581835595,
            0.238958326347628,
            0.4010223765369696,
            0.3976453656634895,
            0.3405890375476416,
            0.19057499838745312,
            0.3581508748784244,
            1567403.0,
            787402.0
        ],
        "NH": [
            0.5401740607247445,
            0.6206680418164404,
            0.761041673652372,
            0.5989776234630304,
            0.6023546343365105,
            0.6594109624523584,
            0.8094250016125469,
            0.6418491251215755,
            1495372.0,
            2161698.0
        ]
    },
    "cohesion_parameters": {
        "H": {
            "H": 0.77,
            "NH": 0.23
        },
        "NH": {
            "H": 0.52,
            "NH": 0.48
        }
    },
    "alphas": {
        "H": {
            "H": 1,
            "NH": 1
        },
        "NH": {
            "H": 1,
            "NH": 1
        }
    },
    "slate_to_candidates": {
        "H": [
            "H1",
            "H2",
            "H3",
            "H4",
            "H5"
        ],
        "NH": [
            "NH1",
            "NH2",
            "NH3",
            "NH4",
            "NH5"
        ]
    }
}