{
    "bloc_voter_props": {
        "H": [
            0.5037003961952304,
            0.380244691191986,
            0.4002353781083963,
            0.23257307997307616,
            0.5012921306308287,
            0.42759208832926704,
            0.34831930369581576,
            0.1834386738519198,
            955730.0,
            725790.0
        ],
        "NH": [
            0.49629960380476956,
            0.619755308808014,
            0.5997646218916037,
            0.7674269200269238,
            0.49870786936917133,
            0.572407911670733,
            0.6516806963041842,
            0.8165613261480802,
            2097164.0,
            2275271.0
        ]
    },
    "cohesion_parameters": {
        "H": {
            "H": 0.77,
            "NH": 0.23
        },
        "NH": {
            "H": 0.52,
            "NH": 0.48
        }
    },
    "alphas": {
        "H": {
            "H": 1,
            "NH": 1
        },
        "NH": {
            "H": 1,
            "NH": 1
        }
    },
    "slate_to_candidates": {
        "H": [
            "H1",
            "H2",
            "H3",
            "H4",
            "H5"
        ],
        "NH": [
            "NH1",
            "NH2",
            "NH3",
            "NH4",
            "NH5"
        ]
    }
}