{
    "bloc_voter_props": {
        "H": [
            0.43813591079749137,
            0.19679723341258032,
            0.6129160886174034,
            0.29900748694094637,
            0.23271263030558773,
            0.18628960595110802,
            0.3398675517714884,
            0.451807719868768,
            799546.0,
            413340.0,
            513321.0,
            886019.0,
            512285.0,
            825452.0,
            612629.0,
            932400.0
        ],
        "NH": [
            0.5618640892025086,
            0.8032027665874197,
            0.3870839113825966,
            0.7009925130590536,
            0.7672873696944122,
            0.813710394048892,
            0.6601324482285116,
            0.548192280131232,
            1064414.0,
            1468337.0,
            1370227.0,
            968292.0,
            1388281.0,
            1140101.0,
            1236819.0,
            990331.0
        ]
    },
    "cohesion_parameters": {
        "H": {
            "H": 0.77,
            "NH": 0.23
        },
        "NH": {
            "H": 0.52,
            "NH": 0.48
        }
    },
    "alphas": {
        "H": {
            "H": 1,
            "NH": 1
        },
        "NH": {
            "H": 1,
            "NH": 1
        }
    },
    "slate_to_candidates": {
        "H": [
            "H1",
            "H2",
            "H3",
            "H4",
            "H5"
        ],
        "NH": [
            "NH1",
            "NH2",
            "NH3",
            "NH4",
            "NH5"
        ]
    }
}