{
    "bloc_voter_props": {
        "H": [
            0.26116360165606856,
            0.4752566625978149,
            0.6537783297688455,
            0.34724081526896694,
            0.18788520714217588,
            0.46677410588107404,
            0.4231127693398096,
            0.26773312551465117,
            411528.0,
            674760.0,
            788109.0,
            338763.0,
            705354.0,
            967611.0,
            431783.0,
            695227.0
        ],
        "NH": [
            0.7388363983439314,
            0.524743337402185,
            0.34622167023115447,
            0.6527591847310331,
            0.8121147928578241,
            0.533225894118926,
            0.5768872306601903,
            0.7322668744853489,
            1568106.0,
            1223282.0,
            1186656.0,
            1506816.0,
            1213750.0,
            994049.0,
            1510132.0,
            1136026.0
        ]
    },
    "cohesion_parameters": {
        "H": {
            "H": 0.77,
            "NH": 0.23
        },
        "NH": {
            "H": 0.52,
            "NH": 0.48
        }
    },
    "alphas": {
        "H": {
            "H": 1,
            "NH": 1
        },
        "NH": {
            "H": 1,
            "NH": 1
        }
    },
    "slate_to_candidates": {
        "H": [
            "H1",
            "H2",
            "H3",
            "H4",
            "H5"
        ],
        "NH": [
            "NH1",
            "NH2",
            "NH3",
            "NH4",
            "NH5"
        ]
    }
}