{
    "bloc_voter_props": {
        "H": [
            0.33114484574257996,
            0.4450053722224824,
            0.19014079765815248,
            0.33864919885262107,
            0.20484986860353802,
            0.4026314975868291,
            0.2579616599919762,
            0.4730706367788546,
            1634288.0,
            1162647.0
        ],
        "NH": [
            0.66885515425742,
            0.5549946277775176,
            0.8098592023418475,
            0.661350801147379,
            0.795150131396462,
            0.5973685024131709,
            0.7420383400080238,
            0.5269293632211454,
            1502493.0,
            2006541.0
        ]
    },
    "cohesion_parameters": {
        "H": {
            "H": 0.77,
            "NH": 0.23
        },
        "NH": {
            "H": 0.52,
            "NH": 0.48
        }
    },
    "alphas": {
        "H": {
            "H": 1,
            "NH": 1
        },
        "NH": {
            "H": 1,
            "NH": 1
        }
    },
    "slate_to_candidates": {
        "H": [
            "H1",
            "H2",
            "H3",
            "H4",
            "H5"
        ],
        "NH": [
            "NH1",
            "NH2",
            "NH3",
            "NH4",
            "NH5"
        ]
    }
}