{
    "bloc_voter_props": {
        "H": [
            0.21964714108146918,
            0.4348888419366253,
            0.21617239960553628,
            0.2690526066336353,
            0.21392573664982137,
            0.41209028210814536,
            0.34719719707133434,
            0.5147227684876001,
            1487208.0,
            1424344.0
        ],
        "NH": [
            0.7803528589185308,
            0.5651111580633746,
            0.7838276003944638,
            0.7309473933663647,
            0.7860742633501786,
            0.5879097178918546,
            0.6528028029286657,
            0.4852772315123999,
            1747020.0,
            1793379.0
        ]
    },
    "cohesion_parameters": {
        "H": {
            "H": 0.77,
            "NH": 0.23
        },
        "NH": {
            "H": 0.52,
            "NH": 0.48
        }
    },
    "alphas": {
        "H": {
            "H": 1,
            "NH": 1
        },
        "NH": {
            "H": 1,
            "NH": 1
        }
    },
    "slate_to_candidates": {
        "H": [
            "H1",
            "H2",
            "H3",
            "H4",
            "H5"
        ],
        "NH": [
            "NH1",
            "NH2",
            "NH3",
            "NH4",
            "NH5"
        ]
    }
}