{
    "bloc_voter_props": {
        "H": [
            0.3080066457961527,
            0.45239671933183406,
            0.2654710479056448,
            0.4088332218864264,
            0.19042657800692533,
            0.3412129016231087,
            0.19328821261055562,
            0.42841242369304144,
            1320296.0,
            1627453.0
        ],
        "NH": [
            0.6919933542038473,
            0.547603280668166,
            0.7345289520943552,
            0.5911667781135737,
            0.8095734219930747,
            0.6587870983768913,
            0.8067117873894444,
            0.5715875763069586,
            1731582.0,
            1601569.0
        ]
    },
    "cohesion_parameters": {
        "H": {
            "H": 0.77,
            "NH": 0.23
        },
        "NH": {
            "H": 0.52,
            "NH": 0.48
        }
    },
    "alphas": {
        "H": {
            "H": 1,
            "NH": 1
        },
        "NH": {
            "H": 1,
            "NH": 1
        }
    },
    "slate_to_candidates": {
        "H": [
            "H1",
            "H2",
            "H3",
            "H4",
            "H5"
        ],
        "NH": [
            "NH1",
            "NH2",
            "NH3",
            "NH4",
            "NH5"
        ]
    }
}