{
    "bloc_voter_props": {
        "H": [
            0.3847874332585313,
            0.3575343650984339,
            0.2582451452516406,
            0.4918140126607093,
            0.41063502140528857,
            0.4725664390511669,
            0.1928305552145655,
            0.1867126942521652,
            879181.0,
            1572994.0
        ],
        "NH": [
            0.6152125667414687,
            0.6424656349015662,
            0.7417548547483593,
            0.5081859873392908,
            0.5893649785947115,
            0.5274335609488331,
            0.8071694447854345,
            0.8132873057478348,
            2142517.0,
            1592856.0
        ]
    },
    "cohesion_parameters": {
        "H": {
            "H": 0.77,
            "NH": 0.23
        },
        "NH": {
            "H": 0.52,
            "NH": 0.48
        }
    },
    "alphas": {
        "H": {
            "H": 1,
            "NH": 1
        },
        "NH": {
            "H": 1,
            "NH": 1
        }
    },
    "slate_to_candidates": {
        "H": [
            "H1",
            "H2",
            "H3",
            "H4",
            "H5"
        ],
        "NH": [
            "NH1",
            "NH2",
            "NH3",
            "NH4",
            "NH5"
        ]
    }
}