{
    "bloc_voter_props": {
        "H": [
            0.42925397073301946,
            0.4392949455154117,
            0.33422498850477567,
            0.3083775987731317,
            0.21288244121393005,
            0.49495942484725103,
            0.2930691559934162,
            0.32138538950876167,
            1398812.0,
            811576.0
        ],
        "NH": [
            0.5707460292669805,
            0.5607050544845883,
            0.6657750114952243,
            0.6916224012268684,
            0.7871175587860699,
            0.5050405751527489,
            0.7069308440065838,
            0.6786146104912384,
            1617516.0,
            2424953.0
        ]
    },
    "cohesion_parameters": {
        "H": {
            "H": 0.77,
            "NH": 0.23
        },
        "NH": {
            "H": 0.52,
            "NH": 0.48
        }
    },
    "alphas": {
        "H": {
            "H": 1,
            "NH": 1
        },
        "NH": {
            "H": 1,
            "NH": 1
        }
    },
    "slate_to_candidates": {
        "H": [
            "H1",
            "H2",
            "H3",
            "H4",
            "H5"
        ],
        "NH": [
            "NH1",
            "NH2",
            "NH3",
            "NH4",
            "NH5"
        ]
    }
}