{
    "bloc_voter_props": {
        "H": [
            0.2893633590173267,
            0.2164293161300956,
            0.43070171734564455,
            0.49209731707868043,
            0.40741299298945616,
            0.5139485587399707,
            0.48043797949074285,
            0.16708905451945028,
            439983.0,
            480976.0,
            696396.0,
            602589.0,
            671044.0,
            353377.0,
            867452.0,
            1162383.0
        ],
        "NH": [
            0.7106366409826733,
            0.7835706838699044,
            0.5692982826543554,
            0.5079026829213196,
            0.5925870070105438,
            0.48605144126002925,
            0.5195620205092571,
            0.8329109454805497,
            1547227.0,
            1522057.0,
            1187320.0,
            1227882.0,
            1339767.0,
            1664467.0,
            1154481.0,
            714123.0
        ]
    },
    "cohesion_parameters": {
        "H": {
            "H": 0.77,
            "NH": 0.23
        },
        "NH": {
            "H": 0.52,
            "NH": 0.48
        }
    },
    "alphas": {
        "H": {
            "H": 1,
            "NH": 1
        },
        "NH": {
            "H": 1,
            "NH": 1
        }
    },
    "slate_to_candidates": {
        "H": [
            "H1",
            "H2",
            "H3",
            "H4",
            "H5"
        ],
        "NH": [
            "NH1",
            "NH2",
            "NH3",
            "NH4",
            "NH5"
        ]
    }
}