{
    "bloc_voter_props": {
        "H": [
            0.5735568334760798,
            0.4150804489910849,
            0.23178589155623164,
            0.29046264348483536,
            0.1891837252162489,
            0.37814544035518893,
            0.2547407888830258,
            0.3354630322783772,
            1609914.0,
            1072515.0
        ],
        "NH": [
            0.4264431665239202,
            0.584919551008915,
            0.7682141084437684,
            0.7095373565151646,
            0.8108162747837511,
            0.6218545596448111,
            0.7452592111169742,
            0.6645369677216229,
            1530710.0,
            1976288.0
        ]
    },
    "cohesion_parameters": {
        "H": {
            "H": 0.77,
            "NH": 0.23
        },
        "NH": {
            "H": 0.52,
            "NH": 0.48
        }
    },
    "alphas": {
        "H": {
            "H": 1,
            "NH": 1
        },
        "NH": {
            "H": 1,
            "NH": 1
        }
    },
    "slate_to_candidates": {
        "H": [
            "H1",
            "H2",
            "H3",
            "H4",
            "H5"
        ],
        "NH": [
            "NH1",
            "NH2",
            "NH3",
            "NH4",
            "NH5"
        ]
    }
}