{
    "bloc_voter_props": {
        "H": [
            0.36280147329139123,
            0.2164293161300956,
            0.35733406544717705,
            0.5004083337673502,
            0.43087879923498396,
            0.43377577153348684,
            0.18553807355357804,
            0.20419424736280492,
            701295.0,
            403843.0,
            716507.0,
            844363.0,
            844822.0,
            677704.0,
            601428.0,
            976342.0
        ],
        "NH": [
            0.6371985267086088,
            0.7835706838699044,
            0.642665934552823,
            0.49959166623264983,
            0.569121200765016,
            0.5662242284665131,
            0.8144619264464219,
            0.7958057526371951,
            1296726.0,
            1585834.0,
            1233325.0,
            1066774.0,
            1013606.0,
            1174318.0,
            1413442.0,
            879595.0
        ]
    },
    "cohesion_parameters": {
        "H": {
            "H": 0.77,
            "NH": 0.23
        },
        "NH": {
            "H": 0.52,
            "NH": 0.48
        }
    },
    "alphas": {
        "H": {
            "H": 1,
            "NH": 1
        },
        "NH": {
            "H": 1,
            "NH": 1
        }
    },
    "slate_to_candidates": {
        "H": [
            "H1",
            "H2",
            "H3",
            "H4",
            "H5"
        ],
        "NH": [
            "NH1",
            "NH2",
            "NH3",
            "NH4",
            "NH5"
        ]
    }
}