{
    "bloc_voter_props": {
        "H": [
            0.4434404534374805,
            0.1876799369189298,
            0.5725776311338912,
            0.2199105326511161,
            0.24538440869243947,
            0.3523332649131297,
            0.3406613177653732,
            0.42747541081674806,
            945102.0,
            1416922.0
        ],
        "NH": [
            0.5565595465625195,
            0.8123200630810702,
            0.4274223688661088,
            0.7800894673488838,
            0.7546155913075605,
            0.6476667350868702,
            0.6593386822346268,
            0.5725245891832519,
            1986432.0,
            1804253.0
        ]
    },
    "cohesion_parameters": {
        "H": {
            "H": 0.77,
            "NH": 0.23
        },
        "NH": {
            "H": 0.52,
            "NH": 0.48
        }
    },
    "alphas": {
        "H": {
            "H": 1,
            "NH": 1
        },
        "NH": {
            "H": 1,
            "NH": 1
        }
    },
    "slate_to_candidates": {
        "H": [
            "H1",
            "H2",
            "H3",
            "H4",
            "H5"
        ],
        "NH": [
            "NH1",
            "NH2",
            "NH3",
            "NH4",
            "NH5"
        ]
    }
}