{
    "bloc_voter_props": {
        "H": [
            0.18046661596249797,
            0.4444209462293131,
            0.2643944980840632,
            0.3098903406878747,
            0.21513451174580686,
            0.41000485163757777,
            0.48503348890974035,
            0.36814056993233346,
            359378.0,
            473554.0,
            937523.0,
            433317.0,
            723051.0,
            1352073.0,
            487683.0,
            982820.0
        ],
        "NH": [
            0.819533384037502,
            0.555579053770687,
            0.7356055019159368,
            0.6901096593121253,
            0.7848654882541931,
            0.5899951483624223,
            0.5149665110902596,
            0.6318594300676665,
            1569899.0,
            1446981.0,
            906244.0,
            1478863.0,
            1263674.0,
            631905.0,
            1490345.0,
            860212.0
        ]
    },
    "cohesion_parameters": {
        "H": {
            "H": 0.77,
            "NH": 0.23
        },
        "NH": {
            "H": 0.52,
            "NH": 0.48
        }
    },
    "alphas": {
        "H": {
            "H": 1,
            "NH": 1
        },
        "NH": {
            "H": 1,
            "NH": 1
        }
    },
    "slate_to_candidates": {
        "H": [
            "H1",
            "H2",
            "H3",
            "H4",
            "H5"
        ],
        "NH": [
            "NH1",
            "NH2",
            "NH3",
            "NH4",
            "NH5"
        ]
    }
}