{
    "bloc_voter_props": {
        "H": [
            0.30928471725519974,
            0.4450053722224824,
            0.2078264387647287,
            0.33864919885262107,
            0.18729807021700465,
            0.4026314975868291,
            0.2579616599919762,
            0.4730706367788546,
            1584947.0,
            1230632.0
        ],
        "NH": [
            0.6907152827448002,
            0.5549946277775176,
            0.7921735612352713,
            0.661350801147379,
            0.8127019297829954,
            0.5973685024131709,
            0.7420383400080238,
            0.5269293632211454,
            1517708.0,
            1819475.0
        ]
    },
    "cohesion_parameters": {
        "H": {
            "H": 0.77,
            "NH": 0.23
        },
        "NH": {
            "H": 0.52,
            "NH": 0.48
        }
    },
    "alphas": {
        "H": {
            "H": 1,
            "NH": 1
        },
        "NH": {
            "H": 1,
            "NH": 1
        }
    },
    "slate_to_candidates": {
        "H": [
            "H1",
            "H2",
            "H3",
            "H4",
            "H5"
        ],
        "NH": [
            "NH1",
            "NH2",
            "NH3",
            "NH4",
            "NH5"
        ]
    }
}