{
    "bloc_voter_props": {
        "H": [
            0.4435798435487418,
            0.4392949455154117,
            0.33422498850477567,
            0.3083775987731317,
            0.215998242416241,
            0.49495942484725103,
            0.2883159258712861,
            0.32138538950876167,
            1352834.0,
            811576.0
        ],
        "NH": [
            0.5564201564512582,
            0.5607050544845883,
            0.6657750114952243,
            0.6916224012268684,
            0.784001757583759,
            0.5050405751527489,
            0.7116840741287138,
            0.6786146104912384,
            1662615.0,
            2424953.0
        ]
    },
    "cohesion_parameters": {
        "H": {
            "H": 0.77,
            "NH": 0.23
        },
        "NH": {
            "H": 0.52,
            "NH": 0.48
        }
    },
    "alphas": {
        "H": {
            "H": 1,
            "NH": 1
        },
        "NH": {
            "H": 1,
            "NH": 1
        }
    },
    "slate_to_candidates": {
        "H": [
            "H1",
            "H2",
            "H3",
            "H4",
            "H5"
        ],
        "NH": [
            "NH1",
            "NH2",
            "NH3",
            "NH4",
            "NH5"
        ]
    }
}