{
    "bloc_voter_props": {
        "H": [
            0.41830491314395674,
            0.18979014444089168,
            0.6129160886174034,
            0.29900748694094637,
            0.23271263030558773,
            0.18628960595110802,
            0.3402176111184536,
            0.5093784730149501,
            819879.0,
            413340.0,
            518440.0,
            808575.0,
            512285.0,
            825452.0,
            922542.0,
            704709.0
        ],
        "NH": [
            0.5816950868560432,
            0.8102098555591083,
            0.3870839113825966,
            0.7009925130590536,
            0.7672873696944122,
            0.813710394048892,
            0.6597823888815464,
            0.4906215269850499,
            1060013.0,
            1468337.0,
            1319184.0,
            1148289.0,
            1388281.0,
            1140101.0,
            999308.0,
            1253435.0
        ]
    },
    "cohesion_parameters": {
        "H": {
            "H": 0.77,
            "NH": 0.23
        },
        "NH": {
            "H": 0.52,
            "NH": 0.48
        }
    },
    "alphas": {
        "H": {
            "H": 1,
            "NH": 1
        },
        "NH": {
            "H": 1,
            "NH": 1
        }
    },
    "slate_to_candidates": {
        "H": [
            "H1",
            "H2",
            "H3",
            "H4",
            "H5"
        ],
        "NH": [
            "NH1",
            "NH2",
            "NH3",
            "NH4",
            "NH5"
        ]
    }
}