{
    "bloc_voter_props": {
        "H": [
            0.30950393619432515,
            0.25047702158018753,
            0.45634725300236234,
            0.6195564058330774,
            0.40131275444141845,
            0.2875304477337392,
            0.23527857677288588,
            0.19545885994214476,
            783414.0,
            931516.0,
            718575.0,
            338816.0,
            1034448.0,
            532896.0,
            605416.0,
            696039.0
        ],
        "NH": [
            0.6904960638056749,
            0.7495229784198124,
            0.5436527469976377,
            0.3804435941669227,
            0.5986872455585815,
            0.7124695522662607,
            0.7647214232271141,
            0.8045411400578553,
            1097965.0,
            1007054.0,
            1215492.0,
            1503733.0,
            903075.0,
            1451630.0,
            1412233.0,
            1241406.0
        ]
    },
    "cohesion_parameters": {
        "H": {
            "H": 0.77,
            "NH": 0.23
        },
        "NH": {
            "H": 0.52,
            "NH": 0.48
        }
    },
    "alphas": {
        "H": {
            "H": 1,
            "NH": 1
        },
        "NH": {
            "H": 1,
            "NH": 1
        }
    },
    "slate_to_candidates": {
        "H": [
            "H1",
            "H2",
            "H3",
            "H4",
            "H5"
        ],
        "NH": [
            "NH1",
            "NH2",
            "NH3",
            "NH4",
            "NH5"
        ]
    }
}