{
    "bloc_voter_props": {
        "H": [
            0.4062477724350162,
            0.48461452298925617,
            0.24949616216841228,
            0.4253012094278121,
            0.21663990045147555,
            0.3639824631935613,
            0.1757559131766496,
            0.43397804179895255,
            1054787.0,
            1369134.0
        ],
        "NH": [
            0.5937522275649838,
            0.5153854770107438,
            0.7505038378315877,
            0.574698790572188,
            0.7833600995485245,
            0.6360175368064387,
            0.8242440868233504,
            0.5660219582010474,
            2081358.0,
            1608003.0
        ]
    },
    "cohesion_parameters": {
        "H": {
            "H": 0.77,
            "NH": 0.23
        },
        "NH": {
            "H": 0.52,
            "NH": 0.48
        }
    },
    "alphas": {
        "H": {
            "H": 1,
            "NH": 1
        },
        "NH": {
            "H": 1,
            "NH": 1
        }
    },
    "slate_to_candidates": {
        "H": [
            "H1",
            "H2",
            "H3",
            "H4",
            "H5"
        ],
        "NH": [
            "NH1",
            "NH2",
            "NH3",
            "NH4",
            "NH5"
        ]
    }
}