{
    "bloc_voter_props": {
        "H": [
            0.5024008943141975,
            0.23108577337875869,
            0.5653098208326917,
            0.2009654496676581,
            0.4212916909301692,
            0.21203544804771926,
            0.4730734292697591,
            0.2830363546939361,
            531541.0,
            357788.0,
            613562.0,
            1036841.0,
            594201.0,
            785572.0,
            689844.0,
            782259.0
        ],
        "NH": [
            0.49759910568580246,
            0.7689142266212413,
            0.4346901791673084,
            0.7990345503323419,
            0.5787083090698308,
            0.7879645519522808,
            0.5269265707302409,
            0.7169636453060639,
            1456009.0,
            1539734.0,
            1256015.0,
            986140.0,
            1426793.0,
            1065775.0,
            1146500.0,
            1223483.0
        ]
    },
    "cohesion_parameters": {
        "H": {
            "H": 0.77,
            "NH": 0.23
        },
        "NH": {
            "H": 0.52,
            "NH": 0.48
        }
    },
    "alphas": {
        "H": {
            "H": 1,
            "NH": 1
        },
        "NH": {
            "H": 1,
            "NH": 1
        }
    },
    "slate_to_candidates": {
        "H": [
            "H1",
            "H2",
            "H3",
            "H4",
            "H5"
        ],
        "NH": [
            "NH1",
            "NH2",
            "NH3",
            "NH4",
            "NH5"
        ]
    }
}