{
    "bloc_voter_props": {
        "H": [
            0.30527587138917606,
            0.43943863895188967,
            0.5274767849166608,
            0.5083627791379087,
            0.22575497918059434,
            0.1991460050705949,
            0.36864901118329085,
            0.28578802535641873,
            1180076.0,
            845027.0
        ],
        "NH": [
            0.6947241286108239,
            0.5605613610481104,
            0.4725232150833392,
            0.4916372208620913,
            0.7742450208194056,
            0.8008539949294051,
            0.6313509888167091,
            0.7142119746435813,
            1871565.0,
            2100475.0
        ]
    },
    "cohesion_parameters": {
        "H": {
            "H": 0.77,
            "NH": 0.23
        },
        "NH": {
            "H": 0.52,
            "NH": 0.48
        }
    },
    "alphas": {
        "H": {
            "H": 1,
            "NH": 1
        },
        "NH": {
            "H": 1,
            "NH": 1
        }
    },
    "slate_to_candidates": {
        "H": [
            "H1",
            "H2",
            "H3",
            "H4",
            "H5"
        ],
        "NH": [
            "NH1",
            "NH2",
            "NH3",
            "NH4",
            "NH5"
        ]
    }
}