{
    "bloc_voter_props": {
        "H": [
            0.3982715434104413,
            0.526013746492575,
            0.30074734734467434,
            0.4977953859368515,
            0.18782678036782452,
            0.19160969786240772,
            0.6261872154123835,
            0.1875442750610983,
            445266.0,
            936770.0,
            507414.0,
            771762.0,
            696661.0,
            595278.0,
            517693.0,
            822463.0
        ],
        "NH": [
            0.6017284565895588,
            0.473986253507425,
            0.6992526526553257,
            0.5022046140631485,
            0.8121732196321755,
            0.8083903021375923,
            0.37381278458761646,
            0.8124557249389017,
            1466210.0,
            998013.0,
            1514010.0,
            1103320.0,
            1134582.0,
            1410121.0,
            1352404.0,
            1016889.0
        ]
    },
    "cohesion_parameters": {
        "H": {
            "H": 0.77,
            "NH": 0.23
        },
        "NH": {
            "H": 0.52,
            "NH": 0.48
        }
    },
    "alphas": {
        "H": {
            "H": 1,
            "NH": 1
        },
        "NH": {
            "H": 1,
            "NH": 1
        }
    },
    "slate_to_candidates": {
        "H": [
            "H1",
            "H2",
            "H3",
            "H4",
            "H5"
        ],
        "NH": [
            "NH1",
            "NH2",
            "NH3",
            "NH4",
            "NH5"
        ]
    }
}