{
    "bloc_voter_props": {
        "H": [
            0.6069863385175397,
            0.21173855988261225,
            0.3381566984775676,
            0.5323862478678383,
            0.2385904990590572,
            0.1616428057542317,
            0.3465433398506041,
            0.38962715083362937,
            531133.0,
            370575.0,
            911802.0,
            757492.0,
            602268.0,
            766064.0,
            980274.0,
            496064.0
        ],
        "NH": [
            0.39301366148246025,
            0.7882614401173877,
            0.6618433015224324,
            0.4676137521321618,
            0.7614095009409428,
            0.8383571942457683,
            0.6534566601493959,
            0.6103728491663707,
            1401084.0,
            1590213.0,
            1046397.0,
            1185991.0,
            1258783.0,
            1081302.0,
            938491.0,
            1393235.0
        ]
    },
    "cohesion_parameters": {
        "H": {
            "H": 0.77,
            "NH": 0.23
        },
        "NH": {
            "H": 0.52,
            "NH": 0.48
        }
    },
    "alphas": {
        "H": {
            "H": 1,
            "NH": 1
        },
        "NH": {
            "H": 1,
            "NH": 1
        }
    },
    "slate_to_candidates": {
        "H": [
            "H1",
            "H2",
            "H3",
            "H4",
            "H5"
        ],
        "NH": [
            "NH1",
            "NH2",
            "NH3",
            "NH4",
            "NH5"
        ]
    }
}