{
    "bloc_voter_props": {
        "H": [
            0.30527587138917606,
            0.4876928785172636,
            0.35048670373800006,
            0.5026904311397707,
            0.19087392659855262,
            0.22514692145761336,
            0.283933667194521,
            0.36843612172986756,
            1377753.0,
            1216618.0
        ],
        "NH": [
            0.6947241286108239,
            0.5123071214827364,
            0.6495132962619999,
            0.4973095688602292,
            0.8091260734014474,
            0.7748530785423866,
            0.7160663328054789,
            0.6315638782701324,
            1837127.0,
            1923741.0
        ]
    },
    "cohesion_parameters": {
        "H": {
            "H": 0.77,
            "NH": 0.23
        },
        "NH": {
            "H": 0.52,
            "NH": 0.48
        }
    },
    "alphas": {
        "H": {
            "H": 1,
            "NH": 1
        },
        "NH": {
            "H": 1,
            "NH": 1
        }
    },
    "slate_to_candidates": {
        "H": [
            "H1",
            "H2",
            "H3",
            "H4",
            "H5"
        ],
        "NH": [
            "NH1",
            "NH2",
            "NH3",
            "NH4",
            "NH5"
        ]
    }
}