{
    "bloc_voter_props": {
        "H": [
            0.30527587138917606,
            0.45393475475921263,
            0.5133007870877753,
            0.37314228446333264,
            0.16837381844948462,
            0.2281102968184283,
            0.36864901118329085,
            0.3053197872460109,
            1438984.0,
            1001812.0
        ],
        "NH": [
            0.6947241286108239,
            0.5460652452407874,
            0.4866992129122248,
            0.6268577155366674,
            0.8316261815505154,
            0.7718897031815717,
            0.6313509888167091,
            0.6946802127539892,
            1520826.0,
            2016920.0
        ]
    },
    "cohesion_parameters": {
        "H": {
            "H": 0.77,
            "NH": 0.23
        },
        "NH": {
            "H": 0.52,
            "NH": 0.48
        }
    },
    "alphas": {
        "H": {
            "H": 1,
            "NH": 1
        },
        "NH": {
            "H": 1,
            "NH": 1
        }
    },
    "slate_to_candidates": {
        "H": [
            "H1",
            "H2",
            "H3",
            "H4",
            "H5"
        ],
        "NH": [
            "NH1",
            "NH2",
            "NH3",
            "NH4",
            "NH5"
        ]
    }
}