{
    "bloc_voter_props": {
        "H": [
            0.5825060655612347,
            0.23377648381189578,
            0.4782898655547992,
            0.45811816889023094,
            0.16665916039637202,
            0.20632305316904792,
            0.40482544138700927,
            0.5132847411827773,
            832064.0,
            407640.0,
            421525.0,
            531124.0,
            636218.0,
            879548.0,
            602724.0,
            716782.0
        ],
        "NH": [
            0.4174939344387653,
            0.7662235161881042,
            0.5217101344452009,
            0.5418818311097691,
            0.833340839603628,
            0.7936769468309521,
            0.5951745586129907,
            0.48671525881722266,
            1141643.0,
            1428196.0,
            1447750.0,
            1332759.0,
            1215179.0,
            1003085.0,
            1386869.0,
            1275833.0
        ]
    },
    "cohesion_parameters": {
        "H": {
            "H": 0.77,
            "NH": 0.23
        },
        "NH": {
            "H": 0.52,
            "NH": 0.48
        }
    },
    "alphas": {
        "H": {
            "H": 1,
            "NH": 1
        },
        "NH": {
            "H": 1,
            "NH": 1
        }
    },
    "slate_to_candidates": {
        "H": [
            "H1",
            "H2",
            "H3",
            "H4",
            "H5"
        ],
        "NH": [
            "NH1",
            "NH2",
            "NH3",
            "NH4",
            "NH5"
        ]
    }
}