{
    "bloc_voter_props": {
        "H": [
            0.366035355803944,
            0.35206160913000495,
            0.23140265834271725,
            0.19135155509196322,
            0.4490563024704014,
            0.4317811886315008,
            0.5185277148178306,
            0.44139247615199056,
            996947.0,
            731346.0
        ],
        "NH": [
            0.633964644196056,
            0.647938390869995,
            0.7685973416572828,
            0.8086484449080368,
            0.5509436975295986,
            0.5682188113684992,
            0.4814722851821695,
            0.5586075238480094,
            1938179.0,
            2388689.0
        ]
    },
    "cohesion_parameters": {
        "H": {
            "H": 0.77,
            "NH": 0.23
        },
        "NH": {
            "H": 0.52,
            "NH": 0.48
        }
    },
    "alphas": {
        "H": {
            "H": 1,
            "NH": 1
        },
        "NH": {
            "H": 1,
            "NH": 1
        }
    },
    "slate_to_candidates": {
        "H": [
            "H1",
            "H2",
            "H3",
            "H4",
            "H5"
        ],
        "NH": [
            "NH1",
            "NH2",
            "NH3",
            "NH4",
            "NH5"
        ]
    }
}