{
    "bloc_voter_props": {
        "H": [
            0.32808714458281146,
            0.42842906106548434,
            0.5031268647772059,
            0.25089231739607326,
            0.20957996485462074,
            0.5925229307098594,
            0.32038768922229655,
            0.39823373034963644,
            945102.0,
            574741.0
        ],
        "NH": [
            0.6719128554171886,
            0.5715709389345157,
            0.4968731352227941,
            0.7491076826039267,
            0.7904200351453793,
            0.4074770692901406,
            0.6796123107777035,
            0.6017662696503636,
            1986432.0,
            2441258.0
        ]
    },
    "cohesion_parameters": {
        "H": {
            "H": 0.77,
            "NH": 0.23
        },
        "NH": {
            "H": 0.52,
            "NH": 0.48
        }
    },
    "alphas": {
        "H": {
            "H": 1,
            "NH": 1
        },
        "NH": {
            "H": 1,
            "NH": 1
        }
    },
    "slate_to_candidates": {
        "H": [
            "H1",
            "H2",
            "H3",
            "H4",
            "H5"
        ],
        "NH": [
            "NH1",
            "NH2",
            "NH3",
            "NH4",
            "NH5"
        ]
    }
}