{
    "bloc_voter_props": {
        "H": [
            0.4245513887209981,
            0.4720383353869988,
            0.17998265616072165,
            0.4578618776338658,
            0.4671430824959292,
            0.34260531871570643,
            0.23994280794002207,
            0.4659444310585944,
            899212.0,
            608013.0
        ],
        "NH": [
            0.5754486112790019,
            0.5279616646130012,
            0.8200173438392784,
            0.5421381223661341,
            0.5328569175040708,
            0.6573946812842936,
            0.7600571920599779,
            0.5340555689414056,
            2206176.0,
            2342055.0
        ]
    },
    "cohesion_parameters": {
        "H": {
            "H": 0.77,
            "NH": 0.23
        },
        "NH": {
            "H": 0.52,
            "NH": 0.48
        }
    },
    "alphas": {
        "H": {
            "H": 1,
            "NH": 1
        },
        "NH": {
            "H": 1,
            "NH": 1
        }
    },
    "slate_to_candidates": {
        "H": [
            "H1",
            "H2",
            "H3",
            "H4",
            "H5"
        ],
        "NH": [
            "NH1",
            "NH2",
            "NH3",
            "NH4",
            "NH5"
        ]
    }
}