{
    "bloc_voter_props": {
        "H": [
            0.2509338750222598,
            0.5137542077300564,
            0.34306317178725043,
            0.3186941294237764,
            0.17695317686570078,
            0.3353311809224767,
            0.31315436811434544,
            0.48815519542380675,
            456652.0,
            1271119.0,
            988696.0,
            489243.0,
            591343.0,
            686015.0,
            314301.0,
            828459.0
        ],
        "NH": [
            0.7490661249777403,
            0.48624579226994363,
            0.6569368282127496,
            0.6813058705762236,
            0.8230468231342992,
            0.6646688190775233,
            0.6868456318856546,
            0.5118448045761933,
            1414686.0,
            634699.0,
            1033839.0,
            1440773.0,
            1406108.0,
            1212730.0,
            1547861.0,
            1017320.0
        ]
    },
    "cohesion_parameters": {
        "H": {
            "H": 0.77,
            "NH": 0.23
        },
        "NH": {
            "H": 0.52,
            "NH": 0.48
        }
    },
    "alphas": {
        "H": {
            "H": 1,
            "NH": 1
        },
        "NH": {
            "H": 1,
            "NH": 1
        }
    },
    "slate_to_candidates": {
        "H": [
            "H1",
            "H2",
            "H3",
            "H4",
            "H5"
        ],
        "NH": [
            "NH1",
            "NH2",
            "NH3",
            "NH4",
            "NH5"
        ]
    }
}