{
    "bloc_voter_props": {
        "H": [
            0.3170047425622781,
            0.2851918904048307,
            0.45806567594704495,
            0.6649886236186971,
            0.40131275444141845,
            0.2875304477337392,
            0.23527857677288588,
            0.19545885994214476,
            780042.0,
            883808.0,
            683397.0,
            338816.0,
            1034116.0,
            455670.0,
            605416.0,
            665361.0
        ],
        "NH": [
            0.6829952574377219,
            0.7148081095951693,
            0.541934324052955,
            0.33501137638130285,
            0.5986872455585815,
            0.7124695522662607,
            0.7647214232271141,
            0.8045411400578553,
            1187071.0,
            957592.0,
            1183441.0,
            1503733.0,
            913398.0,
            1498127.0,
            1412233.0,
            1257645.0
        ]
    },
    "cohesion_parameters": {
        "H": {
            "H": 0.77,
            "NH": 0.23
        },
        "NH": {
            "H": 0.52,
            "NH": 0.48
        }
    },
    "alphas": {
        "H": {
            "H": 1,
            "NH": 1
        },
        "NH": {
            "H": 1,
            "NH": 1
        }
    },
    "slate_to_candidates": {
        "H": [
            "H1",
            "H2",
            "H3",
            "H4",
            "H5"
        ],
        "NH": [
            "NH1",
            "NH2",
            "NH3",
            "NH4",
            "NH5"
        ]
    }
}