{
    "bloc_voter_props": {
        "H": [
            0.4988551284013172,
            0.42531328702945626,
            0.17988535584493168,
            0.49007290981072615,
            0.2781857344689352,
            0.35613713527445867,
            0.2459832742435907,
            0.32144772888524176,
            1154910.0,
            1136120.0
        ],
        "NH": [
            0.5011448715986828,
            0.5746867129705437,
            0.8201146441550683,
            0.5099270901892738,
            0.7218142655310648,
            0.6438628647255413,
            0.7540167257564093,
            0.6785522711147582,
            1850609.0,
            2063625.0
        ]
    },
    "cohesion_parameters": {
        "H": {
            "H": 0.77,
            "NH": 0.23
        },
        "NH": {
            "H": 0.52,
            "NH": 0.48
        }
    },
    "alphas": {
        "H": {
            "H": 1,
            "NH": 1
        },
        "NH": {
            "H": 1,
            "NH": 1
        }
    },
    "slate_to_candidates": {
        "H": [
            "H1",
            "H2",
            "H3",
            "H4",
            "H5"
        ],
        "NH": [
            "NH1",
            "NH2",
            "NH3",
            "NH4",
            "NH5"
        ]
    }
}