{
    "bloc_voter_props": {
        "H": [
            0.4737267155547151,
            0.3616760159909353,
            0.3447437772490311,
            0.26448690130755,
            0.17695317686570078,
            0.22055931097890807,
            0.6135322759852173,
            0.44898587391946027,
            497416.0,
            1038928.0,
            927442.0,
            453640.0,
            693864.0,
            729283.0,
            316151.0,
            681727.0
        ],
        "NH": [
            0.5262732844452849,
            0.6383239840090648,
            0.655256222750969,
            0.7355130986924501,
            0.8230468231342992,
            0.779440689021092,
            0.38646772401478263,
            0.5510141260805398,
            1350130.0,
            884533.0,
            991494.0,
            1534738.0,
            1312179.0,
            1281228.0,
            1515104.0,
            1184291.0
        ]
    },
    "cohesion_parameters": {
        "H": {
            "H": 0.77,
            "NH": 0.23
        },
        "NH": {
            "H": 0.52,
            "NH": 0.48
        }
    },
    "alphas": {
        "H": {
            "H": 1,
            "NH": 1
        },
        "NH": {
            "H": 1,
            "NH": 1
        }
    },
    "slate_to_candidates": {
        "H": [
            "H1",
            "H2",
            "H3",
            "H4",
            "H5"
        ],
        "NH": [
            "NH1",
            "NH2",
            "NH3",
            "NH4",
            "NH5"
        ]
    }
}