{
    "bloc_voter_props": {
        "H": [
            0.22991977772727856,
            0.430669852925661,
            0.49046924699170164,
            0.33140506302934913,
            0.28152880139028075,
            0.18839145319821407,
            0.39628824308664534,
            0.31086401551037035,
            359359.0,
            936731.0,
            860201.0,
            385451.0,
            623726.0,
            985141.0,
            829462.0,
            857210.0
        ],
        "NH": [
            0.7700802222727214,
            0.569330147074339,
            0.5095307530082984,
            0.6685949369706509,
            0.7184711986097193,
            0.811608546801786,
            0.6037117569133547,
            0.6891359844896296,
            1595969.0,
            955069.0,
            1059900.0,
            1514322.0,
            1311412.0,
            958204.0,
            1170561.0,
            1094373.0
        ]
    },
    "cohesion_parameters": {
        "H": {
            "H": 0.77,
            "NH": 0.23
        },
        "NH": {
            "H": 0.52,
            "NH": 0.48
        }
    },
    "alphas": {
        "H": {
            "H": 1,
            "NH": 1
        },
        "NH": {
            "H": 1,
            "NH": 1
        }
    },
    "slate_to_candidates": {
        "H": [
            "H1",
            "H2",
            "H3",
            "H4",
            "H5"
        ],
        "NH": [
            "NH1",
            "NH2",
            "NH3",
            "NH4",
            "NH5"
        ]
    }
}