{
    "bloc_voter_props": {
        "H": [
            0.1924220696611158,
            0.3251169291628866,
            0.23650959078163772,
            0.27386695692323004,
            0.1895281595422922,
            0.4656208842094812,
            0.4312416550915842,
            0.5288051372093215,
            1435160.0,
            1355129.0
        ],
        "NH": [
            0.8075779303388843,
            0.6748830708371134,
            0.7634904092183623,
            0.72613304307677,
            0.8104718404577078,
            0.5343791157905188,
            0.5687583449084158,
            0.4711948627906785,
            1633985.0,
            1800263.0
        ]
    },
    "cohesion_parameters": {
        "H": {
            "H": 0.77,
            "NH": 0.23
        },
        "NH": {
            "H": 0.52,
            "NH": 0.48
        }
    },
    "alphas": {
        "H": {
            "H": 1,
            "NH": 1
        },
        "NH": {
            "H": 1,
            "NH": 1
        }
    },
    "slate_to_candidates": {
        "H": [
            "H1",
            "H2",
            "H3",
            "H4",
            "H5"
        ],
        "NH": [
            "NH1",
            "NH2",
            "NH3",
            "NH4",
            "NH5"
        ]
    }
}