{
    "bloc_voter_props": {
        "H": [
            0.45046003427161085,
            0.4392949455154117,
            0.21221207107986087,
            0.31310923309064415,
            0.1955517956500916,
            0.31966831312271804,
            0.4770485311578542,
            0.4405335939130845,
            1519514.0,
            659991.0
        ],
        "NH": [
            0.5495399657283891,
            0.5607050544845883,
            0.7877879289201392,
            0.6868907669093559,
            0.8044482043499084,
            0.680331686877282,
            0.5229514688421457,
            0.5594664060869154,
            1648292.0,
            2570503.0
        ]
    },
    "cohesion_parameters": {
        "H": {
            "H": 0.77,
            "NH": 0.23
        },
        "NH": {
            "H": 0.52,
            "NH": 0.48
        }
    },
    "alphas": {
        "H": {
            "H": 1,
            "NH": 1
        },
        "NH": {
            "H": 1,
            "NH": 1
        }
    },
    "slate_to_candidates": {
        "H": [
            "H1",
            "H2",
            "H3",
            "H4",
            "H5"
        ],
        "NH": [
            "NH1",
            "NH2",
            "NH3",
            "NH4",
            "NH5"
        ]
    }
}