{
    "bloc_voter_props": {
        "H": [
            0.18545320189578612,
            0.513452104772877,
            0.667917355584514,
            0.3013145315605778,
            0.21469228609911434,
            0.22813109839399284,
            0.46475353825946614,
            0.3860223790594382,
            361356.0,
            767041.0,
            990769.0,
            419799.0,
            546767.0,
            754704.0,
            471811.0,
            872904.0
        ],
        "NH": [
            0.8145467981042139,
            0.48654789522712305,
            0.33208264441548596,
            0.6986854684394223,
            0.7853077139008856,
            0.7718689016060072,
            0.5352464617405338,
            0.6139776209405617,
            1606927.0,
            1114191.0,
            1016003.0,
            1425555.0,
            1354197.0,
            1207158.0,
            1443095.0,
            1018609.0
        ]
    },
    "cohesion_parameters": {
        "H": {
            "H": 0.77,
            "NH": 0.23
        },
        "NH": {
            "H": 0.52,
            "NH": 0.48
        }
    },
    "alphas": {
        "H": {
            "H": 1,
            "NH": 1
        },
        "NH": {
            "H": 1,
            "NH": 1
        }
    },
    "slate_to_candidates": {
        "H": [
            "H1",
            "H2",
            "H3",
            "H4",
            "H5"
        ],
        "NH": [
            "NH1",
            "NH2",
            "NH3",
            "NH4",
            "NH5"
        ]
    }
}