{
    "bloc_voter_props": {
        "H": [
            0.3080066457961527,
            0.45239671933183406,
            0.2647924093418316,
            0.4088332218864264,
            0.19042657800692533,
            0.5045271449707786,
            0.1974488812683538,
            0.42841242369304144,
            1320296.0,
            1124145.0
        ],
        "NH": [
            0.6919933542038473,
            0.547603280668166,
            0.7352075906581684,
            0.5911667781135737,
            0.8095734219930747,
            0.49547285502922145,
            0.8025511187316462,
            0.5715875763069586,
            1731582.0,
            2087176.0
        ]
    },
    "cohesion_parameters": {
        "H": {
            "H": 0.77,
            "NH": 0.23
        },
        "NH": {
            "H": 0.52,
            "NH": 0.48
        }
    },
    "alphas": {
        "H": {
            "H": 1,
            "NH": 1
        },
        "NH": {
            "H": 1,
            "NH": 1
        }
    },
    "slate_to_candidates": {
        "H": [
            "H1",
            "H2",
            "H3",
            "H4",
            "H5"
        ],
        "NH": [
            "NH1",
            "NH2",
            "NH3",
            "NH4",
            "NH5"
        ]
    }
}