{
    "bloc_voter_props": {
        "H": [
            0.6405539637628983,
            0.23240044034077223,
            0.4526369907672722,
            0.2493264335804828,
            0.17891855612156374,
            0.18265897242107354,
            0.3397388726531127,
            0.42959161482597763,
            799546.0,
            446355.0,
            414042.0,
            805204.0,
            580822.0,
            897951.0,
            811266.0,
            862992.0
        ],
        "NH": [
            0.35944603623710175,
            0.7675995596592278,
            0.5473630092327278,
            0.7506735664195172,
            0.8210814438784363,
            0.8173410275789265,
            0.6602611273468872,
            0.5704083851740224,
            1064414.0,
            1452282.0,
            1425440.0,
            1161525.0,
            1330853.0,
            986875.0,
            1061130.0,
            1080492.0
        ]
    },
    "cohesion_parameters": {
        "H": {
            "H": 0.77,
            "NH": 0.23
        },
        "NH": {
            "H": 0.52,
            "NH": 0.48
        }
    },
    "alphas": {
        "H": {
            "H": 1,
            "NH": 1
        },
        "NH": {
            "H": 1,
            "NH": 1
        }
    },
    "slate_to_candidates": {
        "H": [
            "H1",
            "H2",
            "H3",
            "H4",
            "H5"
        ],
        "NH": [
            "NH1",
            "NH2",
            "NH3",
            "NH4",
            "NH5"
        ]
    }
}