{
    "bloc_voter_props": {
        "H": [
            0.5019176982900032,
            0.4402967156088177,
            0.4383372436608519,
            0.2360983754636156,
            0.19031887128952907,
            0.3948259980133962,
            0.4736303023075829,
            0.3127504889517426,
            945102.0,
            684962.0
        ],
        "NH": [
            0.4980823017099968,
            0.5597032843911822,
            0.5616627563391481,
            0.7639016245363844,
            0.8096811287104709,
            0.6051740019866038,
            0.526369697692417,
            0.6872495110482574,
            1986432.0,
            2365499.0
        ]
    },
    "cohesion_parameters": {
        "H": {
            "H": 0.77,
            "NH": 0.23
        },
        "NH": {
            "H": 0.52,
            "NH": 0.48
        }
    },
    "alphas": {
        "H": {
            "H": 1,
            "NH": 1
        },
        "NH": {
            "H": 1,
            "NH": 1
        }
    },
    "slate_to_candidates": {
        "H": [
            "H1",
            "H2",
            "H3",
            "H4",
            "H5"
        ],
        "NH": [
            "NH1",
            "NH2",
            "NH3",
            "NH4",
            "NH5"
        ]
    }
}