{
    "bloc_voter_props": {
        "H": [
            0.5498935702640684,
            0.3464524333889559,
            0.192046473529511,
            0.4738496599081427,
            0.26565380063909866,
            0.36159347654424445,
            0.43970422344953786,
            0.39893154805629105,
            988331.0,
            633815.0
        ],
        "NH": [
            0.4501064297359316,
            0.6535475666110441,
            0.807953526470489,
            0.5261503400918572,
            0.7343461993609014,
            0.6384065234557555,
            0.5602957765504621,
            0.601068451943709,
            2093132.0,
            2482435.0
        ]
    },
    "cohesion_parameters": {
        "H": {
            "H": 0.77,
            "NH": 0.23
        },
        "NH": {
            "H": 0.52,
            "NH": 0.48
        }
    },
    "alphas": {
        "H": {
            "H": 1,
            "NH": 1
        },
        "NH": {
            "H": 1,
            "NH": 1
        }
    },
    "slate_to_candidates": {
        "H": [
            "H1",
            "H2",
            "H3",
            "H4",
            "H5"
        ],
        "NH": [
            "NH1",
            "NH2",
            "NH3",
            "NH4",
            "NH5"
        ]
    }
}