{
    "bloc_voter_props": {
        "H": [
            0.37896796070077815,
            0.5379082446950951,
            0.4205482661588322,
            0.20245812721449366,
            0.3604821568594738,
            0.23431412201217952,
            0.45288863000337165,
            0.41329146755314394,
            955730.0,
            681565.0
        ],
        "NH": [
            0.6210320392992218,
            0.4620917553049048,
            0.5794517338411678,
            0.7975418727855064,
            0.6395178431405262,
            0.7656858779878205,
            0.5471113699966283,
            0.5867085324468561,
            2097164.0,
            2453108.0
        ]
    },
    "cohesion_parameters": {
        "H": {
            "H": 0.77,
            "NH": 0.23
        },
        "NH": {
            "H": 0.52,
            "NH": 0.48
        }
    },
    "alphas": {
        "H": {
            "H": 1,
            "NH": 1
        },
        "NH": {
            "H": 1,
            "NH": 1
        }
    },
    "slate_to_candidates": {
        "H": [
            "H1",
            "H2",
            "H3",
            "H4",
            "H5"
        ],
        "NH": [
            "NH1",
            "NH2",
            "NH3",
            "NH4",
            "NH5"
        ]
    }
}