{
    "bloc_voter_props": {
        "H": [
            0.30527587138917606,
            0.5136542829460442,
            0.32562905121927543,
            0.3642249527410208,
            0.2134774395322484,
            0.3635502751985349,
            0.29886463831688537,
            0.19722119606915584,
            1356176.0,
            1591712.0
        ],
        "NH": [
            0.6947241286108239,
            0.48634571705395574,
            0.6743709487807246,
            0.6357750472589792,
            0.7865225604677516,
            0.6364497248014651,
            0.7011353616831146,
            0.8027788039308441,
            1691860.0,
            1514839.0
        ]
    },
    "cohesion_parameters": {
        "H": {
            "H": 0.77,
            "NH": 0.23
        },
        "NH": {
            "H": 0.52,
            "NH": 0.48
        }
    },
    "alphas": {
        "H": {
            "H": 1,
            "NH": 1
        },
        "NH": {
            "H": 1,
            "NH": 1
        }
    },
    "slate_to_candidates": {
        "H": [
            "H1",
            "H2",
            "H3",
            "H4",
            "H5"
        ],
        "NH": [
            "NH1",
            "NH2",
            "NH3",
            "NH4",
            "NH5"
        ]
    }
}