{
    "bloc_voter_props": {
        "H": [
            0.30476299950741187,
            0.18912698955942878,
            0.3764306385269817,
            0.4964393957232383,
            0.3656014095018623,
            0.44633225018880723,
            0.2683250528524721,
            0.35811553879758157,
            1762268.0,
            584107.0
        ],
        "NH": [
            0.6952370004925882,
            0.8108730104405713,
            0.6235693614730183,
            0.5035606042767617,
            0.6343985904981376,
            0.5536677498111928,
            0.7316749471475279,
            0.6418844612024184,
            1416637.0,
            2536212.0
        ]
    },
    "cohesion_parameters": {
        "H": {
            "H": 0.77,
            "NH": 0.23
        },
        "NH": {
            "H": 0.52,
            "NH": 0.48
        }
    },
    "alphas": {
        "H": {
            "H": 1,
            "NH": 1
        },
        "NH": {
            "H": 1,
            "NH": 1
        }
    },
    "slate_to_candidates": {
        "H": [
            "H1",
            "H2",
            "H3",
            "H4",
            "H5"
        ],
        "NH": [
            "NH1",
            "NH2",
            "NH3",
            "NH4",
            "NH5"
        ]
    }
}