{
    "bloc_voter_props": {
        "H": [
            0.5067158298004522,
            0.20025251248873277,
            0.32744337865889933,
            0.2009654496676581,
            0.3916903871555878,
            0.21203544804771926,
            0.37363525264317793,
            0.27844418857714553,
            865740.0,
            501767.0,
            911658.0,
            1134494.0,
            624844.0,
            390411.0,
            729608.0,
            995130.0
        ],
        "NH": [
            0.49328417019954784,
            0.7997474875112672,
            0.6725566213411007,
            0.7990345503323419,
            0.6083096128444122,
            0.7879645519522808,
            0.626364747356822,
            0.7215558114228545,
            1118045.0,
            1391429.0,
            978749.0,
            784122.0,
            1332924.0,
            1566122.0,
            1179200.0,
            982979.0
        ]
    },
    "cohesion_parameters": {
        "H": {
            "H": 0.77,
            "NH": 0.23
        },
        "NH": {
            "H": 0.52,
            "NH": 0.48
        }
    },
    "alphas": {
        "H": {
            "H": 1,
            "NH": 1
        },
        "NH": {
            "H": 1,
            "NH": 1
        }
    },
    "slate_to_candidates": {
        "H": [
            "H1",
            "H2",
            "H3",
            "H4",
            "H5"
        ],
        "NH": [
            "NH1",
            "NH2",
            "NH3",
            "NH4",
            "NH5"
        ]
    }
}