{
    "bloc_voter_props": {
        "H": [
            0.24954275223330347,
            0.21085565348457808,
            0.40486786991948,
            0.46682082580609774,
            0.18788520714217588,
            0.4942835811860611,
            0.3898815115655113,
            0.6422840504517494,
            406211.0,
            758246.0,
            629369.0,
            379126.0,
            606943.0,
            897568.0,
            823146.0,
            545667.0
        ],
        "NH": [
            0.7504572477666965,
            0.789144346515422,
            0.59513213008052,
            0.5331791741939023,
            0.8121147928578241,
            0.5057164188139389,
            0.6101184884344887,
            0.35771594954825053,
            1463122.0,
            1088306.0,
            1376780.0,
            1513060.0,
            1316309.0,
            1119802.0,
            1062239.0,
            1331409.0
        ]
    },
    "cohesion_parameters": {
        "H": {
            "H": 0.77,
            "NH": 0.23
        },
        "NH": {
            "H": 0.52,
            "NH": 0.48
        }
    },
    "alphas": {
        "H": {
            "H": 1,
            "NH": 1
        },
        "NH": {
            "H": 1,
            "NH": 1
        }
    },
    "slate_to_candidates": {
        "H": [
            "H1",
            "H2",
            "H3",
            "H4",
            "H5"
        ],
        "NH": [
            "NH1",
            "NH2",
            "NH3",
            "NH4",
            "NH5"
        ]
    }
}