{
    "bloc_voter_props": {
        "H": [
            0.44062579425388115,
            0.31270243671323705,
            0.43235197578508133,
            0.19526610412652168,
            0.21182441270675864,
            0.48179727523111704,
            0.4435280782036667,
            0.45419091322501964,
            949642.0,
            753514.0
        ],
        "NH": [
            0.5593742057461188,
            0.687297563286763,
            0.5676480242149187,
            0.8047338958734783,
            0.7881755872932413,
            0.518202724768883,
            0.5564719217963333,
            0.5458090867749804,
            2000197.0,
            2197392.0
        ]
    },
    "cohesion_parameters": {
        "H": {
            "H": 0.77,
            "NH": 0.23
        },
        "NH": {
            "H": 0.52,
            "NH": 0.48
        }
    },
    "alphas": {
        "H": {
            "H": 1,
            "NH": 1
        },
        "NH": {
            "H": 1,
            "NH": 1
        }
    },
    "slate_to_candidates": {
        "H": [
            "H1",
            "H2",
            "H3",
            "H4",
            "H5"
        ],
        "NH": [
            "NH1",
            "NH2",
            "NH3",
            "NH4",
            "NH5"
        ]
    }
}