{
    "bloc_voter_props": {
        "H": [
            0.3384204522436273,
            0.21173855988261225,
            0.6020999447540557,
            0.41242081067143543,
            0.2805043070206466,
            0.1616428057542317,
            0.3465433398506041,
            0.38962715083362937,
            470389.0,
            370575.0,
            911802.0,
            1003167.0,
            602268.0,
            1044482.0,
            734599.0,
            496064.0
        ],
        "NH": [
            0.6615795477563726,
            0.7882614401173877,
            0.39790005524594424,
            0.5875791893285646,
            0.7194956929793533,
            0.8383571942457683,
            0.6534566601493959,
            0.6103728491663707,
            1540487.0,
            1590213.0,
            1046397.0,
            979647.0,
            1258783.0,
            905491.0,
            1144835.0,
            1393235.0
        ]
    },
    "cohesion_parameters": {
        "H": {
            "H": 0.77,
            "NH": 0.23
        },
        "NH": {
            "H": 0.52,
            "NH": 0.48
        }
    },
    "alphas": {
        "H": {
            "H": 1,
            "NH": 1
        },
        "NH": {
            "H": 1,
            "NH": 1
        }
    },
    "slate_to_candidates": {
        "H": [
            "H1",
            "H2",
            "H3",
            "H4",
            "H5"
        ],
        "NH": [
            "NH1",
            "NH2",
            "NH3",
            "NH4",
            "NH5"
        ]
    }
}