{
    "bloc_voter_props": {
        "H": [
            0.4687051031549911,
            0.25232957252017985,
            0.30074734734467434,
            0.4707214100015772,
            0.21439720280611296,
            0.5159702063307201,
            0.3260303798953125,
            0.3322145950744553,
            332219.0,
            902997.0,
            507414.0,
            379792.0,
            1209445.0,
            610411.0,
            674517.0,
            822463.0
        ],
        "NH": [
            0.5312948968450089,
            0.7476704274798202,
            0.6992526526553257,
            0.5292785899984228,
            0.785602797193887,
            0.48402979366927984,
            0.6739696201046875,
            0.6677854049255447,
            1627959.0,
            1015846.0,
            1514010.0,
            1595577.0,
            657894.0,
            1366262.0,
            1339629.0,
            1016889.0
        ]
    },
    "cohesion_parameters": {
        "H": {
            "H": 0.77,
            "NH": 0.23
        },
        "NH": {
            "H": 0.52,
            "NH": 0.48
        }
    },
    "alphas": {
        "H": {
            "H": 1,
            "NH": 1
        },
        "NH": {
            "H": 1,
            "NH": 1
        }
    },
    "slate_to_candidates": {
        "H": [
            "H1",
            "H2",
            "H3",
            "H4",
            "H5"
        ],
        "NH": [
            "NH1",
            "NH2",
            "NH3",
            "NH4",
            "NH5"
        ]
    }
}