{
    "bloc_voter_props": {
        "H": [
            0.43528025249313923,
            0.3677368577498132,
            0.19780899902757004,
            0.5355064614797709,
            0.22774801621338142,
            0.1951985097422351,
            0.4138065750802215,
            0.47321347997918245,
            990175.0,
            1109537.0
        ],
        "NH": [
            0.5647197475068608,
            0.6322631422501868,
            0.80219100097243,
            0.4644935385202292,
            0.7722519837866185,
            0.8048014902577649,
            0.5861934249197784,
            0.5267865200208175,
            1946020.0,
            2098154.0
        ]
    },
    "cohesion_parameters": {
        "H": {
            "H": 0.77,
            "NH": 0.23
        },
        "NH": {
            "H": 0.52,
            "NH": 0.48
        }
    },
    "alphas": {
        "H": {
            "H": 1,
            "NH": 1
        },
        "NH": {
            "H": 1,
            "NH": 1
        }
    },
    "slate_to_candidates": {
        "H": [
            "H1",
            "H2",
            "H3",
            "H4",
            "H5"
        ],
        "NH": [
            "NH1",
            "NH2",
            "NH3",
            "NH4",
            "NH5"
        ]
    }
}