{
    "bloc_voter_props": {
        "H": [
            0.4032991900359718,
            0.526013746492575,
            0.2765289784195999,
            0.49867644044130893,
            0.22522756937084445,
            0.18766407554924053,
            0.43585334885197335,
            0.4226515966306082,
            426331.0,
            894882.0,
            556367.0,
            443985.0,
            1175949.0,
            709121.0,
            366997.0,
            601903.0
        ],
        "NH": [
            0.5967008099640282,
            0.473986253507425,
            0.7234710215804001,
            0.501323559558691,
            0.7747724306291556,
            0.8123359244507594,
            0.5641466511480266,
            0.5773484033693917,
            1549810.0,
            962838.0,
            1464978.0,
            1429119.0,
            662652.0,
            1155386.0,
            1557587.0,
            1390183.0
        ]
    },
    "cohesion_parameters": {
        "H": {
            "H": 0.77,
            "NH": 0.23
        },
        "NH": {
            "H": 0.52,
            "NH": 0.48
        }
    },
    "alphas": {
        "H": {
            "H": 1,
            "NH": 1
        },
        "NH": {
            "H": 1,
            "NH": 1
        }
    },
    "slate_to_candidates": {
        "H": [
            "H1",
            "H2",
            "H3",
            "H4",
            "H5"
        ],
        "NH": [
            "NH1",
            "NH2",
            "NH3",
            "NH4",
            "NH5"
        ]
    }
}