{
    "bloc_voter_props": {
        "H": [
            0.598650998415559,
            0.2165760729609483,
            0.500900663744059,
            0.25134532327022074,
            0.17891855612156374,
            0.21982978786536478,
            0.439605885161629,
            0.5003641580003099,
            825120.0,
            413055.0,
            414042.0,
            633629.0,
            580822.0,
            879548.0,
            881005.0,
            587259.0
        ],
        "NH": [
            0.40134900158444103,
            0.7834239270390517,
            0.49909933625594105,
            0.7486546767297793,
            0.8210814438784363,
            0.7801702121346352,
            0.560394114838371,
            0.4996358419996902,
            1156261.0,
            1525243.0,
            1425440.0,
            1265203.0,
            1330853.0,
            1003085.0,
            975208.0,
            1316061.0
        ]
    },
    "cohesion_parameters": {
        "H": {
            "H": 0.77,
            "NH": 0.23
        },
        "NH": {
            "H": 0.52,
            "NH": 0.48
        }
    },
    "alphas": {
        "H": {
            "H": 1,
            "NH": 1
        },
        "NH": {
            "H": 1,
            "NH": 1
        }
    },
    "slate_to_candidates": {
        "H": [
            "H1",
            "H2",
            "H3",
            "H4",
            "H5"
        ],
        "NH": [
            "NH1",
            "NH2",
            "NH3",
            "NH4",
            "NH5"
        ]
    }
}