{
    "bloc_voter_props": {
        "H": [
            0.3338268198464857,
            0.526013746492575,
            0.4771059277338894,
            0.30635523982225055,
            0.19189569379357058,
            0.22037731875574051,
            0.4026107439976083,
            0.4286221660671469,
            363207.0,
            515403.0,
            1009134.0,
            443985.0,
            1175949.0,
            628627.0,
            408461.0,
            809523.0
        ],
        "NH": [
            0.6661731801535142,
            0.473986253507425,
            0.5228940722661106,
            0.6936447601777495,
            0.8081043062064294,
            0.7796226812442595,
            0.5973892560023917,
            0.5713778339328531,
            1610975.0,
            1482993.0,
            923090.0,
            1429119.0,
            662652.0,
            1208578.0,
            1454346.0,
            1181714.0
        ]
    },
    "cohesion_parameters": {
        "H": {
            "H": 0.77,
            "NH": 0.23
        },
        "NH": {
            "H": 0.52,
            "NH": 0.48
        }
    },
    "alphas": {
        "H": {
            "H": 1,
            "NH": 1
        },
        "NH": {
            "H": 1,
            "NH": 1
        }
    },
    "slate_to_candidates": {
        "H": [
            "H1",
            "H2",
            "H3",
            "H4",
            "H5"
        ],
        "NH": [
            "NH1",
            "NH2",
            "NH3",
            "NH4",
            "NH5"
        ]
    }
}