{
    "bloc_voter_props": {
        "H": [
            0.6066515341201447,
            0.18962426745793926,
            0.30074734734467434,
            0.34951279932147655,
            0.2275452981253974,
            0.5159702063307201,
            0.45822080199965926,
            0.26578118298456116,
            652373.0,
            819962.0,
            938769.0,
            347454.0,
            857143.0,
            622859.0,
            540731.0,
            486572.0
        ],
        "NH": [
            0.3933484658798553,
            0.8103757325420607,
            0.6992526526553257,
            0.6504872006785235,
            0.7724547018746026,
            0.48402979366927984,
            0.5417791980003408,
            0.7342188170154389,
            1321912.0,
            1078120.0,
            912030.0,
            1485785.0,
            1082591.0,
            1294084.0,
            1329863.0,
            1473176.0
        ]
    },
    "cohesion_parameters": {
        "H": {
            "H": 0.77,
            "NH": 0.23
        },
        "NH": {
            "H": 0.52,
            "NH": 0.48
        }
    },
    "alphas": {
        "H": {
            "H": 1,
            "NH": 1
        },
        "NH": {
            "H": 1,
            "NH": 1
        }
    },
    "slate_to_candidates": {
        "H": [
            "H1",
            "H2",
            "H3",
            "H4",
            "H5"
        ],
        "NH": [
            "NH1",
            "NH2",
            "NH3",
            "NH4",
            "NH5"
        ]
    }
}