{
    "bloc_voter_props": {
        "H": [
            0.45154691043224077,
            0.4406286771887239,
            0.18638166774631745,
            0.4354787785544667,
            0.21375713168604413,
            0.349976331271074,
            0.3346931647245328,
            0.5428216794898928,
            996947.0,
            816377.0
        ],
        "NH": [
            0.5484530895677592,
            0.5593713228112761,
            0.8136183322536825,
            0.5645212214455333,
            0.7862428683139558,
            0.6500236687289259,
            0.6653068352754672,
            0.4571783205101072,
            1938179.0,
            2211514.0
        ]
    },
    "cohesion_parameters": {
        "H": {
            "H": 0.77,
            "NH": 0.23
        },
        "NH": {
            "H": 0.52,
            "NH": 0.48
        }
    },
    "alphas": {
        "H": {
            "H": 1,
            "NH": 1
        },
        "NH": {
            "H": 1,
            "NH": 1
        }
    },
    "slate_to_candidates": {
        "H": [
            "H1",
            "H2",
            "H3",
            "H4",
            "H5"
        ],
        "NH": [
            "NH1",
            "NH2",
            "NH3",
            "NH4",
            "NH5"
        ]
    }
}