{
    "bloc_voter_props": {
        "H": [
            0.42972775095825866,
            0.37574388415787985,
            0.5055335124039899,
            0.18484630263198942,
            0.40343514316884593,
            0.24393159309389792,
            0.36730987514188423,
            0.48592640896094014,
            1030608.0,
            689220.0
        ],
        "NH": [
            0.5702722490417413,
            0.6242561158421202,
            0.49446648759601014,
            0.8151536973680106,
            0.596564856831154,
            0.7560684069061021,
            0.6326901248581158,
            0.5140735910390599,
            2111789.0,
            2385349.0
        ]
    },
    "cohesion_parameters": {
        "H": {
            "H": 0.77,
            "NH": 0.23
        },
        "NH": {
            "H": 0.52,
            "NH": 0.48
        }
    },
    "alphas": {
        "H": {
            "H": 1,
            "NH": 1
        },
        "NH": {
            "H": 1,
            "NH": 1
        }
    },
    "slate_to_candidates": {
        "H": [
            "H1",
            "H2",
            "H3",
            "H4",
            "H5"
        ],
        "NH": [
            "NH1",
            "NH2",
            "NH3",
            "NH4",
            "NH5"
        ]
    }
}