{
    "bloc_voter_props": {
        "H": [
            0.4248628380747781,
            0.38311586730578123,
            0.20503521246555304,
            0.33864919885262107,
            0.18729807021700465,
            0.4020427199438008,
            0.2579616599919762,
            0.4730706367788546,
            1394011.0,
            1230632.0
        ],
        "NH": [
            0.5751371619252219,
            0.6168841326942188,
            0.794964787534447,
            0.661350801147379,
            0.8127019297829954,
            0.5979572800561992,
            0.7420383400080238,
            0.5269293632211454,
            1673191.0,
            1819475.0
        ]
    },
    "cohesion_parameters": {
        "H": {
            "H": 0.77,
            "NH": 0.23
        },
        "NH": {
            "H": 0.52,
            "NH": 0.48
        }
    },
    "alphas": {
        "H": {
            "H": 1,
            "NH": 1
        },
        "NH": {
            "H": 1,
            "NH": 1
        }
    },
    "slate_to_candidates": {
        "H": [
            "H1",
            "H2",
            "H3",
            "H4",
            "H5"
        ],
        "NH": [
            "NH1",
            "NH2",
            "NH3",
            "NH4",
            "NH5"
        ]
    }
}