{
    "bloc_voter_props": {
        "H": [
            0.35805967963776214,
            0.3610494851066391,
            0.25151713976302426,
            0.49007290981072615,
            0.20437025564415107,
            0.35613713527445867,
            0.2459832742435907,
            0.32144772888524176,
            1223626.0,
            1656608.0
        ],
        "NH": [
            0.6419403203622378,
            0.638950514893361,
            0.7484828602369757,
            0.5099270901892738,
            0.795629744355849,
            0.6438628647255413,
            0.7540167257564093,
            0.6785522711147582,
            1830610.0,
            1350713.0
        ]
    },
    "cohesion_parameters": {
        "H": {
            "H": 0.77,
            "NH": 0.23
        },
        "NH": {
            "H": 0.52,
            "NH": 0.48
        }
    },
    "alphas": {
        "H": {
            "H": 1,
            "NH": 1
        },
        "NH": {
            "H": 1,
            "NH": 1
        }
    },
    "slate_to_candidates": {
        "H": [
            "H1",
            "H2",
            "H3",
            "H4",
            "H5"
        ],
        "NH": [
            "NH1",
            "NH2",
            "NH3",
            "NH4",
            "NH5"
        ]
    }
}