{
    "bloc_voter_props": {
        "H": [
            0.48216086495024735,
            0.21982156699551045,
            0.32380924097215036,
            0.4449515550641863,
            0.458943786384785,
            0.18025557184635663,
            0.42337942879749,
            0.3103121429961138,
            1449487.0,
            798500.0
        ],
        "NH": [
            0.5178391350497527,
            0.7801784330044895,
            0.6761907590278496,
            0.5550484449358137,
            0.5410562136152149,
            0.8197444281536433,
            0.57662057120251,
            0.6896878570038862,
            1692177.0,
            2406970.0
        ]
    },
    "cohesion_parameters": {
        "H": {
            "H": 0.77,
            "NH": 0.23
        },
        "NH": {
            "H": 0.52,
            "NH": 0.48
        }
    },
    "alphas": {
        "H": {
            "H": 1,
            "NH": 1
        },
        "NH": {
            "H": 1,
            "NH": 1
        }
    },
    "slate_to_candidates": {
        "H": [
            "H1",
            "H2",
            "H3",
            "H4",
            "H5"
        ],
        "NH": [
            "NH1",
            "NH2",
            "NH3",
            "NH4",
            "NH5"
        ]
    }
}