{
    "bloc_voter_props": {
        "H": [
            0.5168525018321618,
            0.43378077896698786,
            0.44927010096759934,
            0.40680153588054235,
            0.2445645174393146,
            0.30602217549111616,
            0.1994182409710574,
            0.3031614901522624,
            1539751.0,
            641815.0
        ],
        "NH": [
            0.4831474981678382,
            0.5662192210330121,
            0.5507298990324007,
            0.5931984641194576,
            0.7554354825606854,
            0.6939778245088838,
            0.8005817590289426,
            0.6968385098477375,
            1585159.0,
            2544326.0
        ]
    },
    "cohesion_parameters": {
        "H": {
            "H": 0.77,
            "NH": 0.23
        },
        "NH": {
            "H": 0.52,
            "NH": 0.48
        }
    },
    "alphas": {
        "H": {
            "H": 1,
            "NH": 1
        },
        "NH": {
            "H": 1,
            "NH": 1
        }
    },
    "slate_to_candidates": {
        "H": [
            "H1",
            "H2",
            "H3",
            "H4",
            "H5"
        ],
        "NH": [
            "NH1",
            "NH2",
            "NH3",
            "NH4",
            "NH5"
        ]
    }
}