{
    "bloc_voter_props": {
        "H": [
            0.22211549122736032,
            0.42874013370978653,
            0.5006388109166793,
            0.339618510493167,
            0.20045860940149274,
            0.1870866763034754,
            0.40310762602396366,
            0.32941666721188295,
            365657.0,
            573318.0,
            688677.0,
            747336.0,
            582183.0,
            930850.0,
            909834.0,
            1086739.0
        ],
        "NH": [
            0.7778845087726397,
            0.5712598662902135,
            0.4993611890833207,
            0.660381489506833,
            0.7995413905985073,
            0.8129133236965246,
            0.5968923739760363,
            0.670583332788117,
            1552468.0,
            1312746.0,
            1144379.0,
            1260918.0,
            1377552.0,
            903616.0,
            1059826.0,
            886120.0
        ]
    },
    "cohesion_parameters": {
        "H": {
            "H": 0.77,
            "NH": 0.23
        },
        "NH": {
            "H": 0.52,
            "NH": 0.48
        }
    },
    "alphas": {
        "H": {
            "H": 1,
            "NH": 1
        },
        "NH": {
            "H": 1,
            "NH": 1
        }
    },
    "slate_to_candidates": {
        "H": [
            "H1",
            "H2",
            "H3",
            "H4",
            "H5"
        ],
        "NH": [
            "NH1",
            "NH2",
            "NH3",
            "NH4",
            "NH5"
        ]
    }
}