{
    "bloc_voter_props": {
        "H": [
            0.3790174501787662,
            0.380244691191986,
            0.4002353781083963,
            0.20245812721449366,
            0.5062502757735104,
            0.18058651309244314,
            0.4795638483322663,
            0.428259669901909,
            955730.0,
            809600.0
        ],
        "NH": [
            0.6209825498212338,
            0.619755308808014,
            0.5997646218916037,
            0.7975418727855064,
            0.49374972422648955,
            0.8194134869075569,
            0.5204361516677337,
            0.571740330098091,
            2097164.0,
            2153549.0
        ]
    },
    "cohesion_parameters": {
        "H": {
            "H": 0.77,
            "NH": 0.23
        },
        "NH": {
            "H": 0.52,
            "NH": 0.48
        }
    },
    "alphas": {
        "H": {
            "H": 1,
            "NH": 1
        },
        "NH": {
            "H": 1,
            "NH": 1
        }
    },
    "slate_to_candidates": {
        "H": [
            "H1",
            "H2",
            "H3",
            "H4",
            "H5"
        ],
        "NH": [
            "NH1",
            "NH2",
            "NH3",
            "NH4",
            "NH5"
        ]
    }
}