{
    "bloc_voter_props": {
        "H": [
            0.30527587138917606,
            0.2832014709047714,
            0.5232402461820145,
            0.5026904311397707,
            0.22258414138046922,
            0.19339941187247342,
            0.283933667194521,
            0.36843612172986756,
            1377753.0,
            1315064.0
        ],
        "NH": [
            0.6947241286108239,
            0.7167985290952286,
            0.47675975381798547,
            0.4973095688602292,
            0.7774158586195308,
            0.8066005881275266,
            0.7160663328054789,
            0.6315638782701324,
            1837127.0,
            1838282.0
        ]
    },
    "cohesion_parameters": {
        "H": {
            "H": 0.77,
            "NH": 0.23
        },
        "NH": {
            "H": 0.52,
            "NH": 0.48
        }
    },
    "alphas": {
        "H": {
            "H": 1,
            "NH": 1
        },
        "NH": {
            "H": 1,
            "NH": 1
        }
    },
    "slate_to_candidates": {
        "H": [
            "H1",
            "H2",
            "H3",
            "H4",
            "H5"
        ],
        "NH": [
            "NH1",
            "NH2",
            "NH3",
            "NH4",
            "NH5"
        ]
    }
}