{
    "bloc_voter_props": {
        "H": [
            0.32808714458281146,
            0.42842906106548434,
            0.5031268647772059,
            0.25089231739607326,
            0.19026430918797146,
            0.5951024328845167,
            0.32038768922229655,
            0.3999271135082076,
            945102.0,
            634300.0
        ],
        "NH": [
            0.6719128554171886,
            0.5715709389345157,
            0.4968731352227941,
            0.7491076826039267,
            0.8097356908120286,
            0.40489756711548336,
            0.6796123107777035,
            0.6000728864917925,
            1986432.0,
            2382939.0
        ]
    },
    "cohesion_parameters": {
        "H": {
            "H": 0.77,
            "NH": 0.23
        },
        "NH": {
            "H": 0.52,
            "NH": 0.48
        }
    },
    "alphas": {
        "H": {
            "H": 1,
            "NH": 1
        },
        "NH": {
            "H": 1,
            "NH": 1
        }
    },
    "slate_to_candidates": {
        "H": [
            "H1",
            "H2",
            "H3",
            "H4",
            "H5"
        ],
        "NH": [
            "NH1",
            "NH2",
            "NH3",
            "NH4",
            "NH5"
        ]
    }
}