{
    "bloc_voter_props": {
        "H": [
            0.4032991900359718,
            0.526013746492575,
            0.30074734734467434,
            0.4977953859368515,
            0.19124376605872256,
            0.19160969786240772,
            0.43585334885197335,
            0.18253872105588229,
            445266.0,
            936770.0,
            507414.0,
            553552.0,
            575964.0,
            661837.0,
            758328.0,
            1211658.0
        ],
        "NH": [
            0.5967008099640282,
            0.473986253507425,
            0.6992526526553257,
            0.5022046140631485,
            0.8087562339412775,
            0.8083903021375923,
            0.5641466511480266,
            0.8174612789441177,
            1466210.0,
            998013.0,
            1514010.0,
            1286068.0,
            1288592.0,
            1199124.0,
            1251924.0,
            686177.0
        ]
    },
    "cohesion_parameters": {
        "H": {
            "H": 0.77,
            "NH": 0.23
        },
        "NH": {
            "H": 0.52,
            "NH": 0.48
        }
    },
    "alphas": {
        "H": {
            "H": 1,
            "NH": 1
        },
        "NH": {
            "H": 1,
            "NH": 1
        }
    },
    "slate_to_candidates": {
        "H": [
            "H1",
            "H2",
            "H3",
            "H4",
            "H5"
        ],
        "NH": [
            "NH1",
            "NH2",
            "NH3",
            "NH4",
            "NH5"
        ]
    }
}