{
    "bloc_voter_props": {
        "H": [
            0.5692202476202264,
            0.42842906106548434,
            0.4499195588807968,
            0.25089231739607326,
            0.19026430918797146,
            0.33388233713104365,
            0.3143353420471629,
            0.4706983987202002,
            945102.0,
            634300.0
        ],
        "NH": [
            0.4307797523797736,
            0.5715709389345157,
            0.5500804411192032,
            0.7491076826039267,
            0.8097356908120286,
            0.6661176628689564,
            0.6856646579528372,
            0.5293016012797997,
            1986432.0,
            2382939.0
        ]
    },
    "cohesion_parameters": {
        "H": {
            "H": 0.77,
            "NH": 0.23
        },
        "NH": {
            "H": 0.52,
            "NH": 0.48
        }
    },
    "alphas": {
        "H": {
            "H": 1,
            "NH": 1
        },
        "NH": {
            "H": 1,
            "NH": 1
        }
    },
    "slate_to_candidates": {
        "H": [
            "H1",
            "H2",
            "H3",
            "H4",
            "H5"
        ],
        "NH": [
            "NH1",
            "NH2",
            "NH3",
            "NH4",
            "NH5"
        ]
    }
}