{
    "bloc_voter_props": {
        "H": [
            0.4538598200469941,
            0.48410319102250643,
            0.1937755726710378,
            0.39124333680191226,
            0.2240370632822969,
            0.2009567913668301,
            0.4229051896201346,
            0.47249642134594005,
            1042811.0,
            1110878.0
        ],
        "NH": [
            0.5461401799530059,
            0.5158968089774936,
            0.8062244273289622,
            0.6087566631980877,
            0.7759629367177031,
            0.7990432086331699,
            0.5770948103798653,
            0.52750357865406,
            1969673.0,
            2096169.0
        ]
    },
    "cohesion_parameters": {
        "H": {
            "H": 0.77,
            "NH": 0.23
        },
        "NH": {
            "H": 0.52,
            "NH": 0.48
        }
    },
    "alphas": {
        "H": {
            "H": 1,
            "NH": 1
        },
        "NH": {
            "H": 1,
            "NH": 1
        }
    },
    "slate_to_candidates": {
        "H": [
            "H1",
            "H2",
            "H3",
            "H4",
            "H5"
        ],
        "NH": [
            "NH1",
            "NH2",
            "NH3",
            "NH4",
            "NH5"
        ]
    }
}