{
    "bloc_voter_props": {
        "H": [
            0.404587600965357,
            0.45355547975043,
            0.1937755726710378,
            0.4247844050420032,
            0.2240370632822969,
            0.2009567913668301,
            0.4731024854491112,
            0.46918610381508913,
            1042811.0,
            1037756.0
        ],
        "NH": [
            0.5954123990346429,
            0.54644452024957,
            0.8062244273289622,
            0.5752155949579968,
            0.7759629367177031,
            0.7990432086331699,
            0.5268975145508887,
            0.5308138961849109,
            1969673.0,
            1991859.0
        ]
    },
    "cohesion_parameters": {
        "H": {
            "H": 0.77,
            "NH": 0.23
        },
        "NH": {
            "H": 0.52,
            "NH": 0.48
        }
    },
    "alphas": {
        "H": {
            "H": 1,
            "NH": 1
        },
        "NH": {
            "H": 1,
            "NH": 1
        }
    },
    "slate_to_candidates": {
        "H": [
            "H1",
            "H2",
            "H3",
            "H4",
            "H5"
        ],
        "NH": [
            "NH1",
            "NH2",
            "NH3",
            "NH4",
            "NH5"
        ]
    }
}