{
    "bloc_voter_props": {
        "H": [
            0.2019031640627147,
            0.4306381812809836,
            0.6788607573785085,
            0.3098903406878747,
            0.2282975614933642,
            0.4304425143597538,
            0.4896343814405863,
            0.2654469676074898,
            359378.0,
            691416.0,
            984086.0,
            397836.0,
            575967.0,
            656100.0,
            424544.0,
            970215.0
        ],
        "NH": [
            0.7980968359372853,
            0.5693618187190164,
            0.3211392426214915,
            0.6901096593121253,
            0.7717024385066358,
            0.5695574856402462,
            0.5103656185594136,
            0.7345530323925102,
            1569899.0,
            1274760.0,
            973345.0,
            1467017.0,
            1336132.0,
            1309721.0,
            1441366.0,
            868006.0
        ]
    },
    "cohesion_parameters": {
        "H": {
            "H": 0.77,
            "NH": 0.23
        },
        "NH": {
            "H": 0.52,
            "NH": 0.48
        }
    },
    "alphas": {
        "H": {
            "H": 1,
            "NH": 1
        },
        "NH": {
            "H": 1,
            "NH": 1
        }
    },
    "slate_to_candidates": {
        "H": [
            "H1",
            "H2",
            "H3",
            "H4",
            "H5"
        ],
        "NH": [
            "NH1",
            "NH2",
            "NH3",
            "NH4",
            "NH5"
        ]
    }
}