{
    "bloc_voter_props": {
        "H": [
            0.3080066457961527,
            0.3514577454611118,
            0.4782662391560458,
            0.2968500903452335,
            0.1932586782922489,
            0.5045271449707786,
            0.1974488812683538,
            0.5671934627976003,
            1330030.0,
            689434.0
        ],
        "NH": [
            0.6919933542038473,
            0.6485422545388883,
            0.5217337608439542,
            0.7031499096547664,
            0.8067413217077511,
            0.49547285502922145,
            0.8025511187316462,
            0.43280653720239964,
            1743630.0,
            2255562.0
        ]
    },
    "cohesion_parameters": {
        "H": {
            "H": 0.77,
            "NH": 0.23
        },
        "NH": {
            "H": 0.52,
            "NH": 0.48
        }
    },
    "alphas": {
        "H": {
            "H": 1,
            "NH": 1
        },
        "NH": {
            "H": 1,
            "NH": 1
        }
    },
    "slate_to_candidates": {
        "H": [
            "H1",
            "H2",
            "H3",
            "H4",
            "H5"
        ],
        "NH": [
            "NH1",
            "NH2",
            "NH3",
            "NH4",
            "NH5"
        ]
    }
}