{
    "bloc_voter_props": {
        "H": [
            0.3970109543210737,
            0.34384016646089643,
            0.44336759147620697,
            0.4238324806031646,
            0.23314084556233644,
            0.5139988618174236,
            0.21630540201820944,
            0.3454715821529577,
            1327109.0,
            629941.0
        ],
        "NH": [
            0.6029890456789263,
            0.6561598335391036,
            0.556632408523793,
            0.5761675193968354,
            0.7668591544376635,
            0.4860011381825764,
            0.7836945979817905,
            0.6545284178470423,
            1816670.0,
            2443744.0
        ]
    },
    "cohesion_parameters": {
        "H": {
            "H": 0.77,
            "NH": 0.23
        },
        "NH": {
            "H": 0.52,
            "NH": 0.48
        }
    },
    "alphas": {
        "H": {
            "H": 1,
            "NH": 1
        },
        "NH": {
            "H": 1,
            "NH": 1
        }
    },
    "slate_to_candidates": {
        "H": [
            "H1",
            "H2",
            "H3",
            "H4",
            "H5"
        ],
        "NH": [
            "NH1",
            "NH2",
            "NH3",
            "NH4",
            "NH5"
        ]
    }
}