{
    "bloc_voter_props": {
        "H": [
            0.4216669491825049,
            0.3450059235769159,
            0.18799582336974083,
            0.5330111452010499,
            0.22256852013859368,
            0.3891227030700719,
            0.21390652955480394,
            0.31429921355951757,
            1400605.0,
            1451644.0
        ],
        "NH": [
            0.5783330508174951,
            0.654994076423084,
            0.8120041766302591,
            0.46698885479895014,
            0.7774314798614063,
            0.6108772969299281,
            0.7860934704451961,
            0.6857007864404825,
            1772654.0,
            1683688.0
        ]
    },
    "cohesion_parameters": {
        "H": {
            "H": 0.77,
            "NH": 0.23
        },
        "NH": {
            "H": 0.52,
            "NH": 0.48
        }
    },
    "alphas": {
        "H": {
            "H": 1,
            "NH": 1
        },
        "NH": {
            "H": 1,
            "NH": 1
        }
    },
    "slate_to_candidates": {
        "H": [
            "H1",
            "H2",
            "H3",
            "H4",
            "H5"
        ],
        "NH": [
            "NH1",
            "NH2",
            "NH3",
            "NH4",
            "NH5"
        ]
    }
}