{
    "bloc_voter_props": {
        "H": [
            0.46156403880016833,
            0.3203112456334483,
            0.30074734734467434,
            0.4561188360247925,
            0.22525714948613068,
            0.5159702063307201,
            0.30982160175564916,
            0.25253911283283315,
            332219.0,
            819962.0,
            938769.0,
            381111.0,
            1209445.0,
            622859.0,
            674517.0,
            464353.0
        ],
        "NH": [
            0.5384359611998316,
            0.6796887543665516,
            0.6992526526553257,
            0.5438811639752076,
            0.7747428505138693,
            0.48402979366927984,
            0.6901783982443509,
            0.7474608871671669,
            1627959.0,
            1078120.0,
            912030.0,
            1581318.0,
            657894.0,
            1294084.0,
            1339629.0,
            1453753.0
        ]
    },
    "cohesion_parameters": {
        "H": {
            "H": 0.77,
            "NH": 0.23
        },
        "NH": {
            "H": 0.52,
            "NH": 0.48
        }
    },
    "alphas": {
        "H": {
            "H": 1,
            "NH": 1
        },
        "NH": {
            "H": 1,
            "NH": 1
        }
    },
    "slate_to_candidates": {
        "H": [
            "H1",
            "H2",
            "H3",
            "H4",
            "H5"
        ],
        "NH": [
            "NH1",
            "NH2",
            "NH3",
            "NH4",
            "NH5"
        ]
    }
}