{
    "bloc_voter_props": {
        "H": [
            0.42205731614573244,
            0.48879537211268376,
            0.2502183618314733,
            0.4207471770881603,
            0.21044536040359232,
            0.3547063048750602,
            0.17907310667049564,
            0.43397804179895255,
            1054787.0,
            1369134.0
        ],
        "NH": [
            0.5779426838542675,
            0.5112046278873162,
            0.7497816381685267,
            0.5792528229118397,
            0.7895546395964077,
            0.6452936951249398,
            0.8209268933295043,
            0.5660219582010474,
            2081358.0,
            1608003.0
        ]
    },
    "cohesion_parameters": {
        "H": {
            "H": 0.77,
            "NH": 0.23
        },
        "NH": {
            "H": 0.52,
            "NH": 0.48
        }
    },
    "alphas": {
        "H": {
            "H": 1,
            "NH": 1
        },
        "NH": {
            "H": 1,
            "NH": 1
        }
    },
    "slate_to_candidates": {
        "H": [
            "H1",
            "H2",
            "H3",
            "H4",
            "H5"
        ],
        "NH": [
            "NH1",
            "NH2",
            "NH3",
            "NH4",
            "NH5"
        ]
    }
}