{
    "bloc_voter_props": {
        "H": [
            0.44316431961006353,
            0.24820032619524,
            0.37566559400388577,
            0.29310715484501915,
            0.5341909256489056,
            0.19055432161772287,
            0.20530722846642155,
            0.48659935428580375,
            1082060.0,
            1322984.0
        ],
        "NH": [
            0.5568356803899365,
            0.75179967380476,
            0.6243344059961142,
            0.7068928451549809,
            0.46580907435109437,
            0.8094456783822771,
            0.7946927715335784,
            0.5134006457141963,
            2112221.0,
            1716268.0
        ]
    },
    "cohesion_parameters": {
        "H": {
            "H": 0.77,
            "NH": 0.23
        },
        "NH": {
            "H": 0.52,
            "NH": 0.48
        }
    },
    "alphas": {
        "H": {
            "H": 1,
            "NH": 1
        },
        "NH": {
            "H": 1,
            "NH": 1
        }
    },
    "slate_to_candidates": {
        "H": [
            "H1",
            "H2",
            "H3",
            "H4",
            "H5"
        ],
        "NH": [
            "NH1",
            "NH2",
            "NH3",
            "NH4",
            "NH5"
        ]
    }
}