{
    "bloc_voter_props": {
        "H": [
            0.37053538676232906,
            0.3668150010407955,
            0.2922587065601745,
            0.41487169681688846,
            0.2144348723979802,
            0.3923862844358681,
            0.47975752505607355,
            0.5061025602222674,
            996947.0,
            570339.0
        ],
        "NH": [
            0.6294646132376709,
            0.6331849989592045,
            0.7077412934398255,
            0.5851283031831116,
            0.7855651276020198,
            0.6076137155641319,
            0.5202424749439264,
            0.4938974397777326,
            1938179.0,
            2638060.0
        ]
    },
    "cohesion_parameters": {
        "H": {
            "H": 0.77,
            "NH": 0.23
        },
        "NH": {
            "H": 0.52,
            "NH": 0.48
        }
    },
    "alphas": {
        "H": {
            "H": 1,
            "NH": 1
        },
        "NH": {
            "H": 1,
            "NH": 1
        }
    },
    "slate_to_candidates": {
        "H": [
            "H1",
            "H2",
            "H3",
            "H4",
            "H5"
        ],
        "NH": [
            "NH1",
            "NH2",
            "NH3",
            "NH4",
            "NH5"
        ]
    }
}