{
    "bloc_voter_props": {
        "H": [
            0.17848517379052914,
            0.5160183960758512,
            0.49046924699170164,
            0.33140506302934913,
            0.28152880139028075,
            0.18839145319821407,
            0.39628824308664534,
            0.31086401551037035,
            446177.0,
            935680.0,
            950388.0,
            385451.0,
            623726.0,
            850962.0,
            830513.0,
            767023.0
        ],
        "NH": [
            0.8215148262094709,
            0.48398160392414874,
            0.5095307530082984,
            0.6685949369706509,
            0.7184711986097193,
            0.811608546801786,
            0.6037117569133547,
            0.6891359844896296,
            1457889.0,
            1028529.0,
            1040223.0,
            1514322.0,
            1311412.0,
            1145891.0,
            1097101.0,
            1114050.0
        ]
    },
    "cohesion_parameters": {
        "H": {
            "H": 0.77,
            "NH": 0.23
        },
        "NH": {
            "H": 0.52,
            "NH": 0.48
        }
    },
    "alphas": {
        "H": {
            "H": 1,
            "NH": 1
        },
        "NH": {
            "H": 1,
            "NH": 1
        }
    },
    "slate_to_candidates": {
        "H": [
            "H1",
            "H2",
            "H3",
            "H4",
            "H5"
        ],
        "NH": [
            "NH1",
            "NH2",
            "NH3",
            "NH4",
            "NH5"
        ]
    }
}