{
    "bloc_voter_props": {
        "H": [
            0.28758861756597087,
            0.2519212210965724,
            0.5378534534330138,
            0.5089735606062352,
            0.38804705823054375,
            0.4230219278361407,
            0.20899023711130724,
            0.4226719403368213,
            985969.0,
            649983.0
        ],
        "NH": [
            0.7124113824340291,
            0.7480787789034277,
            0.4621465465669862,
            0.4910264393937648,
            0.6119529417694562,
            0.5769780721638593,
            0.7910097628886927,
            0.5773280596631787,
            2080048.0,
            2468845.0
        ]
    },
    "cohesion_parameters": {
        "H": {
            "H": 0.77,
            "NH": 0.23
        },
        "NH": {
            "H": 0.52,
            "NH": 0.48
        }
    },
    "alphas": {
        "H": {
            "H": 1,
            "NH": 1
        },
        "NH": {
            "H": 1,
            "NH": 1
        }
    },
    "slate_to_candidates": {
        "H": [
            "H1",
            "H2",
            "H3",
            "H4",
            "H5"
        ],
        "NH": [
            "NH1",
            "NH2",
            "NH3",
            "NH4",
            "NH5"
        ]
    }
}