{
    "bloc_voter_props": {
        "H": [
            0.6019163505418531,
            0.22499744828094984,
            0.30074734734467434,
            0.33315162420970024,
            0.198979625116596,
            0.4860992224975737,
            0.4075383194868787,
            0.23836850311460972,
            810415.0,
            831680.0,
            557010.0,
            347454.0,
            619242.0,
            970088.0,
            512186.0,
            868331.0
        ],
        "NH": [
            0.39808364945814695,
            0.7750025517190502,
            0.6992526526553257,
            0.6668483757902998,
            0.801020374883404,
            0.5139007775024264,
            0.5924616805131213,
            0.7616314968853903,
            1027813.0,
            1086528.0,
            1396347.0,
            1485785.0,
            1312055.0,
            1045160.0,
            1454334.0,
            988859.0
        ]
    },
    "cohesion_parameters": {
        "H": {
            "H": 0.77,
            "NH": 0.23
        },
        "NH": {
            "H": 0.52,
            "NH": 0.48
        }
    },
    "alphas": {
        "H": {
            "H": 1,
            "NH": 1
        },
        "NH": {
            "H": 1,
            "NH": 1
        }
    },
    "slate_to_candidates": {
        "H": [
            "H1",
            "H2",
            "H3",
            "H4",
            "H5"
        ],
        "NH": [
            "NH1",
            "NH2",
            "NH3",
            "NH4",
            "NH5"
        ]
    }
}