{
    "bloc_voter_props": {
        "H": [
            0.42554922272695184,
            0.18866698356612516,
            0.3806731216918086,
            0.535659569741904,
            0.45145096290672604,
            0.3412547368002821,
            0.16829608401736063,
            0.20689709421323088,
            917658.0,
            790537.0,
            827465.0,
            483757.0,
            746329.0,
            677704.0,
            601428.0,
            720819.0
        ],
        "NH": [
            0.5744507772730482,
            0.8113330164338748,
            0.6193268783081914,
            0.46434043025809607,
            0.548549037093274,
            0.6587452631997179,
            0.8317039159826394,
            0.7931029057867691,
            972677.0,
            1207752.0,
            1185451.0,
            1448029.0,
            1178986.0,
            1174318.0,
            1413442.0,
            1121041.0
        ]
    },
    "cohesion_parameters": {
        "H": {
            "H": 0.77,
            "NH": 0.23
        },
        "NH": {
            "H": 0.52,
            "NH": 0.48
        }
    },
    "alphas": {
        "H": {
            "H": 1,
            "NH": 1
        },
        "NH": {
            "H": 1,
            "NH": 1
        }
    },
    "slate_to_candidates": {
        "H": [
            "H1",
            "H2",
            "H3",
            "H4",
            "H5"
        ],
        "NH": [
            "NH1",
            "NH2",
            "NH3",
            "NH4",
            "NH5"
        ]
    }
}