{
    "bloc_voter_props": {
        "H": [
            0.18627990994292895,
            0.431918130632095,
            0.47693220789347557,
            0.339618510493167,
            0.20045860940149274,
            0.47528625143969394,
            0.3181383849377405,
            0.37076981474510157,
            432571.0,
            336162.0,
            567760.0,
            764254.0,
            730098.0,
            917698.0,
            620914.0,
            1206597.0
        ],
        "NH": [
            0.813720090057071,
            0.5680818693679051,
            0.5230677921065244,
            0.660381489506833,
            0.7995413905985073,
            0.5247137485603061,
            0.6818616150622595,
            0.6292301852548985,
            1478673.0,
            1557178.0,
            1423874.0,
            1177000.0,
            1265134.0,
            912721.0,
            1359660.0,
            752545.0
        ]
    },
    "cohesion_parameters": {
        "H": {
            "H": 0.77,
            "NH": 0.23
        },
        "NH": {
            "H": 0.52,
            "NH": 0.48
        }
    },
    "alphas": {
        "H": {
            "H": 1,
            "NH": 1
        },
        "NH": {
            "H": 1,
            "NH": 1
        }
    },
    "slate_to_candidates": {
        "H": [
            "H1",
            "H2",
            "H3",
            "H4",
            "H5"
        ],
        "NH": [
            "NH1",
            "NH2",
            "NH3",
            "NH4",
            "NH5"
        ]
    }
}