{
    "bloc_voter_props": {
        "H": [
            0.3007097538338621,
            0.4364030362693017,
            0.36467949905990016,
            0.21768174048379096,
            0.42267226596652857,
            0.24393159309389792,
            0.5549567574874634,
            0.3094161115381932,
            1581212.0,
            565136.0
        ],
        "NH": [
            0.6992902461661379,
            0.5635969637306982,
            0.6353205009400998,
            0.782318259516209,
            0.5773277340334714,
            0.7560684069061021,
            0.4450432425125366,
            0.6905838884618068,
            1533317.0,
            2403580.0
        ]
    },
    "cohesion_parameters": {
        "H": {
            "H": 0.77,
            "NH": 0.23
        },
        "NH": {
            "H": 0.52,
            "NH": 0.48
        }
    },
    "alphas": {
        "H": {
            "H": 1,
            "NH": 1
        },
        "NH": {
            "H": 1,
            "NH": 1
        }
    },
    "slate_to_candidates": {
        "H": [
            "H1",
            "H2",
            "H3",
            "H4",
            "H5"
        ],
        "NH": [
            "NH1",
            "NH2",
            "NH3",
            "NH4",
            "NH5"
        ]
    }
}