{
    "bloc_voter_props": {
        "H": [
            0.38941054655155566,
            0.18866698356612516,
            0.4105079483618268,
            0.5004083337673502,
            0.42441102077017384,
            0.3412547368002821,
            0.16829608401736063,
            0.20689709421323088,
            799788.0,
            790537.0,
            827465.0,
            483757.0,
            746329.0,
            677704.0,
            601428.0,
            984860.0
        ],
        "NH": [
            0.6105894534484443,
            0.8113330164338748,
            0.5894920516381732,
            0.49959166623264983,
            0.5755889792298261,
            0.6587452631997179,
            0.8317039159826394,
            0.7931029057867691,
            1131346.0,
            1207752.0,
            1185451.0,
            1448029.0,
            1178986.0,
            1174318.0,
            1413442.0,
            856471.0
        ]
    },
    "cohesion_parameters": {
        "H": {
            "H": 0.77,
            "NH": 0.23
        },
        "NH": {
            "H": 0.52,
            "NH": 0.48
        }
    },
    "alphas": {
        "H": {
            "H": 1,
            "NH": 1
        },
        "NH": {
            "H": 1,
            "NH": 1
        }
    },
    "slate_to_candidates": {
        "H": [
            "H1",
            "H2",
            "H3",
            "H4",
            "H5"
        ],
        "NH": [
            "NH1",
            "NH2",
            "NH3",
            "NH4",
            "NH5"
        ]
    }
}