{
    "bloc_voter_props": {
        "H": [
            0.23557522040564158,
            0.1995067383070554,
            0.2895471183458938,
            0.4425746034175777,
            0.18809388508561525,
            0.4942835811860611,
            0.4005181769131316,
            0.3507328401010709,
            407465.0,
            1277228.0,
            660893.0,
            398828.0,
            606943.0,
            884133.0,
            878916.0,
            796751.0
        ],
        "NH": [
            0.7644247795943584,
            0.8004932616929445,
            0.7104528816541061,
            0.5574253965824223,
            0.8119061149143847,
            0.5057164188139389,
            0.5994818230868685,
            0.649267159898929,
            1470745.0,
            630760.0,
            1359560.0,
            1494300.0,
            1316309.0,
            1091663.0,
            1117094.0,
            1063171.0
        ]
    },
    "cohesion_parameters": {
        "H": {
            "H": 0.77,
            "NH": 0.23
        },
        "NH": {
            "H": 0.52,
            "NH": 0.48
        }
    },
    "alphas": {
        "H": {
            "H": 1,
            "NH": 1
        },
        "NH": {
            "H": 1,
            "NH": 1
        }
    },
    "slate_to_candidates": {
        "H": [
            "H1",
            "H2",
            "H3",
            "H4",
            "H5"
        ],
        "NH": [
            "NH1",
            "NH2",
            "NH3",
            "NH4",
            "NH5"
        ]
    }
}