{
    "bloc_voter_props": {
        "H": [
            0.18627990994292895,
            0.42874013370978653,
            0.47693220789347557,
            0.339618510493167,
            0.20045860940149274,
            0.1870866763034754,
            0.41221618712323327,
            0.2633214871693188,
            432571.0,
            573318.0,
            687618.0,
            743575.0,
            732826.0,
            930850.0,
            909834.0,
            1086739.0
        ],
        "NH": [
            0.813720090057071,
            0.5712598662902135,
            0.5230677921065244,
            0.660381489506833,
            0.7995413905985073,
            0.8129133236965246,
            0.5877838128767667,
            0.7366785128306812,
            1478673.0,
            1312746.0,
            1290299.0,
            1161825.0,
            1224609.0,
            903616.0,
            1059826.0,
            886120.0
        ]
    },
    "cohesion_parameters": {
        "H": {
            "H": 0.77,
            "NH": 0.23
        },
        "NH": {
            "H": 0.52,
            "NH": 0.48
        }
    },
    "alphas": {
        "H": {
            "H": 1,
            "NH": 1
        },
        "NH": {
            "H": 1,
            "NH": 1
        }
    },
    "slate_to_candidates": {
        "H": [
            "H1",
            "H2",
            "H3",
            "H4",
            "H5"
        ],
        "NH": [
            "NH1",
            "NH2",
            "NH3",
            "NH4",
            "NH5"
        ]
    }
}