{
    "bloc_voter_props": {
        "H": [
            0.4779810294961754,
            0.380244691191986,
            0.4002353781083963,
            0.23257307997307616,
            0.5022595062040595,
            0.42759208832926704,
            0.3787634849902326,
            0.1834386738519198,
            955730.0,
            725790.0
        ],
        "NH": [
            0.5220189705038246,
            0.619755308808014,
            0.5997646218916037,
            0.7674269200269238,
            0.49774049379594054,
            0.572407911670733,
            0.6212365150097674,
            0.8165613261480802,
            2097164.0,
            2275271.0
        ]
    },
    "cohesion_parameters": {
        "H": {
            "H": 0.77,
            "NH": 0.23
        },
        "NH": {
            "H": 0.52,
            "NH": 0.48
        }
    },
    "alphas": {
        "H": {
            "H": 1,
            "NH": 1
        },
        "NH": {
            "H": 1,
            "NH": 1
        }
    },
    "slate_to_candidates": {
        "H": [
            "H1",
            "H2",
            "H3",
            "H4",
            "H5"
        ],
        "NH": [
            "NH1",
            "NH2",
            "NH3",
            "NH4",
            "NH5"
        ]
    }
}