{
    "bloc_voter_props": {
        "H": [
            0.30527587138917606,
            0.5119506962760764,
            0.3082665556082668,
            0.5083627791379087,
            0.2097223652885049,
            0.3001255759510374,
            0.38298020844945013,
            0.20160957203978075,
            1386200.0,
            1121246.0
        ],
        "NH": [
            0.6947241286108239,
            0.48804930372392363,
            0.6917334443917332,
            0.4916372208620913,
            0.790277634711495,
            0.6998744240489626,
            0.6170197915505499,
            0.7983904279602192,
            1799716.0,
            1814230.0
        ]
    },
    "cohesion_parameters": {
        "H": {
            "H": 0.77,
            "NH": 0.23
        },
        "NH": {
            "H": 0.52,
            "NH": 0.48
        }
    },
    "alphas": {
        "H": {
            "H": 1,
            "NH": 1
        },
        "NH": {
            "H": 1,
            "NH": 1
        }
    },
    "slate_to_candidates": {
        "H": [
            "H1",
            "H2",
            "H3",
            "H4",
            "H5"
        ],
        "NH": [
            "NH1",
            "NH2",
            "NH3",
            "NH4",
            "NH5"
        ]
    }
}