{
    "bloc_voter_props": {
        "H": [
            0.5826423619488653,
            0.33243744193224667,
            0.2186756615407779,
            0.2846197331914504,
            0.2006886249247555,
            0.21940630787711815,
            0.4228101741690114,
            0.4146911089577608,
            1609914.0,
            1071913.0
        ],
        "NH": [
            0.4173576380511347,
            0.6675625580677533,
            0.7813243384592221,
            0.7153802668085496,
            0.7993113750752445,
            0.7805936921228819,
            0.5771898258309887,
            0.5853088910422392,
            1530710.0,
            1910696.0
        ]
    },
    "cohesion_parameters": {
        "H": {
            "H": 0.77,
            "NH": 0.23
        },
        "NH": {
            "H": 0.52,
            "NH": 0.48
        }
    },
    "alphas": {
        "H": {
            "H": 1,
            "NH": 1
        },
        "NH": {
            "H": 1,
            "NH": 1
        }
    },
    "slate_to_candidates": {
        "H": [
            "H1",
            "H2",
            "H3",
            "H4",
            "H5"
        ],
        "NH": [
            "NH1",
            "NH2",
            "NH3",
            "NH4",
            "NH5"
        ]
    }
}