{
    "bloc_voter_props": {
        "H": [
            0.5075888914813622,
            0.5021316398430004,
            0.3581451300805553,
            0.2442765427402776,
            0.392972955955042,
            0.434993653330826,
            0.40308082021547603,
            0.1939074800607335,
            955193.0,
            616244.0
        ],
        "NH": [
            0.49241110851863773,
            0.49786836015699965,
            0.6418548699194447,
            0.7557234572597225,
            0.607027044044958,
            0.565006346669174,
            0.596919179784524,
            0.8060925199392664,
            2092953.0,
            2357349.0
        ]
    },
    "cohesion_parameters": {
        "H": {
            "H": 0.77,
            "NH": 0.23
        },
        "NH": {
            "H": 0.52,
            "NH": 0.48
        }
    },
    "alphas": {
        "H": {
            "H": 1,
            "NH": 1
        },
        "NH": {
            "H": 1,
            "NH": 1
        }
    },
    "slate_to_candidates": {
        "H": [
            "H1",
            "H2",
            "H3",
            "H4",
            "H5"
        ],
        "NH": [
            "NH1",
            "NH2",
            "NH3",
            "NH4",
            "NH5"
        ]
    }
}