{
    "bloc_voter_props": {
        "H": [
            0.3024858479765013,
            0.42242025302031544,
            0.5038585680849481,
            0.19550398233049995,
            0.5079721364720576,
            0.434993653330826,
            0.4240136178331763,
            0.1834386738519198,
            955193.0,
            849988.0
        ],
        "NH": [
            0.6975141520234988,
            0.5775797469796845,
            0.4961414319150519,
            0.8044960176695001,
            0.49202786352794237,
            0.565006346669174,
            0.5759863821668237,
            0.8165613261480802,
            2092953.0,
            2350755.0
        ]
    },
    "cohesion_parameters": {
        "H": {
            "H": 0.77,
            "NH": 0.23
        },
        "NH": {
            "H": 0.52,
            "NH": 0.48
        }
    },
    "alphas": {
        "H": {
            "H": 1,
            "NH": 1
        },
        "NH": {
            "H": 1,
            "NH": 1
        }
    },
    "slate_to_candidates": {
        "H": [
            "H1",
            "H2",
            "H3",
            "H4",
            "H5"
        ],
        "NH": [
            "NH1",
            "NH2",
            "NH3",
            "NH4",
            "NH5"
        ]
    }
}