{
    "bloc_voter_props": {
        "H": [
            0.44066170523074427,
            0.30134835933608495,
            0.21807096659744202,
            0.4884316642939549,
            0.4556955096510201,
            0.431144133178562,
            0.18306777338113045,
            0.4334990637007125,
            1048452.0,
            745624.0
        ],
        "NH": [
            0.5593382947692558,
            0.698651640663915,
            0.7819290334025579,
            0.5115683357060451,
            0.5443044903489799,
            0.5688558668214381,
            0.8169322266188696,
            0.5665009362992874,
            1924709.0,
            2375717.0
        ]
    },
    "cohesion_parameters": {
        "H": {
            "H": 0.77,
            "NH": 0.23
        },
        "NH": {
            "H": 0.52,
            "NH": 0.48
        }
    },
    "alphas": {
        "H": {
            "H": 1,
            "NH": 1
        },
        "NH": {
            "H": 1,
            "NH": 1
        }
    },
    "slate_to_candidates": {
        "H": [
            "H1",
            "H2",
            "H3",
            "H4",
            "H5"
        ],
        "NH": [
            "NH1",
            "NH2",
            "NH3",
            "NH4",
            "NH5"
        ]
    }
}