{
    "bloc_voter_props": {
        "H": [
            0.30928471725519974,
            0.4450053722224824,
            0.21603038053573537,
            0.33864919885262107,
            0.17846545923465473,
            0.4026314975868291,
            0.2579616599919762,
            0.4730706367788546,
            1652932.0,
            1162647.0
        ],
        "NH": [
            0.6907152827448002,
            0.5549946277775176,
            0.7839696194642647,
            0.661350801147379,
            0.8215345407653453,
            0.5973685024131709,
            0.7420383400080238,
            0.5269293632211454,
            1330642.0,
            2006541.0
        ]
    },
    "cohesion_parameters": {
        "H": {
            "H": 0.77,
            "NH": 0.23
        },
        "NH": {
            "H": 0.52,
            "NH": 0.48
        }
    },
    "alphas": {
        "H": {
            "H": 1,
            "NH": 1
        },
        "NH": {
            "H": 1,
            "NH": 1
        }
    },
    "slate_to_candidates": {
        "H": [
            "H1",
            "H2",
            "H3",
            "H4",
            "H5"
        ],
        "NH": [
            "NH1",
            "NH2",
            "NH3",
            "NH4",
            "NH5"
        ]
    }
}