{
    "bloc_voter_props": {
        "H": [
            0.17430788862415136,
            0.47124005113408524,
            0.6788607573785085,
            0.28348866420773267,
            0.23024313838963473,
            0.38041239174136027,
            0.47490867007631715,
            0.3119789117439122,
            546838.0,
            691416.0,
            1026957.0,
            408350.0,
            594508.0,
            691099.0,
            314301.0,
            819166.0
        ],
        "NH": [
            0.8256921113758486,
            0.5287599488659148,
            0.3211392426214915,
            0.7165113357922673,
            0.7697568616103653,
            0.6195876082586398,
            0.5250913299236829,
            0.6880210882560878,
            1364074.0,
            1274760.0,
            894361.0,
            1471362.0,
            1399678.0,
            1197383.0,
            1547861.0,
            1037343.0
        ]
    },
    "cohesion_parameters": {
        "H": {
            "H": 0.77,
            "NH": 0.23
        },
        "NH": {
            "H": 0.52,
            "NH": 0.48
        }
    },
    "alphas": {
        "H": {
            "H": 1,
            "NH": 1
        },
        "NH": {
            "H": 1,
            "NH": 1
        }
    },
    "slate_to_candidates": {
        "H": [
            "H1",
            "H2",
            "H3",
            "H4",
            "H5"
        ],
        "NH": [
            "NH1",
            "NH2",
            "NH3",
            "NH4",
            "NH5"
        ]
    }
}