{
    "bloc_voter_props": {
        "H": [
            0.17430788862415136,
            0.4997179374217923,
            0.6788607573785085,
            0.3098903406878747,
            0.22456331139294136,
            0.43016449071300994,
            0.41405231106205,
            0.2654469676074898,
            413796.0,
            691416.0,
            982871.0,
            408350.0,
            575967.0,
            651872.0,
            424544.0,
            970215.0
        ],
        "NH": [
            0.8256921113758486,
            0.5002820625782077,
            0.3211392426214915,
            0.6901096593121253,
            0.7754366886070586,
            0.5698355092869901,
            0.58594768893795,
            0.7345530323925102,
            1510810.0,
            1274760.0,
            965195.0,
            1471362.0,
            1336132.0,
            1302935.0,
            1441366.0,
            868006.0
        ]
    },
    "cohesion_parameters": {
        "H": {
            "H": 0.77,
            "NH": 0.23
        },
        "NH": {
            "H": 0.52,
            "NH": 0.48
        }
    },
    "alphas": {
        "H": {
            "H": 1,
            "NH": 1
        },
        "NH": {
            "H": 1,
            "NH": 1
        }
    },
    "slate_to_candidates": {
        "H": [
            "H1",
            "H2",
            "H3",
            "H4",
            "H5"
        ],
        "NH": [
            "NH1",
            "NH2",
            "NH3",
            "NH4",
            "NH5"
        ]
    }
}