{
    "bloc_voter_props": {
        "H": [
            0.26116360165606856,
            0.4604340567612688,
            0.36901628542141146,
            0.4075330046126929,
            0.18788520714217588,
            0.48109272428884026,
            0.4165453881611042,
            0.26773312551465117,
            411528.0,
            761226.0,
            678822.0,
            440871.0,
            705354.0,
            967611.0,
            329675.0,
            1138642.0
        ],
        "NH": [
            0.7388363983439314,
            0.5395659432387312,
            0.6309837145785886,
            0.5924669953873072,
            0.8121147928578241,
            0.5189072757111597,
            0.5834546118388958,
            0.7322668744853489,
            1568106.0,
            1109606.0,
            1308701.0,
            1470759.0,
            1213750.0,
            994049.0,
            1546189.0,
            699979.0
        ]
    },
    "cohesion_parameters": {
        "H": {
            "H": 0.77,
            "NH": 0.23
        },
        "NH": {
            "H": 0.52,
            "NH": 0.48
        }
    },
    "alphas": {
        "H": {
            "H": 1,
            "NH": 1
        },
        "NH": {
            "H": 1,
            "NH": 1
        }
    },
    "slate_to_candidates": {
        "H": [
            "H1",
            "H2",
            "H3",
            "H4",
            "H5"
        ],
        "NH": [
            "NH1",
            "NH2",
            "NH3",
            "NH4",
            "NH5"
        ]
    }
}