{
    "bloc_voter_props": {
        "H": [
            0.4902936394338668,
            0.6492840085647468,
            0.5138114274474118,
            0.3205943971399871,
            0.22074108800651399,
            0.2619906058173785,
            0.3290940485186596,
            0.45382255452967263,
            358631.0,
            450950.0,
            956385.0,
            453640.0,
            833894.0,
            666832.0,
            309219.0,
            672195.0
        ],
        "NH": [
            0.5097063605661332,
            0.3507159914352533,
            0.48618857255258824,
            0.6794056028600128,
            0.7792589119934861,
            0.7380093941826216,
            0.6709059514813405,
            0.5461774454703274,
            1518454.0,
            1568316.0,
            963951.0,
            1534738.0,
            1169031.0,
            1225513.0,
            1565267.0,
            1196134.0
        ]
    },
    "cohesion_parameters": {
        "H": {
            "H": 0.77,
            "NH": 0.23
        },
        "NH": {
            "H": 0.52,
            "NH": 0.48
        }
    },
    "alphas": {
        "H": {
            "H": 1,
            "NH": 1
        },
        "NH": {
            "H": 1,
            "NH": 1
        }
    },
    "slate_to_candidates": {
        "H": [
            "H1",
            "H2",
            "H3",
            "H4",
            "H5"
        ],
        "NH": [
            "NH1",
            "NH2",
            "NH3",
            "NH4",
            "NH5"
        ]
    }
}