{
    "bloc_voter_props": {
        "H": [
            0.43339396071784636,
            0.47924991157779245,
            0.5092527041100342,
            0.3562125651659045,
            0.18788520714217588,
            0.2877642626229737,
            0.39628824308664534,
            0.3080475702280273,
            384608.0,
            771499.0,
            660093.0,
            423391.0,
            655583.0,
            921534.0,
            374075.0,
            1056786.0
        ],
        "NH": [
            0.5666060392821537,
            0.5207500884222075,
            0.49074729588996585,
            0.6437874348340955,
            0.8121147928578241,
            0.7122357373770263,
            0.6037117569133547,
            0.6919524297719727,
            1513695.0,
            1113277.0,
            1206206.0,
            1439935.0,
            1365937.0,
            964551.0,
            1631424.0,
            945637.0
        ]
    },
    "cohesion_parameters": {
        "H": {
            "H": 0.77,
            "NH": 0.23
        },
        "NH": {
            "H": 0.52,
            "NH": 0.48
        }
    },
    "alphas": {
        "H": {
            "H": 1,
            "NH": 1
        },
        "NH": {
            "H": 1,
            "NH": 1
        }
    },
    "slate_to_candidates": {
        "H": [
            "H1",
            "H2",
            "H3",
            "H4",
            "H5"
        ],
        "NH": [
            "NH1",
            "NH2",
            "NH3",
            "NH4",
            "NH5"
        ]
    }
}