{
    "bloc_voter_props": {
        "H": [
            0.47306202974521017,
            0.526013746492575,
            0.2498546001413416,
            0.30635523982225055,
            0.19189569379357058,
            0.22037731875574051,
            0.6399743609465939,
            0.4286221660671469,
            363207.0,
            736438.0,
            1009134.0,
            443985.0,
            644996.0,
            628627.0,
            408461.0,
            809523.0
        ],
        "NH": [
            0.5269379702547898,
            0.473986253507425,
            0.7501453998586585,
            0.6936447601777495,
            0.8081043062064294,
            0.7796226812442595,
            0.3600256390534061,
            0.5713778339328531,
            1610975.0,
            1145810.0,
            923090.0,
            1429119.0,
            1289468.0,
            1208578.0,
            1454346.0,
            1181714.0
        ]
    },
    "cohesion_parameters": {
        "H": {
            "H": 0.77,
            "NH": 0.23
        },
        "NH": {
            "H": 0.52,
            "NH": 0.48
        }
    },
    "alphas": {
        "H": {
            "H": 1,
            "NH": 1
        },
        "NH": {
            "H": 1,
            "NH": 1
        }
    },
    "slate_to_candidates": {
        "H": [
            "H1",
            "H2",
            "H3",
            "H4",
            "H5"
        ],
        "NH": [
            "NH1",
            "NH2",
            "NH3",
            "NH4",
            "NH5"
        ]
    }
}