{
    "bloc_voter_props": {
        "H": [
            0.6425518277739776,
            0.23790472696943804,
            0.5007182833105481,
            0.3802478071707447,
            0.2271523934592764,
            0.30132954068251866,
            0.4123507245643762,
            0.21924928921879694,
            769438.0,
            583069.0,
            667911.0,
            447503.0,
            994739.0,
            384200.0,
            861965.0,
            595250.0
        ],
        "NH": [
            0.35744817222602243,
            0.7620952730305619,
            0.49928171668945187,
            0.6197521928292553,
            0.7728476065407236,
            0.6986704593174813,
            0.5876492754356237,
            0.7807507107812031,
            1124123.0,
            1370769.0,
            1199151.0,
            1457796.0,
            1014867.0,
            1513544.0,
            981051.0,
            1424719.0
        ]
    },
    "cohesion_parameters": {
        "H": {
            "H": 0.77,
            "NH": 0.23
        },
        "NH": {
            "H": 0.52,
            "NH": 0.48
        }
    },
    "alphas": {
        "H": {
            "H": 1,
            "NH": 1
        },
        "NH": {
            "H": 1,
            "NH": 1
        }
    },
    "slate_to_candidates": {
        "H": [
            "H1",
            "H2",
            "H3",
            "H4",
            "H5"
        ],
        "NH": [
            "NH1",
            "NH2",
            "NH3",
            "NH4",
            "NH5"
        ]
    }
}