{
    "bloc_voter_props": {
        "H": [
            0.31438437090987004,
            0.431918130632095,
            0.47693220789347557,
            0.6141366359550965,
            0.2190579918953611,
            0.47528625143969394,
            0.2642075701905595,
            0.29604210921697466,
            396627.0,
            336162.0,
            656792.0,
            764254.0,
            830995.0,
            917698.0,
            371238.0,
            746012.0
        ],
        "NH": [
            0.68561562909013,
            0.5680818693679051,
            0.5230677921065244,
            0.3858633640449035,
            0.7809420081046389,
            0.5247137485603061,
            0.7357924298094405,
            0.7039578907830254,
            1592375.0,
            1557178.0,
            1330667.0,
            1177000.0,
            1165020.0,
            912721.0,
            1524158.0,
            1181778.0
        ]
    },
    "cohesion_parameters": {
        "H": {
            "H": 0.77,
            "NH": 0.23
        },
        "NH": {
            "H": 0.52,
            "NH": 0.48
        }
    },
    "alphas": {
        "H": {
            "H": 1,
            "NH": 1
        },
        "NH": {
            "H": 1,
            "NH": 1
        }
    },
    "slate_to_candidates": {
        "H": [
            "H1",
            "H2",
            "H3",
            "H4",
            "H5"
        ],
        "NH": [
            "NH1",
            "NH2",
            "NH3",
            "NH4",
            "NH5"
        ]
    }
}