{
    "bloc_voter_props": {
        "H": [
            0.31438437090987004,
            0.431918130632095,
            0.47693220789347557,
            0.6141366359550965,
            0.2190579918953611,
            0.47528625143969394,
            0.2945226955045929,
            0.38817134494222394,
            344920.0,
            336162.0,
            656792.0,
            736336.0,
            563170.0,
            945616.0,
            422945.0,
            746012.0
        ],
        "NH": [
            0.68561562909013,
            0.5680818693679051,
            0.5230677921065244,
            0.3858633640449035,
            0.7809420081046389,
            0.5247137485603061,
            0.7054773044954071,
            0.6118286550577761,
            1516919.0,
            1557178.0,
            1330667.0,
            1166316.0,
            1329401.0,
            923405.0,
            1599614.0,
            1181778.0
        ]
    },
    "cohesion_parameters": {
        "H": {
            "H": 0.77,
            "NH": 0.23
        },
        "NH": {
            "H": 0.52,
            "NH": 0.48
        }
    },
    "alphas": {
        "H": {
            "H": 1,
            "NH": 1
        },
        "NH": {
            "H": 1,
            "NH": 1
        }
    },
    "slate_to_candidates": {
        "H": [
            "H1",
            "H2",
            "H3",
            "H4",
            "H5"
        ],
        "NH": [
            "NH1",
            "NH2",
            "NH3",
            "NH4",
            "NH5"
        ]
    }
}