{
    "bloc_voter_props": {
        "H": [
            0.4590757014585647,
            0.4402967156088177,
            0.4383372436608519,
            0.20523037969025143,
            0.2593121923975843,
            0.5778851481276277,
            0.33341708332286457,
            0.3127504889517426,
            945102.0,
            563106.0
        ],
        "NH": [
            0.5409242985414353,
            0.5597032843911822,
            0.5616627563391481,
            0.7947696203097486,
            0.7406878076024157,
            0.4221148518723723,
            0.6665829166771354,
            0.6872495110482574,
            1986432.0,
            2446611.0
        ]
    },
    "cohesion_parameters": {
        "H": {
            "H": 0.77,
            "NH": 0.23
        },
        "NH": {
            "H": 0.52,
            "NH": 0.48
        }
    },
    "alphas": {
        "H": {
            "H": 1,
            "NH": 1
        },
        "NH": {
            "H": 1,
            "NH": 1
        }
    },
    "slate_to_candidates": {
        "H": [
            "H1",
            "H2",
            "H3",
            "H4",
            "H5"
        ],
        "NH": [
            "NH1",
            "NH2",
            "NH3",
            "NH4",
            "NH5"
        ]
    }
}