{
    "bloc_voter_props": {
        "H": [
            0.4616125990960374,
            0.4876928785172636,
            0.41824965870544156,
            0.34499201849367206,
            0.19087392659855262,
            0.22514692145761336,
            0.283933667194521,
            0.36843612172986756,
            1128130.0,
            1216618.0
        ],
        "NH": [
            0.5383874009039626,
            0.5123071214827364,
            0.5817503412945585,
            0.6550079815063279,
            0.8091260734014474,
            0.7748530785423866,
            0.7160663328054789,
            0.6315638782701324,
            1973169.0,
            1923741.0
        ]
    },
    "cohesion_parameters": {
        "H": {
            "H": 0.77,
            "NH": 0.23
        },
        "NH": {
            "H": 0.52,
            "NH": 0.48
        }
    },
    "alphas": {
        "H": {
            "H": 1,
            "NH": 1
        },
        "NH": {
            "H": 1,
            "NH": 1
        }
    },
    "slate_to_candidates": {
        "H": [
            "H1",
            "H2",
            "H3",
            "H4",
            "H5"
        ],
        "NH": [
            "NH1",
            "NH2",
            "NH3",
            "NH4",
            "NH5"
        ]
    }
}