{
    "bloc_voter_props": {
        "H": [
            0.5616589236262091,
            0.42842906106548434,
            0.4499195588807968,
            0.25089231739607326,
            0.19031887128952907,
            0.33388233713104365,
            0.3166604162446796,
            0.4706983987202002,
            945102.0,
            650054.0
        ],
        "NH": [
            0.43834107637379094,
            0.5715709389345157,
            0.5500804411192032,
            0.7491076826039267,
            0.8096811287104709,
            0.6661176628689564,
            0.6833395837553203,
            0.5293016012797997,
            1986432.0,
            2450842.0
        ]
    },
    "cohesion_parameters": {
        "H": {
            "H": 0.77,
            "NH": 0.23
        },
        "NH": {
            "H": 0.52,
            "NH": 0.48
        }
    },
    "alphas": {
        "H": {
            "H": 1,
            "NH": 1
        },
        "NH": {
            "H": 1,
            "NH": 1
        }
    },
    "slate_to_candidates": {
        "H": [
            "H1",
            "H2",
            "H3",
            "H4",
            "H5"
        ],
        "NH": [
            "NH1",
            "NH2",
            "NH3",
            "NH4",
            "NH5"
        ]
    }
}