{
    "bloc_voter_props": {
        "H": [
            0.47306202974521017,
            0.526013746492575,
            0.29722504322174265,
            0.29735755928805147,
            0.22147538950321047,
            0.19130968561843364,
            0.3106006611091357,
            0.4286221660671469,
            405529.0,
            670406.0,
            1009134.0,
            453640.0,
            1275965.0,
            730462.0,
            356484.0,
            735144.0
        ],
        "NH": [
            0.5269379702547898,
            0.473986253507425,
            0.7027749567782573,
            0.7026424407119486,
            0.7785246104967896,
            0.8086903143815664,
            0.6893993388908644,
            0.5713778339328531,
            1450171.0,
            1237164.0,
            923090.0,
            1534738.0,
            737949.0,
            1111887.0,
            1509531.0,
            1223324.0
        ]
    },
    "cohesion_parameters": {
        "H": {
            "H": 0.77,
            "NH": 0.23
        },
        "NH": {
            "H": 0.52,
            "NH": 0.48
        }
    },
    "alphas": {
        "H": {
            "H": 1,
            "NH": 1
        },
        "NH": {
            "H": 1,
            "NH": 1
        }
    },
    "slate_to_candidates": {
        "H": [
            "H1",
            "H2",
            "H3",
            "H4",
            "H5"
        ],
        "NH": [
            "NH1",
            "NH2",
            "NH3",
            "NH4",
            "NH5"
        ]
    }
}