{
    "bloc_voter_props": {
        "H": [
            0.3210555464155118,
            0.42242025302031544,
            0.5114199724948012,
            0.20551739788760018,
            0.5006183025339693,
            0.434993653330826,
            0.40308082021547603,
            0.1939074800607335,
            955193.0,
            786774.0
        ],
        "NH": [
            0.6789444535844882,
            0.5775797469796845,
            0.48858002750519874,
            0.7944826021123998,
            0.49938169746603067,
            0.565006346669174,
            0.596919179784524,
            0.8060925199392664,
            2092953.0,
            2413676.0
        ]
    },
    "cohesion_parameters": {
        "H": {
            "H": 0.77,
            "NH": 0.23
        },
        "NH": {
            "H": 0.52,
            "NH": 0.48
        }
    },
    "alphas": {
        "H": {
            "H": 1,
            "NH": 1
        },
        "NH": {
            "H": 1,
            "NH": 1
        }
    },
    "slate_to_candidates": {
        "H": [
            "H1",
            "H2",
            "H3",
            "H4",
            "H5"
        ],
        "NH": [
            "NH1",
            "NH2",
            "NH3",
            "NH4",
            "NH5"
        ]
    }
}