{
    "bloc_voter_props": {
        "H": [
            0.3565523624114008,
            0.18800689418156188,
            0.2583119971542359,
            0.19330274777030726,
            0.44567699025656166,
            0.39713212013453725,
            0.4773556896640368,
            0.35196026458073515,
            1479805.0,
            1209611.0
        ],
        "NH": [
            0.6434476375885991,
            0.8119931058184381,
            0.7416880028457641,
            0.8066972522296927,
            0.5543230097434383,
            0.6028678798654628,
            0.5226443103359633,
            0.6480397354192649,
            1709432.0,
            1738390.0
        ]
    },
    "cohesion_parameters": {
        "H": {
            "H": 0.77,
            "NH": 0.23
        },
        "NH": {
            "H": 0.52,
            "NH": 0.48
        }
    },
    "alphas": {
        "H": {
            "H": 1,
            "NH": 1
        },
        "NH": {
            "H": 1,
            "NH": 1
        }
    },
    "slate_to_candidates": {
        "H": [
            "H1",
            "H2",
            "H3",
            "H4",
            "H5"
        ],
        "NH": [
            "NH1",
            "NH2",
            "NH3",
            "NH4",
            "NH5"
        ]
    }
}