{
    "bloc_voter_props": {
        "H": [
            0.37053538676232906,
            0.5066234135523807,
            0.1986535963151057,
            0.41487169681688846,
            0.2144348723979802,
            0.38545113259386143,
            0.47975752505607355,
            0.3773267752694454,
            996947.0,
            816377.0
        ],
        "NH": [
            0.6294646132376709,
            0.4933765864476193,
            0.8013464036848943,
            0.5851283031831116,
            0.7855651276020198,
            0.6145488674061386,
            0.5202424749439264,
            0.6226732247305546,
            1938179.0,
            2211514.0
        ]
    },
    "cohesion_parameters": {
        "H": {
            "H": 0.77,
            "NH": 0.23
        },
        "NH": {
            "H": 0.52,
            "NH": 0.48
        }
    },
    "alphas": {
        "H": {
            "H": 1,
            "NH": 1
        },
        "NH": {
            "H": 1,
            "NH": 1
        }
    },
    "slate_to_candidates": {
        "H": [
            "H1",
            "H2",
            "H3",
            "H4",
            "H5"
        ],
        "NH": [
            "NH1",
            "NH2",
            "NH3",
            "NH4",
            "NH5"
        ]
    }
}