{
    "bloc_voter_props": {
        "H": [
            0.41720618381554536,
            0.4914379965685669,
            0.1937755726710378,
            0.39124333680191226,
            0.2240370632822969,
            0.23243798923932088,
            0.4229051896201346,
            0.4679799572266377,
            1042811.0,
            1065936.0
        ],
        "NH": [
            0.5827938161844547,
            0.5085620034314331,
            0.8062244273289622,
            0.6087566631980877,
            0.7759629367177031,
            0.7675620107606791,
            0.5770948103798653,
            0.5320200427733622,
            1969673.0,
            2064372.0
        ]
    },
    "cohesion_parameters": {
        "H": {
            "H": 0.77,
            "NH": 0.23
        },
        "NH": {
            "H": 0.52,
            "NH": 0.48
        }
    },
    "alphas": {
        "H": {
            "H": 1,
            "NH": 1
        },
        "NH": {
            "H": 1,
            "NH": 1
        }
    },
    "slate_to_candidates": {
        "H": [
            "H1",
            "H2",
            "H3",
            "H4",
            "H5"
        ],
        "NH": [
            "NH1",
            "NH2",
            "NH3",
            "NH4",
            "NH5"
        ]
    }
}