{
    "bloc_voter_props": {
        "H": [
            0.33912563748246555,
            0.44024047055290777,
            0.44336759147620697,
            0.4090494040077513,
            0.23314084556233644,
            0.49782959027563134,
            0.19427407269935423,
            0.3209684293071643,
            1425922.0,
            722004.0
        ],
        "NH": [
            0.6608743625175344,
            0.5597595294470922,
            0.556632408523793,
            0.5909505959922488,
            0.7668591544376635,
            0.5021704097243687,
            0.8057259273006457,
            0.6790315706928357,
            1793682.0,
            2460631.0
        ]
    },
    "cohesion_parameters": {
        "H": {
            "H": 0.77,
            "NH": 0.23
        },
        "NH": {
            "H": 0.52,
            "NH": 0.48
        }
    },
    "alphas": {
        "H": {
            "H": 1,
            "NH": 1
        },
        "NH": {
            "H": 1,
            "NH": 1
        }
    },
    "slate_to_candidates": {
        "H": [
            "H1",
            "H2",
            "H3",
            "H4",
            "H5"
        ],
        "NH": [
            "NH1",
            "NH2",
            "NH3",
            "NH4",
            "NH5"
        ]
    }
}