{
    "bloc_voter_props": {
        "H": [
            0.31505158408157796,
            0.42984822923197136,
            0.5133007870877753,
            0.3641279719549793,
            0.39615489827205996,
            0.1865340052115507,
            0.37087680986883065,
            0.19314055228949772,
            1523587.0,
            811002.0
        ],
        "NH": [
            0.684948415918422,
            0.5701517707680287,
            0.4866992129122248,
            0.6358720280450207,
            0.60384510172794,
            0.8134659947884493,
            0.6291231901311694,
            0.8068594477105022,
            1424597.0,
            2247594.0
        ]
    },
    "cohesion_parameters": {
        "H": {
            "H": 0.77,
            "NH": 0.23
        },
        "NH": {
            "H": 0.52,
            "NH": 0.48
        }
    },
    "alphas": {
        "H": {
            "H": 1,
            "NH": 1
        },
        "NH": {
            "H": 1,
            "NH": 1
        }
    },
    "slate_to_candidates": {
        "H": [
            "H1",
            "H2",
            "H3",
            "H4",
            "H5"
        ],
        "NH": [
            "NH1",
            "NH2",
            "NH3",
            "NH4",
            "NH5"
        ]
    }
}