{
    "bloc_voter_props": {
        "H": [
            0.532023585514557,
            0.3289702765334502,
            0.19397679792721925,
            0.4506850876577651,
            0.17526174008518344,
            0.4235506944296331,
            0.38570760367786955,
            0.43365659624465613,
            996947.0,
            889687.0
        ],
        "NH": [
            0.4679764144854431,
            0.6710297234665498,
            0.8060232020727808,
            0.549314912342235,
            0.8247382599148165,
            0.5764493055703669,
            0.6142923963221304,
            0.5663434037553439,
            1938179.0,
            2216867.0
        ]
    },
    "cohesion_parameters": {
        "H": {
            "H": 0.77,
            "NH": 0.23
        },
        "NH": {
            "H": 0.52,
            "NH": 0.48
        }
    },
    "alphas": {
        "H": {
            "H": 1,
            "NH": 1
        },
        "NH": {
            "H": 1,
            "NH": 1
        }
    },
    "slate_to_candidates": {
        "H": [
            "H1",
            "H2",
            "H3",
            "H4",
            "H5"
        ],
        "NH": [
            "NH1",
            "NH2",
            "NH3",
            "NH4",
            "NH5"
        ]
    }
}