{
    "bloc_voter_props": {
        "H": [
            0.4032991900359718,
            0.526013746492575,
            0.30074734734467434,
            0.4977953859368515,
            0.18782678036782452,
            0.19160969786240772,
            0.43585334885197335,
            0.1875442750610983,
            445266.0,
            936770.0,
            507414.0,
            558430.0,
            575964.0,
            661837.0,
            731025.0,
            1211658.0
        ],
        "NH": [
            0.5967008099640282,
            0.473986253507425,
            0.6992526526553257,
            0.5022046140631485,
            0.8121732196321755,
            0.8083903021375923,
            0.5641466511480266,
            0.8124557249389017,
            1466210.0,
            998013.0,
            1514010.0,
            1272729.0,
            1288592.0,
            1199124.0,
            1182995.0,
            686177.0
        ]
    },
    "cohesion_parameters": {
        "H": {
            "H": 0.77,
            "NH": 0.23
        },
        "NH": {
            "H": 0.52,
            "NH": 0.48
        }
    },
    "alphas": {
        "H": {
            "H": 1,
            "NH": 1
        },
        "NH": {
            "H": 1,
            "NH": 1
        }
    },
    "slate_to_candidates": {
        "H": [
            "H1",
            "H2",
            "H3",
            "H4",
            "H5"
        ],
        "NH": [
            "NH1",
            "NH2",
            "NH3",
            "NH4",
            "NH5"
        ]
    }
}