{
    "bloc_voter_props": {
        "H": [
            0.6425518277739776,
            0.23790472696943804,
            0.4528924667057777,
            0.30295037448900236,
            0.22660014554573582,
            0.37399007964424646,
            0.44442572392338037,
            0.21924928921879694,
            1053752.0,
            583069.0,
            521509.0,
            447503.0,
            726961.0,
            303457.0,
            939215.0,
            781374.0
        ],
        "NH": [
            0.35744817222602243,
            0.7620952730305619,
            0.5471075332942222,
            0.6970496255109976,
            0.7733998544542642,
            0.6260099203557535,
            0.5555742760766197,
            0.7807507107812031,
            944153.0,
            1370769.0,
            1346421.0,
            1457796.0,
            1191117.0,
            1541050.0,
            1013457.0,
            1193774.0
        ]
    },
    "cohesion_parameters": {
        "H": {
            "H": 0.77,
            "NH": 0.23
        },
        "NH": {
            "H": 0.52,
            "NH": 0.48
        }
    },
    "alphas": {
        "H": {
            "H": 1,
            "NH": 1
        },
        "NH": {
            "H": 1,
            "NH": 1
        }
    },
    "slate_to_candidates": {
        "H": [
            "H1",
            "H2",
            "H3",
            "H4",
            "H5"
        ],
        "NH": [
            "NH1",
            "NH2",
            "NH3",
            "NH4",
            "NH5"
        ]
    }
}