{
    "bloc_voter_props": {
        "H": [
            0.6019163505418531,
            0.22499744828094984,
            0.30074734734467434,
            0.33315162420970024,
            0.198979625116596,
            0.39017013600708983,
            0.26070483986438114,
            0.23836850311460972,
            1062630.0,
            831680.0,
            557010.0,
            347454.0,
            619242.0,
            862527.0,
            789730.0,
            944654.0
        ],
        "NH": [
            0.39808364945814695,
            0.7750025517190502,
            0.6992526526553257,
            0.6668483757902998,
            0.801020374883404,
            0.6098298639929102,
            0.7392951601356189,
            0.7616314968853903,
            919504.0,
            1086528.0,
            1396347.0,
            1485785.0,
            1312055.0,
            1084816.0,
            1190993.0,
            926378.0
        ]
    },
    "cohesion_parameters": {
        "H": {
            "H": 0.77,
            "NH": 0.23
        },
        "NH": {
            "H": 0.52,
            "NH": 0.48
        }
    },
    "alphas": {
        "H": {
            "H": 1,
            "NH": 1
        },
        "NH": {
            "H": 1,
            "NH": 1
        }
    },
    "slate_to_candidates": {
        "H": [
            "H1",
            "H2",
            "H3",
            "H4",
            "H5"
        ],
        "NH": [
            "NH1",
            "NH2",
            "NH3",
            "NH4",
            "NH5"
        ]
    }
}