{
    "bloc_voter_props": {
        "H": [
            0.4846470001058697,
            0.46912814846304884,
            0.238958326347628,
            0.4627359450576574,
            0.45544095138004564,
            0.3389164235950504,
            0.19057499838745312,
            0.2926770766393721,
            1234159.0,
            608013.0
        ],
        "NH": [
            0.5153529998941303,
            0.5308718515369512,
            0.761041673652372,
            0.5372640549423426,
            0.5445590486199543,
            0.6610835764049496,
            0.8094250016125469,
            0.7073229233606279,
            1764492.0,
            2342055.0
        ]
    },
    "cohesion_parameters": {
        "H": {
            "H": 0.77,
            "NH": 0.23
        },
        "NH": {
            "H": 0.52,
            "NH": 0.48
        }
    },
    "alphas": {
        "H": {
            "H": 1,
            "NH": 1
        },
        "NH": {
            "H": 1,
            "NH": 1
        }
    },
    "slate_to_candidates": {
        "H": [
            "H1",
            "H2",
            "H3",
            "H4",
            "H5"
        ],
        "NH": [
            "NH1",
            "NH2",
            "NH3",
            "NH4",
            "NH5"
        ]
    }
}