{
    "bloc_voter_props": {
        "H": [
            0.49647809097503637,
            0.23240044034077223,
            0.26234924721809005,
            0.4419000895620552,
            0.17891855612156374,
            0.20510463295292838,
            0.44136311474755113,
            0.5770824985451137,
            799546.0,
            411155.0,
            414042.0,
            805204.0,
            580822.0,
            897951.0,
            612629.0,
            862992.0
        ],
        "NH": [
            0.5035219090249636,
            0.7675995596592278,
            0.73765075278191,
            0.5580999104379448,
            0.8210814438784363,
            0.7948953670470716,
            0.5586368852524489,
            0.4229175014548863,
            1064414.0,
            1531900.0,
            1425440.0,
            1161525.0,
            1330853.0,
            986875.0,
            1236819.0,
            1080492.0
        ]
    },
    "cohesion_parameters": {
        "H": {
            "H": 0.77,
            "NH": 0.23
        },
        "NH": {
            "H": 0.52,
            "NH": 0.48
        }
    },
    "alphas": {
        "H": {
            "H": 1,
            "NH": 1
        },
        "NH": {
            "H": 1,
            "NH": 1
        }
    },
    "slate_to_candidates": {
        "H": [
            "H1",
            "H2",
            "H3",
            "H4",
            "H5"
        ],
        "NH": [
            "NH1",
            "NH2",
            "NH3",
            "NH4",
            "NH5"
        ]
    }
}