{
    "bloc_voter_props": {
        "H": [
            0.40752657726904357,
            0.3575343650984339,
            0.2582451452516406,
            0.5010719215951318,
            0.4320234962531558,
            0.4498823718007764,
            0.1928305552145655,
            0.1867126942521652,
            868692.0,
            1479429.0
        ],
        "NH": [
            0.5924734227309564,
            0.6424656349015662,
            0.7417548547483593,
            0.49892807840486825,
            0.5679765037468443,
            0.5501176281992236,
            0.8071694447854345,
            0.8132873057478348,
            2307537.0,
            1555111.0
        ]
    },
    "cohesion_parameters": {
        "H": {
            "H": 0.77,
            "NH": 0.23
        },
        "NH": {
            "H": 0.52,
            "NH": 0.48
        }
    },
    "alphas": {
        "H": {
            "H": 1,
            "NH": 1
        },
        "NH": {
            "H": 1,
            "NH": 1
        }
    },
    "slate_to_candidates": {
        "H": [
            "H1",
            "H2",
            "H3",
            "H4",
            "H5"
        ],
        "NH": [
            "NH1",
            "NH2",
            "NH3",
            "NH4",
            "NH5"
        ]
    }
}