{
    "bloc_voter_props": {
        "H": [
            0.49206147613935214,
            0.37782695777977005,
            0.3379549146640605,
            0.3083775987731317,
            0.29040791495943147,
            0.41197083835310266,
            0.21108069986673367,
            0.512822477976335,
            1097853.0,
            811576.0
        ],
        "NH": [
            0.5079385238606479,
            0.62217304222023,
            0.6620450853359394,
            0.6916224012268684,
            0.7095920850405685,
            0.5880291616468973,
            0.7889193001332664,
            0.48717752202366504,
            2007774.0,
            2424953.0
        ]
    },
    "cohesion_parameters": {
        "H": {
            "H": 0.77,
            "NH": 0.23
        },
        "NH": {
            "H": 0.52,
            "NH": 0.48
        }
    },
    "alphas": {
        "H": {
            "H": 1,
            "NH": 1
        },
        "NH": {
            "H": 1,
            "NH": 1
        }
    },
    "slate_to_candidates": {
        "H": [
            "H1",
            "H2",
            "H3",
            "H4",
            "H5"
        ],
        "NH": [
            "NH1",
            "NH2",
            "NH3",
            "NH4",
            "NH5"
        ]
    }
}