{
    "bloc_voter_props": {
        "H": [
            0.18545320189578612,
            0.45968512334868056,
            0.38027492662438434,
            0.3098903406878747,
            0.21513451174580686,
            0.41000485163757777,
            0.48503348890974035,
            0.36814056993233346,
            345484.0,
            473554.0,
            937523.0,
            433317.0,
            499255.0,
            1352073.0,
            487683.0,
            1007658.0
        ],
        "NH": [
            0.8145467981042139,
            0.5403148766513194,
            0.6197250733756157,
            0.6901096593121253,
            0.7848654882541931,
            0.5899951483624223,
            0.5149665110902596,
            0.6318594300676665,
            1559677.0,
            1446981.0,
            906244.0,
            1478863.0,
            1472490.0,
            631905.0,
            1490345.0,
            954253.0
        ]
    },
    "cohesion_parameters": {
        "H": {
            "H": 0.77,
            "NH": 0.23
        },
        "NH": {
            "H": 0.52,
            "NH": 0.48
        }
    },
    "alphas": {
        "H": {
            "H": 1,
            "NH": 1
        },
        "NH": {
            "H": 1,
            "NH": 1
        }
    },
    "slate_to_candidates": {
        "H": [
            "H1",
            "H2",
            "H3",
            "H4",
            "H5"
        ],
        "NH": [
            "NH1",
            "NH2",
            "NH3",
            "NH4",
            "NH5"
        ]
    }
}