{
    "bloc_voter_props": {
        "H": [
            0.532023585514557,
            0.35206160913000495,
            0.23554907657932836,
            0.4506850876577651,
            0.1890777222373304,
            0.40223194385073224,
            0.3798469775407331,
            0.44139247615199056,
            996947.0,
            728949.0
        ],
        "NH": [
            0.4679764144854431,
            0.647938390869995,
            0.7644509234206717,
            0.549314912342235,
            0.8109222777626696,
            0.5977680561492678,
            0.6201530224592668,
            0.5586075238480094,
            1938179.0,
            2436311.0
        ]
    },
    "cohesion_parameters": {
        "H": {
            "H": 0.77,
            "NH": 0.23
        },
        "NH": {
            "H": 0.52,
            "NH": 0.48
        }
    },
    "alphas": {
        "H": {
            "H": 1,
            "NH": 1
        },
        "NH": {
            "H": 1,
            "NH": 1
        }
    },
    "slate_to_candidates": {
        "H": [
            "H1",
            "H2",
            "H3",
            "H4",
            "H5"
        ],
        "NH": [
            "NH1",
            "NH2",
            "NH3",
            "NH4",
            "NH5"
        ]
    }
}