{
    "bloc_voter_props": {
        "H": [
            0.38065048469737184,
            0.42531328702945626,
            0.24366275101986767,
            0.49007290981072615,
            0.2781857344689352,
            0.35613713527445867,
            0.17977835558999747,
            0.3172007906058903,
            1574846.0,
            1126372.0
        ],
        "NH": [
            0.6193495153026282,
            0.5746867129705437,
            0.7563372489801323,
            0.5099270901892738,
            0.7218142655310648,
            0.6438628647255413,
            0.8202216444100026,
            0.6827992093941098,
            1547656.0,
            2001183.0
        ]
    },
    "cohesion_parameters": {
        "H": {
            "H": 0.77,
            "NH": 0.23
        },
        "NH": {
            "H": 0.52,
            "NH": 0.48
        }
    },
    "alphas": {
        "H": {
            "H": 1,
            "NH": 1
        },
        "NH": {
            "H": 1,
            "NH": 1
        }
    },
    "slate_to_candidates": {
        "H": [
            "H1",
            "H2",
            "H3",
            "H4",
            "H5"
        ],
        "NH": [
            "NH1",
            "NH2",
            "NH3",
            "NH4",
            "NH5"
        ]
    }
}