{
    "bloc_voter_props": {
        "H": [
            0.49647809097503637,
            0.19723234730907777,
            0.5555116928571066,
            0.29900748694094637,
            0.22219971817050835,
            0.19768456854484712,
            0.5181461257366529,
            0.2662358737101639,
            799546.0,
            413340.0,
            513321.0,
            828567.0,
            602445.0,
            803579.0,
            612629.0,
            907955.0
        ],
        "NH": [
            0.5035219090249636,
            0.8027676526909222,
            0.4444883071428935,
            0.7009925130590536,
            0.7778002818294917,
            0.8023154314551529,
            0.4818538742633471,
            0.7337641262898361,
            1064414.0,
            1468337.0,
            1370227.0,
            1049297.0,
            1228644.0,
            1072883.0,
            1236819.0,
            1080157.0
        ]
    },
    "cohesion_parameters": {
        "H": {
            "H": 0.77,
            "NH": 0.23
        },
        "NH": {
            "H": 0.52,
            "NH": 0.48
        }
    },
    "alphas": {
        "H": {
            "H": 1,
            "NH": 1
        },
        "NH": {
            "H": 1,
            "NH": 1
        }
    },
    "slate_to_candidates": {
        "H": [
            "H1",
            "H2",
            "H3",
            "H4",
            "H5"
        ],
        "NH": [
            "NH1",
            "NH2",
            "NH3",
            "NH4",
            "NH5"
        ]
    }
}