{
    "bloc_voter_props": {
        "H": [
            0.2312164623324739,
            0.4067197848653458,
            0.21016940791029787,
            0.46226434999757976,
            0.21956619030099747,
            0.404381551241298,
            0.26688561017499274,
            0.40753986950264065,
            1547918.0,
            1366156.0
        ],
        "NH": [
            0.7687835376675262,
            0.5932802151346541,
            0.7898305920897021,
            0.5377356500024203,
            0.7804338096990026,
            0.5956184487587021,
            0.7331143898250072,
            0.5924601304973593,
            1684871.0,
            1741347.0
        ]
    },
    "cohesion_parameters": {
        "H": {
            "H": 0.77,
            "NH": 0.23
        },
        "NH": {
            "H": 0.52,
            "NH": 0.48
        }
    },
    "alphas": {
        "H": {
            "H": 1,
            "NH": 1
        },
        "NH": {
            "H": 1,
            "NH": 1
        }
    },
    "slate_to_candidates": {
        "H": [
            "H1",
            "H2",
            "H3",
            "H4",
            "H5"
        ],
        "NH": [
            "NH1",
            "NH2",
            "NH3",
            "NH4",
            "NH5"
        ]
    }
}