{
    "bloc_voter_props": {
        "H": [
            0.6425518277739776,
            0.23790472696943804,
            0.4528924667057777,
            0.30295037448900236,
            0.1893087907911169,
            0.30132954068251866,
            0.44442572392338037,
            0.21924928921879694,
            963739.0,
            583069.0,
            667911.0,
            447503.0,
            771944.0,
            384200.0,
            1029228.0,
            736391.0
        ],
        "NH": [
            0.35744817222602243,
            0.7620952730305619,
            0.5471075332942222,
            0.6970496255109976,
            0.810691209208883,
            0.6986704593174813,
            0.5555742760766197,
            0.7807507107812031,
            993414.0,
            1370769.0,
            1199151.0,
            1457796.0,
            1121182.0,
            1513544.0,
            964196.0,
            1263709.0
        ]
    },
    "cohesion_parameters": {
        "H": {
            "H": 0.77,
            "NH": 0.23
        },
        "NH": {
            "H": 0.52,
            "NH": 0.48
        }
    },
    "alphas": {
        "H": {
            "H": 1,
            "NH": 1
        },
        "NH": {
            "H": 1,
            "NH": 1
        }
    },
    "slate_to_candidates": {
        "H": [
            "H1",
            "H2",
            "H3",
            "H4",
            "H5"
        ],
        "NH": [
            "NH1",
            "NH2",
            "NH3",
            "NH4",
            "NH5"
        ]
    }
}