{
    "bloc_voter_props": {
        "H": [
            0.5238760882841513,
            0.24725428427419355,
            0.37623159995520017,
            0.2875715055800423,
            0.33331312646009437,
            0.17527722654376385,
            0.434541704414667,
            0.4689094124760039,
            1522128.0,
            706394.0
        ],
        "NH": [
            0.4761239117158487,
            0.7527457157258064,
            0.6237684000447998,
            0.7124284944199577,
            0.6666868735399056,
            0.8247227734562361,
            0.565458295585333,
            0.5310905875239961,
            1598721.0,
            2476223.0
        ]
    },
    "cohesion_parameters": {
        "H": {
            "H": 0.77,
            "NH": 0.23
        },
        "NH": {
            "H": 0.52,
            "NH": 0.48
        }
    },
    "alphas": {
        "H": {
            "H": 1,
            "NH": 1
        },
        "NH": {
            "H": 1,
            "NH": 1
        }
    },
    "slate_to_candidates": {
        "H": [
            "H1",
            "H2",
            "H3",
            "H4",
            "H5"
        ],
        "NH": [
            "NH1",
            "NH2",
            "NH3",
            "NH4",
            "NH5"
        ]
    }
}