{
    "bloc_voter_props": {
        "H": [
            0.28758861756597087,
            0.46139676408485275,
            0.3310741279466085,
            0.24407850979644066,
            0.35113570581608033,
            0.2171823157101107,
            0.5042117529763991,
            0.398512206464391,
            1772533.0,
            579178.0
        ],
        "NH": [
            0.7124113824340291,
            0.5386032359151472,
            0.6689258720533915,
            0.7559214902035594,
            0.6488642941839197,
            0.7828176842898893,
            0.49578824702360086,
            0.601487793535609,
            1267868.0,
            2594955.0
        ]
    },
    "cohesion_parameters": {
        "H": {
            "H": 0.77,
            "NH": 0.23
        },
        "NH": {
            "H": 0.52,
            "NH": 0.48
        }
    },
    "alphas": {
        "H": {
            "H": 1,
            "NH": 1
        },
        "NH": {
            "H": 1,
            "NH": 1
        }
    },
    "slate_to_candidates": {
        "H": [
            "H1",
            "H2",
            "H3",
            "H4",
            "H5"
        ],
        "NH": [
            "NH1",
            "NH2",
            "NH3",
            "NH4",
            "NH5"
        ]
    }
}