{
    "bloc_voter_props": {
        "H": [
            0.41543205083305207,
            0.2482587663786388,
            0.2745053045700715,
            0.6024730615186098,
            0.1834876746908173,
            0.29286987295039124,
            0.2385864338176528,
            0.20262013073404053,
            1051680.0,
            583069.0,
            718312.0,
            464514.0,
            691757.0,
            1003395.0,
            789730.0,
            928413.0
        ],
        "NH": [
            0.584567949166948,
            0.7517412336213612,
            0.7254946954299285,
            0.39752693848139026,
            0.8165123253091827,
            0.7071301270496088,
            0.7614135661823472,
            0.7973798692659595,
            968727.0,
            1370769.0,
            1211457.0,
            1508661.0,
            1196681.0,
            952332.0,
            1190993.0,
            924402.0
        ]
    },
    "cohesion_parameters": {
        "H": {
            "H": 0.77,
            "NH": 0.23
        },
        "NH": {
            "H": 0.52,
            "NH": 0.48
        }
    },
    "alphas": {
        "H": {
            "H": 1,
            "NH": 1
        },
        "NH": {
            "H": 1,
            "NH": 1
        }
    },
    "slate_to_candidates": {
        "H": [
            "H1",
            "H2",
            "H3",
            "H4",
            "H5"
        ],
        "NH": [
            "NH1",
            "NH2",
            "NH3",
            "NH4",
            "NH5"
        ]
    }
}