{
    "bloc_voter_props": {
        "H": [
            0.5175778637794818,
            0.18866698356612516,
            0.3806731216918086,
            0.29826245025798076,
            0.45145096290672604,
            0.40725745862071366,
            0.1647481775188713,
            0.20689709421323088,
            917658.0,
            790537.0,
            938780.0,
            499989.0,
            745152.0,
            677704.0,
            601428.0,
            720819.0
        ],
        "NH": [
            0.48242213622051816,
            0.8113330164338748,
            0.6193268783081914,
            0.7017375497420193,
            0.548549037093274,
            0.5927425413792863,
            0.8352518224811287,
            0.7931029057867691,
            972677.0,
            1207752.0,
            922142.0,
            1488301.0,
            1253661.0,
            1174318.0,
            1413442.0,
            1121041.0
        ]
    },
    "cohesion_parameters": {
        "H": {
            "H": 0.77,
            "NH": 0.23
        },
        "NH": {
            "H": 0.52,
            "NH": 0.48
        }
    },
    "alphas": {
        "H": {
            "H": 1,
            "NH": 1
        },
        "NH": {
            "H": 1,
            "NH": 1
        }
    },
    "slate_to_candidates": {
        "H": [
            "H1",
            "H2",
            "H3",
            "H4",
            "H5"
        ],
        "NH": [
            "NH1",
            "NH2",
            "NH3",
            "NH4",
            "NH5"
        ]
    }
}