{
    "bloc_voter_props": {
        "H": [
            0.4902936394338668,
            0.35714992411162766,
            0.5278210730928606,
            0.26448690130755,
            0.23977981944130514,
            0.22055931097890807,
            0.6126287044498164,
            0.45382255452967263,
            358631.0,
            530445.0,
            927442.0,
            453640.0,
            833894.0,
            658740.0,
            356857.0,
            714540.0
        ],
        "NH": [
            0.5097063605661332,
            0.6428500758883723,
            0.4721789269071393,
            0.7355130986924501,
            0.7602201805586949,
            0.779440689021092,
            0.38737129555018357,
            0.5461774454703274,
            1518454.0,
            1397214.0,
            991494.0,
            1534738.0,
            1169031.0,
            1212592.0,
            1533820.0,
            1275710.0
        ]
    },
    "cohesion_parameters": {
        "H": {
            "H": 0.77,
            "NH": 0.23
        },
        "NH": {
            "H": 0.52,
            "NH": 0.48
        }
    },
    "alphas": {
        "H": {
            "H": 1,
            "NH": 1
        },
        "NH": {
            "H": 1,
            "NH": 1
        }
    },
    "slate_to_candidates": {
        "H": [
            "H1",
            "H2",
            "H3",
            "H4",
            "H5"
        ],
        "NH": [
            "NH1",
            "NH2",
            "NH3",
            "NH4",
            "NH5"
        ]
    }
}