{
    "bloc_voter_props": {
        "H": [
            0.5175778637794818,
            0.18579814467918837,
            0.4568218206241829,
            0.6087411673704896,
            0.3719376030655239,
            0.39348146412954094,
            0.19636297503016514,
            0.20372224468930325,
            717838.0,
            928618.0,
            699852.0,
            723930.0,
            538604.0,
            415040.0,
            601428.0,
            667677.0
        ],
        "NH": [
            0.48242213622051816,
            0.8142018553208116,
            0.5431781793758171,
            0.3912588326295104,
            0.6280623969344761,
            0.6065185358704591,
            0.8036370249698349,
            0.7962777553106968,
            1152682.0,
            997702.0,
            1319979.0,
            1279288.0,
            1336924.0,
            1438093.0,
            1413442.0,
            1252135.0
        ]
    },
    "cohesion_parameters": {
        "H": {
            "H": 0.77,
            "NH": 0.23
        },
        "NH": {
            "H": 0.52,
            "NH": 0.48
        }
    },
    "alphas": {
        "H": {
            "H": 1,
            "NH": 1
        },
        "NH": {
            "H": 1,
            "NH": 1
        }
    },
    "slate_to_candidates": {
        "H": [
            "H1",
            "H2",
            "H3",
            "H4",
            "H5"
        ],
        "NH": [
            "NH1",
            "NH2",
            "NH3",
            "NH4",
            "NH5"
        ]
    }
}