{
    "bloc_voter_props": {
        "H": [
            0.3776293674258975,
            0.42941517508622057,
            0.26738130262563115,
            0.49007290981072615,
            0.20468730235199445,
            0.4026314975868291,
            0.17977835558999747,
            0.3172007906058903,
            1574846.0,
            1126372.0
        ],
        "NH": [
            0.6223706325741025,
            0.5705848249137795,
            0.7326186973743689,
            0.5099270901892738,
            0.7953126976480056,
            0.5973685024131709,
            0.8202216444100026,
            0.6827992093941098,
            1547656.0,
            2001183.0
        ]
    },
    "cohesion_parameters": {
        "H": {
            "H": 0.77,
            "NH": 0.23
        },
        "NH": {
            "H": 0.52,
            "NH": 0.48
        }
    },
    "alphas": {
        "H": {
            "H": 1,
            "NH": 1
        },
        "NH": {
            "H": 1,
            "NH": 1
        }
    },
    "slate_to_candidates": {
        "H": [
            "H1",
            "H2",
            "H3",
            "H4",
            "H5"
        ],
        "NH": [
            "NH1",
            "NH2",
            "NH3",
            "NH4",
            "NH5"
        ]
    }
}