{
    "bloc_voter_props": {
        "H": [
            0.3659909805101668,
            0.19272288669115803,
            0.5007182833105481,
            0.6649886236186971,
            0.23495525624779548,
            0.28752160592280473,
            0.4123507245643762,
            0.2112641905023929,
            780042.0,
            583069.0,
            683397.0,
            536605.0,
            884747.0,
            384200.0,
            971957.0,
            564958.0
        ],
        "NH": [
            0.6340090194898331,
            0.807277113308842,
            0.49928171668945187,
            0.33501137638130285,
            0.7650447437522045,
            0.7124783940771953,
            0.5876492754356237,
            0.7887358094976071,
            1187071.0,
            1370769.0,
            1183441.0,
            1371252.0,
            995405.0,
            1513544.0,
            1000513.0,
            1340159.0
        ]
    },
    "cohesion_parameters": {
        "H": {
            "H": 0.77,
            "NH": 0.23
        },
        "NH": {
            "H": 0.52,
            "NH": 0.48
        }
    },
    "alphas": {
        "H": {
            "H": 1,
            "NH": 1
        },
        "NH": {
            "H": 1,
            "NH": 1
        }
    },
    "slate_to_candidates": {
        "H": [
            "H1",
            "H2",
            "H3",
            "H4",
            "H5"
        ],
        "NH": [
            "NH1",
            "NH2",
            "NH3",
            "NH4",
            "NH5"
        ]
    }
}