{
    "bloc_voter_props": {
        "H": [
            0.41543205083305207,
            0.2482587663786388,
            0.31289019854700933,
            0.5894425682924108,
            0.1834876746908173,
            0.2889570655426021,
            0.2385864338176528,
            0.20262013073404053,
            1049523.0,
            564433.0,
            815091.0,
            464514.0,
            691757.0,
            1015056.0,
            789730.0,
            819973.0
        ],
        "NH": [
            0.584567949166948,
            0.7517412336213612,
            0.6871098014529907,
            0.4105574317075892,
            0.8165123253091827,
            0.7110429344573979,
            0.7614135661823472,
            0.7973798692659595,
            936801.0,
            1453141.0,
            1088085.0,
            1508661.0,
            1196681.0,
            978888.0,
            1190993.0,
            1021218.0
        ]
    },
    "cohesion_parameters": {
        "H": {
            "H": 0.77,
            "NH": 0.23
        },
        "NH": {
            "H": 0.52,
            "NH": 0.48
        }
    },
    "alphas": {
        "H": {
            "H": 1,
            "NH": 1
        },
        "NH": {
            "H": 1,
            "NH": 1
        }
    },
    "slate_to_candidates": {
        "H": [
            "H1",
            "H2",
            "H3",
            "H4",
            "H5"
        ],
        "NH": [
            "NH1",
            "NH2",
            "NH3",
            "NH4",
            "NH5"
        ]
    }
}