{
    "bloc_voter_props": {
        "H": [
            0.48812060255994577,
            0.3819699322879637,
            0.20594387372881698,
            0.4627359450576574,
            0.4671430824959292,
            0.34260531871570643,
            0.21298176605671382,
            0.47955489118229516,
            929309.0,
            608013.0
        ],
        "NH": [
            0.5118793974400543,
            0.6180300677120363,
            0.794056126271183,
            0.5372640549423426,
            0.5328569175040708,
            0.6573946812842936,
            0.7870182339432862,
            0.5204451088177048,
            2204143.0,
            2342055.0
        ]
    },
    "cohesion_parameters": {
        "H": {
            "H": 0.77,
            "NH": 0.23
        },
        "NH": {
            "H": 0.52,
            "NH": 0.48
        }
    },
    "alphas": {
        "H": {
            "H": 1,
            "NH": 1
        },
        "NH": {
            "H": 1,
            "NH": 1
        }
    },
    "slate_to_candidates": {
        "H": [
            "H1",
            "H2",
            "H3",
            "H4",
            "H5"
        ],
        "NH": [
            "NH1",
            "NH2",
            "NH3",
            "NH4",
            "NH5"
        ]
    }
}