{
    "bloc_voter_props": {
        "H": [
            0.31707248731220167,
            0.4392949455154117,
            0.43770213824730864,
            0.3083775987731317,
            0.21288244121393005,
            0.4956772180163605,
            0.2005390988358362,
            0.4405335939130845,
            1405830.0,
            811576.0
        ],
        "NH": [
            0.6829275126877983,
            0.5607050544845883,
            0.5622978617526914,
            0.6916224012268684,
            0.7871175587860699,
            0.5043227819836394,
            0.7994609011641638,
            0.5594664060869154,
            1655233.0,
            2424953.0
        ]
    },
    "cohesion_parameters": {
        "H": {
            "H": 0.77,
            "NH": 0.23
        },
        "NH": {
            "H": 0.52,
            "NH": 0.48
        }
    },
    "alphas": {
        "H": {
            "H": 1,
            "NH": 1
        },
        "NH": {
            "H": 1,
            "NH": 1
        }
    },
    "slate_to_candidates": {
        "H": [
            "H1",
            "H2",
            "H3",
            "H4",
            "H5"
        ],
        "NH": [
            "NH1",
            "NH2",
            "NH3",
            "NH4",
            "NH5"
        ]
    }
}