{
    "bloc_voter_props": {
        "H": [
            0.47306202974521017,
            0.3753589185434895,
            0.22686826171347532,
            0.3205943971399871,
            0.22147538950321047,
            0.24044822175116745,
            0.33291489361702126,
            0.4729460905151322,
            324068.0,
            784190.0,
            1009134.0,
            453640.0,
            1288944.0,
            939074.0,
            356484.0,
            672195.0
        ],
        "NH": [
            0.5269379702547898,
            0.6246410814565105,
            0.7731317382865247,
            0.6794056028600128,
            0.7785246104967896,
            0.7595517782488326,
            0.6670851063829787,
            0.5270539094848679,
            1596212.0,
            1172997.0,
            923090.0,
            1534738.0,
            689281.0,
            1001623.0,
            1509531.0,
            1196134.0
        ]
    },
    "cohesion_parameters": {
        "H": {
            "H": 0.77,
            "NH": 0.23
        },
        "NH": {
            "H": 0.52,
            "NH": 0.48
        }
    },
    "alphas": {
        "H": {
            "H": 1,
            "NH": 1
        },
        "NH": {
            "H": 1,
            "NH": 1
        }
    },
    "slate_to_candidates": {
        "H": [
            "H1",
            "H2",
            "H3",
            "H4",
            "H5"
        ],
        "NH": [
            "NH1",
            "NH2",
            "NH3",
            "NH4",
            "NH5"
        ]
    }
}