{
    "bloc_voter_props": {
        "H": [
            0.23557522040564158,
            0.1995067383070554,
            0.2895471183458938,
            0.4425746034175777,
            0.18809388508561525,
            0.39431559967948115,
            0.45617557621485183,
            0.3507328401010709,
            407465.0,
            1328564.0,
            660893.0,
            485871.0,
            606943.0,
            781064.0,
            791873.0,
            997610.0
        ],
        "NH": [
            0.7644247795943584,
            0.8004932616929445,
            0.7104528816541061,
            0.5574253965824223,
            0.8119061149143847,
            0.6056844003205188,
            0.5438244237851482,
            0.649267159898929,
            1470745.0,
            672447.0,
            1359560.0,
            1486908.0,
            1316309.0,
            1227999.0,
            1124486.0,
            869125.0
        ]
    },
    "cohesion_parameters": {
        "H": {
            "H": 0.77,
            "NH": 0.23
        },
        "NH": {
            "H": 0.52,
            "NH": 0.48
        }
    },
    "alphas": {
        "H": {
            "H": 1,
            "NH": 1
        },
        "NH": {
            "H": 1,
            "NH": 1
        }
    },
    "slate_to_candidates": {
        "H": [
            "H1",
            "H2",
            "H3",
            "H4",
            "H5"
        ],
        "NH": [
            "NH1",
            "NH2",
            "NH3",
            "NH4",
            "NH5"
        ]
    }
}