{
    "bloc_voter_props": {
        "H": [
            0.4391601766999392,
            0.23377648381189578,
            0.6229302624225881,
            0.4661929492252472,
            0.16665916039637202,
            0.19637130008492032,
            0.4216948400432753,
            0.3334172493164451,
            686907.0,
            428947.0,
            836593.0,
            543011.0,
            608964.0,
            491846.0,
            751935.0,
            962892.0
        ],
        "NH": [
            0.5608398233000609,
            0.7662235161881042,
            0.3770697375774119,
            0.5338070507747529,
            0.833340839603628,
            0.8036286999150797,
            0.5783051599567247,
            0.6665827506835549,
            1190569.0,
            1556519.0,
            1029874.0,
            1378157.0,
            1405608.0,
            1391095.0,
            1081680.0,
            915371.0
        ]
    },
    "cohesion_parameters": {
        "H": {
            "H": 0.77,
            "NH": 0.23
        },
        "NH": {
            "H": 0.52,
            "NH": 0.48
        }
    },
    "alphas": {
        "H": {
            "H": 1,
            "NH": 1
        },
        "NH": {
            "H": 1,
            "NH": 1
        }
    },
    "slate_to_candidates": {
        "H": [
            "H1",
            "H2",
            "H3",
            "H4",
            "H5"
        ],
        "NH": [
            "NH1",
            "NH2",
            "NH3",
            "NH4",
            "NH5"
        ]
    }
}