{
    "bloc_voter_props": {
        "H": [
            0.42972775095825866,
            0.3130152579007277,
            0.36467949905990016,
            0.21768174048379096,
            0.5439869353458274,
            0.24393159309389792,
            0.4312084379432235,
            0.48592640896094014,
            1030608.0,
            565136.0
        ],
        "NH": [
            0.5702722490417413,
            0.6869847420992723,
            0.6353205009400998,
            0.782318259516209,
            0.4560130646541726,
            0.7560684069061021,
            0.5687915620567765,
            0.5140735910390599,
            2111789.0,
            2403580.0
        ]
    },
    "cohesion_parameters": {
        "H": {
            "H": 0.77,
            "NH": 0.23
        },
        "NH": {
            "H": 0.52,
            "NH": 0.48
        }
    },
    "alphas": {
        "H": {
            "H": 1,
            "NH": 1
        },
        "NH": {
            "H": 1,
            "NH": 1
        }
    },
    "slate_to_candidates": {
        "H": [
            "H1",
            "H2",
            "H3",
            "H4",
            "H5"
        ],
        "NH": [
            "NH1",
            "NH2",
            "NH3",
            "NH4",
            "NH5"
        ]
    }
}