{
    "bloc_voter_props": {
        "H": [
            0.35887344544214617,
            0.18579814467918837,
            0.49133323893518893,
            0.5649246254109829,
            0.3936485299173596,
            0.3139646411429589,
            0.23640785499969783,
            0.20372224468930325,
            717838.0,
            879852.0,
            707879.0,
            632084.0,
            969804.0,
            361957.0,
            601428.0,
            679309.0
        ],
        "NH": [
            0.6411265545578538,
            0.8142018553208116,
            0.5086667610648111,
            0.43507537458901707,
            0.6063514700826405,
            0.6860353588570411,
            0.7635921450003021,
            0.7962777553106968,
            1152682.0,
            997826.0,
            1166380.0,
            1353326.0,
            885926.0,
            1595417.0,
            1413442.0,
            1207028.0
        ]
    },
    "cohesion_parameters": {
        "H": {
            "H": 0.77,
            "NH": 0.23
        },
        "NH": {
            "H": 0.52,
            "NH": 0.48
        }
    },
    "alphas": {
        "H": {
            "H": 1,
            "NH": 1
        },
        "NH": {
            "H": 1,
            "NH": 1
        }
    },
    "slate_to_candidates": {
        "H": [
            "H1",
            "H2",
            "H3",
            "H4",
            "H5"
        ],
        "NH": [
            "NH1",
            "NH2",
            "NH3",
            "NH4",
            "NH5"
        ]
    }
}