{
    "bloc_voter_props": {
        "H": [
            0.4927954720450622,
            0.44237388706369374,
            0.46622591709687294,
            0.6179419312406453,
            0.23763679753989211,
            0.27912928442311663,
            0.37673779057378975,
            0.2595110466105193,
            385992.0,
            297911.0,
            712026.0,
            951970.0,
            577097.0,
            729982.0,
            381873.0,
            746012.0
        ],
        "NH": [
            0.5072045279549378,
            0.5576261129363063,
            0.533774082903127,
            0.38205806875935466,
            0.7623632024601079,
            0.7208707155768834,
            0.6232622094262102,
            0.7404889533894807,
            1635196.0,
            1589658.0,
            1232470.0,
            940734.0,
            1288341.0,
            1148987.0,
            1481337.0,
            1181778.0
        ]
    },
    "cohesion_parameters": {
        "H": {
            "H": 0.77,
            "NH": 0.23
        },
        "NH": {
            "H": 0.52,
            "NH": 0.48
        }
    },
    "alphas": {
        "H": {
            "H": 1,
            "NH": 1
        },
        "NH": {
            "H": 1,
            "NH": 1
        }
    },
    "slate_to_candidates": {
        "H": [
            "H1",
            "H2",
            "H3",
            "H4",
            "H5"
        ],
        "NH": [
            "NH1",
            "NH2",
            "NH3",
            "NH4",
            "NH5"
        ]
    }
}