{
    "bloc_voter_props": {
        "H": [
            0.3600443801149373,
            0.37562665737568474,
            0.2582976552247222,
            0.4708652232377153,
            0.23763132650540816,
            0.46197423448309527,
            0.19099459381914738,
            0.4408013353938818,
            874270.0,
            1465470.0
        ],
        "NH": [
            0.6399556198850627,
            0.6243733426243153,
            0.7417023447752779,
            0.5291347767622847,
            0.7623686734945918,
            0.5380257655169047,
            0.8090054061808526,
            0.5591986646061182,
            2331840.0,
            1681657.0
        ]
    },
    "cohesion_parameters": {
        "H": {
            "H": 0.77,
            "NH": 0.23
        },
        "NH": {
            "H": 0.52,
            "NH": 0.48
        }
    },
    "alphas": {
        "H": {
            "H": 1,
            "NH": 1
        },
        "NH": {
            "H": 1,
            "NH": 1
        }
    },
    "slate_to_candidates": {
        "H": [
            "H1",
            "H2",
            "H3",
            "H4",
            "H5"
        ],
        "NH": [
            "NH1",
            "NH2",
            "NH3",
            "NH4",
            "NH5"
        ]
    }
}