{
    "bloc_voter_props": {
        "H": [
            0.532023585514557,
            0.3221544548995843,
            0.2172971206114175,
            0.4506850876577651,
            0.18940938769805218,
            0.4299540609826486,
            0.4393070937020144,
            0.3818203672190658,
            996947.0,
            777307.0
        ],
        "NH": [
            0.4679764144854431,
            0.6778455451004157,
            0.7827028793885825,
            0.549314912342235,
            0.8105906123019478,
            0.5700459390173515,
            0.5606929062979856,
            0.6181796327809342,
            1938179.0,
            2353569.0
        ]
    },
    "cohesion_parameters": {
        "H": {
            "H": 0.77,
            "NH": 0.23
        },
        "NH": {
            "H": 0.52,
            "NH": 0.48
        }
    },
    "alphas": {
        "H": {
            "H": 1,
            "NH": 1
        },
        "NH": {
            "H": 1,
            "NH": 1
        }
    },
    "slate_to_candidates": {
        "H": [
            "H1",
            "H2",
            "H3",
            "H4",
            "H5"
        ],
        "NH": [
            "NH1",
            "NH2",
            "NH3",
            "NH4",
            "NH5"
        ]
    }
}