{
    "bloc_voter_props": {
        "H": [
            0.30476299950741187,
            0.22396934758893713,
            0.3764306385269817,
            0.4688020258221568,
            0.3656014095018623,
            0.47255153909672215,
            0.23577965058541617,
            0.35811553879758157,
            1762268.0,
            584107.0
        ],
        "NH": [
            0.6952370004925882,
            0.7760306524110628,
            0.6235693614730183,
            0.5311979741778432,
            0.6343985904981376,
            0.5274484609032779,
            0.7642203494145838,
            0.6418844612024184,
            1416637.0,
            2536212.0
        ]
    },
    "cohesion_parameters": {
        "H": {
            "H": 0.77,
            "NH": 0.23
        },
        "NH": {
            "H": 0.52,
            "NH": 0.48
        }
    },
    "alphas": {
        "H": {
            "H": 1,
            "NH": 1
        },
        "NH": {
            "H": 1,
            "NH": 1
        }
    },
    "slate_to_candidates": {
        "H": [
            "H1",
            "H2",
            "H3",
            "H4",
            "H5"
        ],
        "NH": [
            "NH1",
            "NH2",
            "NH3",
            "NH4",
            "NH5"
        ]
    }
}