{
    "bloc_voter_props": {
        "H": [
            0.5067158298004522,
            0.19238098464074577,
            0.34202836387757696,
            0.22680304046143498,
            0.48272967576106734,
            0.20512495492909288,
            0.37363525264317793,
            0.27844418857714553,
            901691.0,
            464425.0,
            681260.0,
            1112639.0,
            687287.0,
            369184.0,
            729608.0,
            990089.0
        ],
        "NH": [
            0.49328417019954784,
            0.8076190153592542,
            0.657971636122423,
            0.773196959538565,
            0.5172703242389326,
            0.7948750450709071,
            0.626364747356822,
            0.7215558114228545,
            1067549.0,
            1418604.0,
            1176951.0,
            818742.0,
            1319683.0,
            1599988.0,
            1179200.0,
            982423.0
        ]
    },
    "cohesion_parameters": {
        "H": {
            "H": 0.77,
            "NH": 0.23
        },
        "NH": {
            "H": 0.52,
            "NH": 0.48
        }
    },
    "alphas": {
        "H": {
            "H": 1,
            "NH": 1
        },
        "NH": {
            "H": 1,
            "NH": 1
        }
    },
    "slate_to_candidates": {
        "H": [
            "H1",
            "H2",
            "H3",
            "H4",
            "H5"
        ],
        "NH": [
            "NH1",
            "NH2",
            "NH3",
            "NH4",
            "NH5"
        ]
    }
}