{
    "bloc_voter_props": {
        "H": [
            0.34834618897745717,
            0.18579814467918837,
            0.48119772858535786,
            0.6122344140178609,
            0.3936485299173596,
            0.29886279796218995,
            0.24353790712902207,
            0.20372224468930325,
            725167.0,
            955531.0,
            688592.0,
            338816.0,
            969804.0,
            610771.0,
            601428.0,
            698596.0
        ],
        "NH": [
            0.6516538110225428,
            0.8142018553208116,
            0.5188022714146422,
            0.38776558598213906,
            0.6063514700826405,
            0.70113720203781,
            0.756462092870978,
            0.7962777553106968,
            1258305.0,
            1002656.0,
            1212073.0,
            1503733.0,
            885926.0,
            1360704.0,
            1413442.0,
            1161335.0
        ]
    },
    "cohesion_parameters": {
        "H": {
            "H": 0.77,
            "NH": 0.23
        },
        "NH": {
            "H": 0.52,
            "NH": 0.48
        }
    },
    "alphas": {
        "H": {
            "H": 1,
            "NH": 1
        },
        "NH": {
            "H": 1,
            "NH": 1
        }
    },
    "slate_to_candidates": {
        "H": [
            "H1",
            "H2",
            "H3",
            "H4",
            "H5"
        ],
        "NH": [
            "NH1",
            "NH2",
            "NH3",
            "NH4",
            "NH5"
        ]
    }
}