{
    "bloc_voter_props": {
        "H": [
            0.5805592486260707,
            0.23809299708862683,
            0.34018848892582665,
            0.20492109520943574,
            0.4668143759731525,
            0.21203544804771926,
            0.3465433398506041,
            0.3513054405113917,
            434610.0,
            370575.0,
            885692.0,
            757492.0,
            602268.0,
            905964.0,
            695508.0,
            998353.0
        ],
        "NH": [
            0.4194407513739293,
            0.7619070029113731,
            0.6598115110741734,
            0.7950789047905642,
            0.5331856240268475,
            0.7879645519522808,
            0.6534566601493959,
            0.6486945594886083,
            1483062.0,
            1590213.0,
            968659.0,
            1185991.0,
            1258783.0,
            1113492.0,
            1324877.0,
            861167.0
        ]
    },
    "cohesion_parameters": {
        "H": {
            "H": 0.77,
            "NH": 0.23
        },
        "NH": {
            "H": 0.52,
            "NH": 0.48
        }
    },
    "alphas": {
        "H": {
            "H": 1,
            "NH": 1
        },
        "NH": {
            "H": 1,
            "NH": 1
        }
    },
    "slate_to_candidates": {
        "H": [
            "H1",
            "H2",
            "H3",
            "H4",
            "H5"
        ],
        "NH": [
            "NH1",
            "NH2",
            "NH3",
            "NH4",
            "NH5"
        ]
    }
}