{
    "bloc_voter_props": {
        "H": [
            0.3243087413067142,
            0.2482587663786388,
            0.3601059177378632,
            0.6024730615186098,
            0.1834876746908173,
            0.29286987295039124,
            0.2385864338176528,
            0.20262013073404053,
            1051680.0,
            583069.0,
            664997.0,
            464514.0,
            732241.0,
            845433.0,
            947692.0,
            981728.0
        ],
        "NH": [
            0.6756912586932857,
            0.7517412336213612,
            0.6398940822621368,
            0.39752693848139026,
            0.8165123253091827,
            0.7071301270496088,
            0.7614135661823472,
            0.7973798692659595,
            968727.0,
            1370769.0,
            1182245.0,
            1508661.0,
            1256691.0,
            1158071.0,
            985254.0,
            953614.0
        ]
    },
    "cohesion_parameters": {
        "H": {
            "H": 0.77,
            "NH": 0.23
        },
        "NH": {
            "H": 0.52,
            "NH": 0.48
        }
    },
    "alphas": {
        "H": {
            "H": 1,
            "NH": 1
        },
        "NH": {
            "H": 1,
            "NH": 1
        }
    },
    "slate_to_candidates": {
        "H": [
            "H1",
            "H2",
            "H3",
            "H4",
            "H5"
        ],
        "NH": [
            "NH1",
            "NH2",
            "NH3",
            "NH4",
            "NH5"
        ]
    }
}