{
    "bloc_voter_props": {
        "H": [
            0.34233230478873344,
            0.27356337224457017,
            0.48190347892807106,
            0.3242820191055203,
            0.5023497490645339,
            0.18045773861386533,
            0.433825540497017,
            0.3991623880373271,
            1243385.0,
            636985.0
        ],
        "NH": [
            0.6576676952112666,
            0.7264366277554298,
            0.5180965210719289,
            0.6757179808944797,
            0.4976502509354661,
            0.8195422613861347,
            0.5661744595029831,
            0.6008376119626728,
            1693728.0,
            2597198.0
        ]
    },
    "cohesion_parameters": {
        "H": {
            "H": 0.77,
            "NH": 0.23
        },
        "NH": {
            "H": 0.52,
            "NH": 0.48
        }
    },
    "alphas": {
        "H": {
            "H": 1,
            "NH": 1
        },
        "NH": {
            "H": 1,
            "NH": 1
        }
    },
    "slate_to_candidates": {
        "H": [
            "H1",
            "H2",
            "H3",
            "H4",
            "H5"
        ],
        "NH": [
            "NH1",
            "NH2",
            "NH3",
            "NH4",
            "NH5"
        ]
    }
}