{
    "bloc_voter_props": {
        "H": [
            0.2883157740354474,
            0.3464524333889559,
            0.23140265834271725,
            0.4371316940492776,
            0.1938432688032979,
            0.42720076327426426,
            0.3671534345597083,
            0.5565962775876079,
            1386029.0,
            731346.0
        ],
        "NH": [
            0.7116842259645526,
            0.6535475666110441,
            0.7685973416572828,
            0.5628683059507223,
            0.8061567311967021,
            0.5727992367257357,
            0.6328465654402917,
            0.4434037224123922,
            1548797.0,
            2388689.0
        ]
    },
    "cohesion_parameters": {
        "H": {
            "H": 0.77,
            "NH": 0.23
        },
        "NH": {
            "H": 0.52,
            "NH": 0.48
        }
    },
    "alphas": {
        "H": {
            "H": 1,
            "NH": 1
        },
        "NH": {
            "H": 1,
            "NH": 1
        }
    },
    "slate_to_candidates": {
        "H": [
            "H1",
            "H2",
            "H3",
            "H4",
            "H5"
        ],
        "NH": [
            "NH1",
            "NH2",
            "NH3",
            "NH4",
            "NH5"
        ]
    }
}