{
    "bloc_voter_props": {
        "H": [
            0.45001435492742087,
            0.2258667578130805,
            0.6229302624225881,
            0.4369897173752121,
            0.17809640482699624,
            0.22422449762923832,
            0.4136107765591402,
            0.3530887344897328,
            1035569.0,
            380516.0,
            696289.0,
            571074.0,
            608964.0,
            467171.0,
            751935.0,
            835803.0
        ],
        "NH": [
            0.5499856450725792,
            0.7741332421869195,
            0.3770697375774119,
            0.5630102826247879,
            0.8219035951730037,
            0.7757755023707616,
            0.5863892234408598,
            0.6469112655102671,
            974868.0,
            1594691.0,
            1186914.0,
            1423026.0,
            1405608.0,
            1380741.0,
            1081680.0,
            1033772.0
        ]
    },
    "cohesion_parameters": {
        "H": {
            "H": 0.77,
            "NH": 0.23
        },
        "NH": {
            "H": 0.52,
            "NH": 0.48
        }
    },
    "alphas": {
        "H": {
            "H": 1,
            "NH": 1
        },
        "NH": {
            "H": 1,
            "NH": 1
        }
    },
    "slate_to_candidates": {
        "H": [
            "H1",
            "H2",
            "H3",
            "H4",
            "H5"
        ],
        "NH": [
            "NH1",
            "NH2",
            "NH3",
            "NH4",
            "NH5"
        ]
    }
}