{
    "bloc_voter_props": {
        "H": [
            0.2441081643655351,
            0.43988985797749713,
            0.19772178893451808,
            0.46226434999757976,
            0.21956619030099747,
            0.404381551241298,
            0.4028927022805979,
            0.40753986950264065,
            1547918.0,
            809488.0
        ],
        "NH": [
            0.7558918356344649,
            0.5601101420225029,
            0.8022782110654819,
            0.5377356500024203,
            0.7804338096990026,
            0.5956184487587021,
            0.5971072977194021,
            0.5924601304973593,
            1684871.0,
            2197753.0
        ]
    },
    "cohesion_parameters": {
        "H": {
            "H": 0.77,
            "NH": 0.23
        },
        "NH": {
            "H": 0.52,
            "NH": 0.48
        }
    },
    "alphas": {
        "H": {
            "H": 1,
            "NH": 1
        },
        "NH": {
            "H": 1,
            "NH": 1
        }
    },
    "slate_to_candidates": {
        "H": [
            "H1",
            "H2",
            "H3",
            "H4",
            "H5"
        ],
        "NH": [
            "NH1",
            "NH2",
            "NH3",
            "NH4",
            "NH5"
        ]
    }
}