{
    "bloc_voter_props": {
        "H": [
            0.3080066457961527,
            0.45239671933183406,
            0.1859476260509994,
            0.31558916959669836,
            0.2697629023575585,
            0.4376875004500338,
            0.19328821261055562,
            0.42841242369304144,
            1320296.0,
            1627453.0
        ],
        "NH": [
            0.6919933542038473,
            0.547603280668166,
            0.8140523739490007,
            0.6844108304033016,
            0.7302370976424415,
            0.5623124995499662,
            0.8067117873894444,
            0.5715875763069586,
            1731582.0,
            1601569.0
        ]
    },
    "cohesion_parameters": {
        "H": {
            "H": 0.77,
            "NH": 0.23
        },
        "NH": {
            "H": 0.52,
            "NH": 0.48
        }
    },
    "alphas": {
        "H": {
            "H": 1,
            "NH": 1
        },
        "NH": {
            "H": 1,
            "NH": 1
        }
    },
    "slate_to_candidates": {
        "H": [
            "H1",
            "H2",
            "H3",
            "H4",
            "H5"
        ],
        "NH": [
            "NH1",
            "NH2",
            "NH3",
            "NH4",
            "NH5"
        ]
    }
}