{
    "bloc_voter_props": {
        "H": [
            0.5009573354691881,
            0.23108577337875869,
            0.32744337865889933,
            0.2009654496676581,
            0.3916903871555878,
            0.21203544804771926,
            0.4656240869326092,
            0.2830363546939361,
            865740.0,
            429827.0,
            964655.0,
            1134494.0,
            624844.0,
            390411.0,
            729608.0,
            759135.0
        ],
        "NH": [
            0.4990426645308119,
            0.7689142266212413,
            0.6725566213411007,
            0.7990345503323419,
            0.6083096128444122,
            0.7879645519522808,
            0.5343759130673909,
            0.7169636453060639,
            1118045.0,
            1405477.0,
            941312.0,
            784122.0,
            1332924.0,
            1566122.0,
            1179200.0,
            1172025.0
        ]
    },
    "cohesion_parameters": {
        "H": {
            "H": 0.77,
            "NH": 0.23
        },
        "NH": {
            "H": 0.52,
            "NH": 0.48
        }
    },
    "alphas": {
        "H": {
            "H": 1,
            "NH": 1
        },
        "NH": {
            "H": 1,
            "NH": 1
        }
    },
    "slate_to_candidates": {
        "H": [
            "H1",
            "H2",
            "H3",
            "H4",
            "H5"
        ],
        "NH": [
            "NH1",
            "NH2",
            "NH3",
            "NH4",
            "NH5"
        ]
    }
}