{
    "bloc_voter_props": {
        "H": [
            0.49647809097503637,
            0.233233941190782,
            0.2448455371906735,
            0.4577525944600043,
            0.182763317587219,
            0.22139095037981674,
            0.44136311474755113,
            0.5770824985451137,
            799546.0,
            386857.0,
            513321.0,
            945594.0,
            531505.0,
            805677.0,
            612629.0,
            771919.0
        ],
        "NH": [
            0.5035219090249636,
            0.766766058809218,
            0.7551544628093265,
            0.5422474055399956,
            0.817236682412781,
            0.7786090496201833,
            0.5586368852524489,
            0.4229175014548863,
            1064414.0,
            1588402.0,
            1370227.0,
            1065510.0,
            1364628.0,
            1115180.0,
            1236819.0,
            1142732.0
        ]
    },
    "cohesion_parameters": {
        "H": {
            "H": 0.77,
            "NH": 0.23
        },
        "NH": {
            "H": 0.52,
            "NH": 0.48
        }
    },
    "alphas": {
        "H": {
            "H": 1,
            "NH": 1
        },
        "NH": {
            "H": 1,
            "NH": 1
        }
    },
    "slate_to_candidates": {
        "H": [
            "H1",
            "H2",
            "H3",
            "H4",
            "H5"
        ],
        "NH": [
            "NH1",
            "NH2",
            "NH3",
            "NH4",
            "NH5"
        ]
    }
}