{
    "bloc_voter_props": {
        "H": [
            0.598650998415559,
            0.21414238522658186,
            0.3231278277608089,
            0.25134532327022074,
            0.17891855612156374,
            0.21982978786536478,
            0.46744140563192793,
            0.5132847411827773,
            830723.0,
            421372.0,
            414042.0,
            893342.0,
            580822.0,
            879548.0,
            698829.0,
            845746.0
        ],
        "NH": [
            0.40134900158444103,
            0.7858576147734182,
            0.676872172239191,
            0.7486546767297793,
            0.8210814438784363,
            0.7801702121346352,
            0.5325585943680721,
            0.48671525881722266,
            1157089.0,
            1532816.0,
            1425440.0,
            1026462.0,
            1330853.0,
            1003085.0,
            1316290.0,
            1005507.0
        ]
    },
    "cohesion_parameters": {
        "H": {
            "H": 0.77,
            "NH": 0.23
        },
        "NH": {
            "H": 0.52,
            "NH": 0.48
        }
    },
    "alphas": {
        "H": {
            "H": 1,
            "NH": 1
        },
        "NH": {
            "H": 1,
            "NH": 1
        }
    },
    "slate_to_candidates": {
        "H": [
            "H1",
            "H2",
            "H3",
            "H4",
            "H5"
        ],
        "NH": [
            "NH1",
            "NH2",
            "NH3",
            "NH4",
            "NH5"
        ]
    }
}