{
    "bloc_voter_props": {
        "H": [
            0.3927838112814065,
            0.2164293161300956,
            0.3265516899593617,
            0.473506829624724,
            0.38068092545559773,
            0.49564971702201327,
            0.3449170595726516,
            0.31923853127795804,
            637075.0,
            480976.0,
            730091.0,
            318194.0,
            655774.0,
            344166.0,
            1165510.0,
            874261.0
        ],
        "NH": [
            0.6072161887185935,
            0.7835706838699044,
            0.6734483100406383,
            0.526493170375276,
            0.6193190745444023,
            0.5043502829779867,
            0.6550829404273484,
            0.6807614687220419,
            1292111.0,
            1522057.0,
            1157988.0,
            1577135.0,
            1221115.0,
            1519106.0,
            843720.0,
            968694.0
        ]
    },
    "cohesion_parameters": {
        "H": {
            "H": 0.77,
            "NH": 0.23
        },
        "NH": {
            "H": 0.52,
            "NH": 0.48
        }
    },
    "alphas": {
        "H": {
            "H": 1,
            "NH": 1
        },
        "NH": {
            "H": 1,
            "NH": 1
        }
    },
    "slate_to_candidates": {
        "H": [
            "H1",
            "H2",
            "H3",
            "H4",
            "H5"
        ],
        "NH": [
            "NH1",
            "NH2",
            "NH3",
            "NH4",
            "NH5"
        ]
    }
}