{
    "bloc_voter_props": {
        "H": [
            0.48375524340093784,
            0.38780669931552436,
            0.4190742114971327,
            0.3205943971399871,
            0.22074108800651399,
            0.24402001366498816,
            0.33291489361702126,
            0.4729460905151322,
            358631.0,
            450950.0,
            1009134.0,
            453640.0,
            1296589.0,
            838590.0,
            309219.0,
            672195.0
        ],
        "NH": [
            0.5162447565990622,
            0.6121933006844756,
            0.5809257885028674,
            0.6794056028600128,
            0.7792589119934861,
            0.7559799863350118,
            0.6670851063829787,
            0.5270539094848679,
            1518454.0,
            1568316.0,
            923090.0,
            1534738.0,
            579728.0,
            1149761.0,
            1565267.0,
            1196134.0
        ]
    },
    "cohesion_parameters": {
        "H": {
            "H": 0.77,
            "NH": 0.23
        },
        "NH": {
            "H": 0.52,
            "NH": 0.48
        }
    },
    "alphas": {
        "H": {
            "H": 1,
            "NH": 1
        },
        "NH": {
            "H": 1,
            "NH": 1
        }
    },
    "slate_to_candidates": {
        "H": [
            "H1",
            "H2",
            "H3",
            "H4",
            "H5"
        ],
        "NH": [
            "NH1",
            "NH2",
            "NH3",
            "NH4",
            "NH5"
        ]
    }
}