{
    "bloc_voter_props": {
        "H": [
            0.43859091948080303,
            0.39528909748249325,
            0.34986206300382056,
            0.2054664383071037,
            0.42980385784466646,
            0.24647326078940937,
            0.5418357908197358,
            0.41131764757546196,
            955730.0,
            652233.0
        ],
        "NH": [
            0.5614090805191969,
            0.6047109025175067,
            0.6501379369961794,
            0.7945335616928962,
            0.5701961421553335,
            0.7535267392105907,
            0.4581642091802643,
            0.588682352424538,
            2097164.0,
            2499261.0
        ]
    },
    "cohesion_parameters": {
        "H": {
            "H": 0.77,
            "NH": 0.23
        },
        "NH": {
            "H": 0.52,
            "NH": 0.48
        }
    },
    "alphas": {
        "H": {
            "H": 1,
            "NH": 1
        },
        "NH": {
            "H": 1,
            "NH": 1
        }
    },
    "slate_to_candidates": {
        "H": [
            "H1",
            "H2",
            "H3",
            "H4",
            "H5"
        ],
        "NH": [
            "NH1",
            "NH2",
            "NH3",
            "NH4",
            "NH5"
        ]
    }
}