{
    "bloc_voter_props": {
        "H": [
            0.18545320189578612,
            0.19027517426452342,
            0.6543308989694014,
            0.4573557115084169,
            0.23645457688454385,
            0.2734152786066387,
            0.45617557621485183,
            0.3507328401010709,
            407465.0,
            879856.0,
            660893.0,
            490052.0,
            575456.0,
            781064.0,
            883453.0,
            906030.0
        ],
        "NH": [
            0.8145467981042139,
            0.8097248257354765,
            0.3456691010305985,
            0.5426442884915831,
            0.7635454231154561,
            0.7265847213933613,
            0.5438244237851482,
            0.649267159898929,
            1470745.0,
            1131819.0,
            1359560.0,
            1414918.0,
            1343134.0,
            1227999.0,
            1033902.0,
            959709.0
        ]
    },
    "cohesion_parameters": {
        "H": {
            "H": 0.77,
            "NH": 0.23
        },
        "NH": {
            "H": 0.52,
            "NH": 0.48
        }
    },
    "alphas": {
        "H": {
            "H": 1,
            "NH": 1
        },
        "NH": {
            "H": 1,
            "NH": 1
        }
    },
    "slate_to_candidates": {
        "H": [
            "H1",
            "H2",
            "H3",
            "H4",
            "H5"
        ],
        "NH": [
            "NH1",
            "NH2",
            "NH3",
            "NH4",
            "NH5"
        ]
    }
}