{
    "bloc_voter_props": {
        "H": [
            0.35579719307118474,
            0.22825864873037538,
            0.3954538738357439,
            0.4745064032002577,
            0.26697113735180455,
            0.37399007964424646,
            0.19089780773391138,
            0.24048419311885227,
            1068094.0,
            583069.0,
            1129364.0,
            349133.0,
            715570.0,
            920464.0,
            856247.0,
            508557.0
        ],
        "NH": [
            0.6442028069288153,
            0.7717413512696246,
            0.6045461261642561,
            0.5254935967997423,
            0.7330288626481954,
            0.6260099203557535,
            0.8091021922660886,
            0.7595158068811477,
            954603.0,
            1370769.0,
            777308.0,
            1555159.0,
            1302618.0,
            991563.0,
            1165886.0,
            1363005.0
        ]
    },
    "cohesion_parameters": {
        "H": {
            "H": 0.77,
            "NH": 0.23
        },
        "NH": {
            "H": 0.52,
            "NH": 0.48
        }
    },
    "alphas": {
        "H": {
            "H": 1,
            "NH": 1
        },
        "NH": {
            "H": 1,
            "NH": 1
        }
    },
    "slate_to_candidates": {
        "H": [
            "H1",
            "H2",
            "H3",
            "H4",
            "H5"
        ],
        "NH": [
            "NH1",
            "NH2",
            "NH3",
            "NH4",
            "NH5"
        ]
    }
}