{
    "bloc_voter_props": {
        "H": [
            0.23836503811827942,
            0.4234119038086867,
            0.19772178893451808,
            0.4138971787868802,
            0.4504047635111661,
            0.18842386132162864,
            0.470108944787626,
            0.4901699516003765,
            1057497.0,
            1005993.0
        ],
        "NH": [
            0.7616349618817206,
            0.5765880961913133,
            0.8022782110654819,
            0.5861028212131197,
            0.5495952364888339,
            0.8115761386783714,
            0.529891055212374,
            0.5098300483996235,
            2106264.0,
            1979799.0
        ]
    },
    "cohesion_parameters": {
        "H": {
            "H": 0.77,
            "NH": 0.23
        },
        "NH": {
            "H": 0.52,
            "NH": 0.48
        }
    },
    "alphas": {
        "H": {
            "H": 1,
            "NH": 1
        },
        "NH": {
            "H": 1,
            "NH": 1
        }
    },
    "slate_to_candidates": {
        "H": [
            "H1",
            "H2",
            "H3",
            "H4",
            "H5"
        ],
        "NH": [
            "NH1",
            "NH2",
            "NH3",
            "NH4",
            "NH5"
        ]
    }
}