{
    "bloc_voter_props": {
        "H": [
            0.4807265276240467,
            0.4392949455154117,
            0.21221207107986087,
            0.3083775987731317,
            0.2097117721002529,
            0.31966831312271804,
            0.4154152915908492,
            0.4405335939130845,
            1405830.0,
            811576.0
        ],
        "NH": [
            0.5192734723759532,
            0.5607050544845883,
            0.7877879289201392,
            0.6916224012268684,
            0.7902882278997471,
            0.680331686877282,
            0.5845847084091508,
            0.5594664060869154,
            1655233.0,
            2424953.0
        ]
    },
    "cohesion_parameters": {
        "H": {
            "H": 0.77,
            "NH": 0.23
        },
        "NH": {
            "H": 0.52,
            "NH": 0.48
        }
    },
    "alphas": {
        "H": {
            "H": 1,
            "NH": 1
        },
        "NH": {
            "H": 1,
            "NH": 1
        }
    },
    "slate_to_candidates": {
        "H": [
            "H1",
            "H2",
            "H3",
            "H4",
            "H5"
        ],
        "NH": [
            "NH1",
            "NH2",
            "NH3",
            "NH4",
            "NH5"
        ]
    }
}