{
    "bloc_voter_props": {
        "H": [
            0.5168525018321618,
            0.5070161543557368,
            0.46152762679115017,
            0.2892727076864344,
            0.21869709202228577,
            0.30602217549111616,
            0.1974488812683538,
            0.4206007348051726,
            1348994.0,
            709791.0
        ],
        "NH": [
            0.4831474981678382,
            0.49298384564426323,
            0.5384723732088499,
            0.7107272923135656,
            0.7813029079777142,
            0.6939778245088838,
            0.8025511187316462,
            0.5793992651948274,
            1831344.0,
            2429003.0
        ]
    },
    "cohesion_parameters": {
        "H": {
            "H": 0.77,
            "NH": 0.23
        },
        "NH": {
            "H": 0.52,
            "NH": 0.48
        }
    },
    "alphas": {
        "H": {
            "H": 1,
            "NH": 1
        },
        "NH": {
            "H": 1,
            "NH": 1
        }
    },
    "slate_to_candidates": {
        "H": [
            "H1",
            "H2",
            "H3",
            "H4",
            "H5"
        ],
        "NH": [
            "NH1",
            "NH2",
            "NH3",
            "NH4",
            "NH5"
        ]
    }
}