{
    "bloc_voter_props": {
        "H": [
            0.30527587138917606,
            0.5136542829460442,
            0.3244010975045027,
            0.3439583054394343,
            0.2097223652885049,
            0.3635502751985349,
            0.31698497514777546,
            0.20160957203978075,
            1341653.0,
            1646079.0
        ],
        "NH": [
            0.6947241286108239,
            0.48634571705395574,
            0.6755989024954973,
            0.6560416945605657,
            0.790277634711495,
            0.6364497248014651,
            0.6830150248522245,
            0.7983904279602192,
            1767724.0,
            1471723.0
        ]
    },
    "cohesion_parameters": {
        "H": {
            "H": 0.77,
            "NH": 0.23
        },
        "NH": {
            "H": 0.52,
            "NH": 0.48
        }
    },
    "alphas": {
        "H": {
            "H": 1,
            "NH": 1
        },
        "NH": {
            "H": 1,
            "NH": 1
        }
    },
    "slate_to_candidates": {
        "H": [
            "H1",
            "H2",
            "H3",
            "H4",
            "H5"
        ],
        "NH": [
            "NH1",
            "NH2",
            "NH3",
            "NH4",
            "NH5"
        ]
    }
}