{
    "bloc_voter_props": {
        "H": [
            0.17430788862415136,
            0.47124005113408524,
            0.6788607573785085,
            0.3023469200088799,
            0.23024313838963473,
            0.3321031154985489,
            0.47825824065681216,
            0.3581423056415513,
            413796.0,
            691416.0,
            1026957.0,
            408350.0,
            559010.0,
            691099.0,
            447343.0,
            819166.0
        ],
        "NH": [
            0.8256921113758486,
            0.5287599488659148,
            0.3211392426214915,
            0.69765307999112,
            0.7697568616103653,
            0.6678968845014511,
            0.5217417593431879,
            0.6418576943584486,
            1510810.0,
            1274760.0,
            894361.0,
            1471362.0,
            1442703.0,
            1197383.0,
            1401125.0,
            1037343.0
        ]
    },
    "cohesion_parameters": {
        "H": {
            "H": 0.77,
            "NH": 0.23
        },
        "NH": {
            "H": 0.52,
            "NH": 0.48
        }
    },
    "alphas": {
        "H": {
            "H": 1,
            "NH": 1
        },
        "NH": {
            "H": 1,
            "NH": 1
        }
    },
    "slate_to_candidates": {
        "H": [
            "H1",
            "H2",
            "H3",
            "H4",
            "H5"
        ],
        "NH": [
            "NH1",
            "NH2",
            "NH3",
            "NH4",
            "NH5"
        ]
    }
}