{
    "bloc_voter_props": {
        "H": [
            0.45046003427161085,
            0.4720383353869988,
            0.17998265616072165,
            0.31310923309064415,
            0.4671430824959292,
            0.485156888054145,
            0.20888234440405778,
            0.4405335939130845,
            899212.0,
            709619.0
        ],
        "NH": [
            0.5495399657283891,
            0.5279616646130012,
            0.8200173438392784,
            0.6868907669093559,
            0.5328569175040708,
            0.514843111945855,
            0.7911176555959422,
            0.5594664060869154,
            2206176.0,
            2266991.0
        ]
    },
    "cohesion_parameters": {
        "H": {
            "H": 0.77,
            "NH": 0.23
        },
        "NH": {
            "H": 0.52,
            "NH": 0.48
        }
    },
    "alphas": {
        "H": {
            "H": 1,
            "NH": 1
        },
        "NH": {
            "H": 1,
            "NH": 1
        }
    },
    "slate_to_candidates": {
        "H": [
            "H1",
            "H2",
            "H3",
            "H4",
            "H5"
        ],
        "NH": [
            "NH1",
            "NH2",
            "NH3",
            "NH4",
            "NH5"
        ]
    }
}