{
    "bloc_voter_props": {
        "H": [
            0.5251874437731329,
            0.18975922633713782,
            0.4344479592141772,
            0.48637822049755375,
            0.31018822018270387,
            0.1977287755659551,
            0.43616293606428996,
            0.3991623880373271,
            902101.0,
            818905.0
        ],
        "NH": [
            0.47481255622686713,
            0.8102407736628622,
            0.5655520407858228,
            0.5136217795024463,
            0.6898117798172961,
            0.8022712244340449,
            0.5638370639357101,
            0.6008376119626728,
            2052330.0,
            2336342.0
        ]
    },
    "cohesion_parameters": {
        "H": {
            "H": 0.77,
            "NH": 0.23
        },
        "NH": {
            "H": 0.52,
            "NH": 0.48
        }
    },
    "alphas": {
        "H": {
            "H": 1,
            "NH": 1
        },
        "NH": {
            "H": 1,
            "NH": 1
        }
    },
    "slate_to_candidates": {
        "H": [
            "H1",
            "H2",
            "H3",
            "H4",
            "H5"
        ],
        "NH": [
            "NH1",
            "NH2",
            "NH3",
            "NH4",
            "NH5"
        ]
    }
}