{
    "bloc_voter_props": {
        "H": [
            0.48708425899917435,
            0.4152661801934396,
            0.20314077355391824,
            0.40680153588054235,
            0.2445645174393146,
            0.30602217549111616,
            0.45579712312784376,
            0.40110192227032077,
            1363832.0,
            641815.0
        ],
        "NH": [
            0.5129157410008256,
            0.5847338198065604,
            0.7968592264460818,
            0.5931984641194576,
            0.7554354825606854,
            0.6939778245088838,
            0.5442028768721563,
            0.5988980777296793,
            1737870.0,
            2544326.0
        ]
    },
    "cohesion_parameters": {
        "H": {
            "H": 0.77,
            "NH": 0.23
        },
        "NH": {
            "H": 0.52,
            "NH": 0.48
        }
    },
    "alphas": {
        "H": {
            "H": 1,
            "NH": 1
        },
        "NH": {
            "H": 1,
            "NH": 1
        }
    },
    "slate_to_candidates": {
        "H": [
            "H1",
            "H2",
            "H3",
            "H4",
            "H5"
        ],
        "NH": [
            "NH1",
            "NH2",
            "NH3",
            "NH4",
            "NH5"
        ]
    }
}