{
    "bloc_voter_props": {
        "H": [
            0.37896796070077815,
            0.5227676825644327,
            0.4205482661588322,
            0.20316535452138287,
            0.3604821568594738,
            0.23431412201217952,
            0.46692866650733533,
            0.41329146755314394,
            955730.0,
            639870.0
        ],
        "NH": [
            0.6210320392992218,
            0.4772323174355672,
            0.5794517338411678,
            0.7968346454786172,
            0.6395178431405262,
            0.7656858779878205,
            0.5330713334926647,
            0.5867085324468561,
            2097164.0,
            2300111.0
        ]
    },
    "cohesion_parameters": {
        "H": {
            "H": 0.77,
            "NH": 0.23
        },
        "NH": {
            "H": 0.52,
            "NH": 0.48
        }
    },
    "alphas": {
        "H": {
            "H": 1,
            "NH": 1
        },
        "NH": {
            "H": 1,
            "NH": 1
        }
    },
    "slate_to_candidates": {
        "H": [
            "H1",
            "H2",
            "H3",
            "H4",
            "H5"
        ],
        "NH": [
            "NH1",
            "NH2",
            "NH3",
            "NH4",
            "NH5"
        ]
    }
}