{
    "bloc_voter_props": {
        "H": [
            0.35579719307118474,
            0.23414768227956623,
            0.3954538738357439,
            0.6061241559633076,
            0.261443405534934,
            0.37399007964424646,
            0.19089780773391138,
            0.18377234588965108,
            1068094.0,
            583069.0,
            737096.0,
            445033.0,
            847292.0,
            920464.0,
            856247.0,
            508557.0
        ],
        "NH": [
            0.6442028069288153,
            0.7658523177204337,
            0.6045461261642561,
            0.3938758440366924,
            0.738556594465066,
            0.6260099203557535,
            0.8091021922660886,
            0.8162276541103489,
            954603.0,
            1370769.0,
            1266318.0,
            1406342.0,
            1048701.0,
            991563.0,
            1165886.0,
            1363005.0
        ]
    },
    "cohesion_parameters": {
        "H": {
            "H": 0.77,
            "NH": 0.23
        },
        "NH": {
            "H": 0.52,
            "NH": 0.48
        }
    },
    "alphas": {
        "H": {
            "H": 1,
            "NH": 1
        },
        "NH": {
            "H": 1,
            "NH": 1
        }
    },
    "slate_to_candidates": {
        "H": [
            "H1",
            "H2",
            "H3",
            "H4",
            "H5"
        ],
        "NH": [
            "NH1",
            "NH2",
            "NH3",
            "NH4",
            "NH5"
        ]
    }
}