{
    "bloc_voter_props": {
        "H": [
            0.29373169969613,
            0.431918130632095,
            0.47693220789347557,
            0.6141366359550965,
            0.2190579918953611,
            0.49327202354364313,
            0.2945226955045929,
            0.37587740263186864,
            385992.0,
            336162.0,
            656792.0,
            736336.0,
            577097.0,
            945616.0,
            381873.0,
            746012.0
        ],
        "NH": [
            0.70626830030387,
            0.5680818693679051,
            0.5230677921065244,
            0.3858633640449035,
            0.7809420081046389,
            0.5067279764563568,
            0.7054773044954071,
            0.6241225973681314,
            1635196.0,
            1557178.0,
            1330667.0,
            1166316.0,
            1288341.0,
            923405.0,
            1481337.0,
            1181778.0
        ]
    },
    "cohesion_parameters": {
        "H": {
            "H": 0.77,
            "NH": 0.23
        },
        "NH": {
            "H": 0.52,
            "NH": 0.48
        }
    },
    "alphas": {
        "H": {
            "H": 1,
            "NH": 1
        },
        "NH": {
            "H": 1,
            "NH": 1
        }
    },
    "slate_to_candidates": {
        "H": [
            "H1",
            "H2",
            "H3",
            "H4",
            "H5"
        ],
        "NH": [
            "NH1",
            "NH2",
            "NH3",
            "NH4",
            "NH5"
        ]
    }
}