{
    "bloc_voter_props": {
        "H": [
            0.32183334390754226,
            0.44024047055290777,
            0.23706276710624466,
            0.4090494040077513,
            0.43519571306783583,
            0.4811915478379264,
            0.19427407269935423,
            0.35175696558838404,
            1425922.0,
            722004.0
        ],
        "NH": [
            0.6781666560924577,
            0.5597595294470922,
            0.7629372328937554,
            0.5909505959922488,
            0.5648042869321642,
            0.5188084521620736,
            0.8057259273006457,
            0.6482430344116159,
            1793682.0,
            2460631.0
        ]
    },
    "cohesion_parameters": {
        "H": {
            "H": 0.77,
            "NH": 0.23
        },
        "NH": {
            "H": 0.52,
            "NH": 0.48
        }
    },
    "alphas": {
        "H": {
            "H": 1,
            "NH": 1
        },
        "NH": {
            "H": 1,
            "NH": 1
        }
    },
    "slate_to_candidates": {
        "H": [
            "H1",
            "H2",
            "H3",
            "H4",
            "H5"
        ],
        "NH": [
            "NH1",
            "NH2",
            "NH3",
            "NH4",
            "NH5"
        ]
    }
}