{
    "bloc_voter_props": {
        "H": [
            0.30476299950741187,
            0.2519212210965724,
            0.3764306385269817,
            0.49589067831619627,
            0.37456219494109355,
            0.44633225018880723,
            0.20843154915602344,
            0.5276594016151863,
            1171751.0,
            584107.0
        ],
        "NH": [
            0.6952370004925882,
            0.7480787789034277,
            0.6235693614730183,
            0.5041093216838037,
            0.6254378050589064,
            0.5536677498111928,
            0.7915684508439765,
            0.47234059838481374,
            1912407.0,
            2536212.0
        ]
    },
    "cohesion_parameters": {
        "H": {
            "H": 0.77,
            "NH": 0.23
        },
        "NH": {
            "H": 0.52,
            "NH": 0.48
        }
    },
    "alphas": {
        "H": {
            "H": 1,
            "NH": 1
        },
        "NH": {
            "H": 1,
            "NH": 1
        }
    },
    "slate_to_candidates": {
        "H": [
            "H1",
            "H2",
            "H3",
            "H4",
            "H5"
        ],
        "NH": [
            "NH1",
            "NH2",
            "NH3",
            "NH4",
            "NH5"
        ]
    }
}