{
    "bloc_voter_props": {
        "H": [
            0.43528025249313923,
            0.4815588649800359,
            0.19780899902757004,
            0.442604466289445,
            0.22774801621338142,
            0.1951985097422351,
            0.38361527831997966,
            0.34063018710444654,
            990175.0,
            1512535.0
        ],
        "NH": [
            0.5647197475068608,
            0.518441135019964,
            0.80219100097243,
            0.557395533710555,
            0.7722519837866185,
            0.8048014902577649,
            0.6163847216800203,
            0.6593698128955535,
            1946020.0,
            1624601.0
        ]
    },
    "cohesion_parameters": {
        "H": {
            "H": 0.77,
            "NH": 0.23
        },
        "NH": {
            "H": 0.52,
            "NH": 0.48
        }
    },
    "alphas": {
        "H": {
            "H": 1,
            "NH": 1
        },
        "NH": {
            "H": 1,
            "NH": 1
        }
    },
    "slate_to_candidates": {
        "H": [
            "H1",
            "H2",
            "H3",
            "H4",
            "H5"
        ],
        "NH": [
            "NH1",
            "NH2",
            "NH3",
            "NH4",
            "NH5"
        ]
    }
}