{
    "bloc_voter_props": {
        "H": [
            0.454500463811511,
            0.34780293855611927,
            0.19522700653102584,
            0.43454960878931936,
            0.1972863363931593,
            0.46609830732072627,
            0.44684363672067806,
            0.39730220212712386,
            1007761.0,
            798356.0
        ],
        "NH": [
            0.545499536188489,
            0.6521970614438807,
            0.8047729934689741,
            0.5654503912106806,
            0.8027136636068407,
            0.5339016926792737,
            0.5531563632793219,
            0.6026977978728761,
            1937060.0,
            2168761.0
        ]
    },
    "cohesion_parameters": {
        "H": {
            "H": 0.77,
            "NH": 0.23
        },
        "NH": {
            "H": 0.52,
            "NH": 0.48
        }
    },
    "alphas": {
        "H": {
            "H": 1,
            "NH": 1
        },
        "NH": {
            "H": 1,
            "NH": 1
        }
    },
    "slate_to_candidates": {
        "H": [
            "H1",
            "H2",
            "H3",
            "H4",
            "H5"
        ],
        "NH": [
            "NH1",
            "NH2",
            "NH3",
            "NH4",
            "NH5"
        ]
    }
}