{
    "bloc_voter_props": {
        "H": [
            0.5469187955815905,
            0.3360586132476584,
            0.2605673028468711,
            0.19762575241082228,
            0.21012824401828264,
            0.4706002621706853,
            0.4488029012983166,
            0.3078361370866204,
            1007761.0,
            1274780.0
        ],
        "NH": [
            0.45308120441840943,
            0.6639413867523416,
            0.7394326971531289,
            0.8023742475891777,
            0.7898717559817173,
            0.5293997378293147,
            0.5511970987016833,
            0.6921638629133796,
            1937060.0,
            1740751.0
        ]
    },
    "cohesion_parameters": {
        "H": {
            "H": 0.77,
            "NH": 0.23
        },
        "NH": {
            "H": 0.52,
            "NH": 0.48
        }
    },
    "alphas": {
        "H": {
            "H": 1,
            "NH": 1
        },
        "NH": {
            "H": 1,
            "NH": 1
        }
    },
    "slate_to_candidates": {
        "H": [
            "H1",
            "H2",
            "H3",
            "H4",
            "H5"
        ],
        "NH": [
            "NH1",
            "NH2",
            "NH3",
            "NH4",
            "NH5"
        ]
    }
}