{
    "bloc_voter_props": {
        "H": [
            0.20106490704181296,
            0.44704779547296036,
            0.24901032212926721,
            0.3638750897992299,
            0.17053172647401219,
            0.4356781608049096,
            0.49315177606131416,
            0.48341406759921673,
            990175.0,
            1087219.0
        ],
        "NH": [
            0.798935092958187,
            0.5529522045270396,
            0.7509896778707328,
            0.6361249102007701,
            0.8294682735259878,
            0.5643218391950904,
            0.5068482239386859,
            0.5165859324007832,
            1946020.0,
            2111427.0
        ]
    },
    "cohesion_parameters": {
        "H": {
            "H": 0.77,
            "NH": 0.23
        },
        "NH": {
            "H": 0.52,
            "NH": 0.48
        }
    },
    "alphas": {
        "H": {
            "H": 1,
            "NH": 1
        },
        "NH": {
            "H": 1,
            "NH": 1
        }
    },
    "slate_to_candidates": {
        "H": [
            "H1",
            "H2",
            "H3",
            "H4",
            "H5"
        ],
        "NH": [
            "NH1",
            "NH2",
            "NH3",
            "NH4",
            "NH5"
        ]
    }
}