{
    "bloc_voter_props": {
        "H": [
            0.26116360165606856,
            0.24858846784672525,
            0.6537783297688455,
            0.4197367816097761,
            0.18788520714217588,
            0.4942835811860611,
            0.39096496406821896,
            0.3569700077199328,
            411528.0,
            619733.0,
            632378.0,
            305331.0,
            603934.0,
            984666.0,
            814792.0,
            744676.0
        ],
        "NH": [
            0.7388363983439314,
            0.7514115321532747,
            0.34622167023115447,
            0.5802632183902239,
            0.8121147928578241,
            0.5057164188139389,
            0.609035035931781,
            0.6430299922800672,
            1568106.0,
            1230399.0,
            1325389.0,
            1591627.0,
            1367700.0,
            1024648.0,
            1016526.0,
            1086785.0
        ]
    },
    "cohesion_parameters": {
        "H": {
            "H": 0.77,
            "NH": 0.23
        },
        "NH": {
            "H": 0.52,
            "NH": 0.48
        }
    },
    "alphas": {
        "H": {
            "H": 1,
            "NH": 1
        },
        "NH": {
            "H": 1,
            "NH": 1
        }
    },
    "slate_to_candidates": {
        "H": [
            "H1",
            "H2",
            "H3",
            "H4",
            "H5"
        ],
        "NH": [
            "NH1",
            "NH2",
            "NH3",
            "NH4",
            "NH5"
        ]
    }
}