{
    "bloc_voter_props": {
        "H": [
            0.5042087107048454,
            0.35206160913000495,
            0.23554907657932836,
            0.19135155509196322,
            0.4490563024704014,
            0.4317811886315008,
            0.3798469775407331,
            0.44139247615199056,
            996947.0,
            728949.0
        ],
        "NH": [
            0.4957912892951546,
            0.647938390869995,
            0.7644509234206717,
            0.8086484449080368,
            0.5509436975295986,
            0.5682188113684992,
            0.6201530224592668,
            0.5586075238480094,
            1938179.0,
            2436311.0
        ]
    },
    "cohesion_parameters": {
        "H": {
            "H": 0.77,
            "NH": 0.23
        },
        "NH": {
            "H": 0.52,
            "NH": 0.48
        }
    },
    "alphas": {
        "H": {
            "H": 1,
            "NH": 1
        },
        "NH": {
            "H": 1,
            "NH": 1
        }
    },
    "slate_to_candidates": {
        "H": [
            "H1",
            "H2",
            "H3",
            "H4",
            "H5"
        ],
        "NH": [
            "NH1",
            "NH2",
            "NH3",
            "NH4",
            "NH5"
        ]
    }
}