{
    "bloc_voter_props": {
        "H": [
            0.5568251094028887,
            0.2828995666206482,
            0.2021620009569566,
            0.297149878365877,
            0.21654499510200362,
            0.20412859357086674,
            0.4366670587533576,
            0.46599067898864965,
            1621859.0,
            1110286.0
        ],
        "NH": [
            0.44317489059711135,
            0.7171004333793518,
            0.7978379990430434,
            0.7028501216341231,
            0.7834550048979964,
            0.7958714064291332,
            0.5633329412466425,
            0.5340093210113503,
            1578355.0,
            1867833.0
        ]
    },
    "cohesion_parameters": {
        "H": {
            "H": 0.77,
            "NH": 0.23
        },
        "NH": {
            "H": 0.52,
            "NH": 0.48
        }
    },
    "alphas": {
        "H": {
            "H": 1,
            "NH": 1
        },
        "NH": {
            "H": 1,
            "NH": 1
        }
    },
    "slate_to_candidates": {
        "H": [
            "H1",
            "H2",
            "H3",
            "H4",
            "H5"
        ],
        "NH": [
            "NH1",
            "NH2",
            "NH3",
            "NH4",
            "NH5"
        ]
    }
}