{
    "bloc_voter_props": {
        "H": [
            0.28758861756597087,
            0.2431799373363774,
            0.5378534534330138,
            0.5089735606062352,
            0.4151739567645467,
            0.4230219278361407,
            0.20899023711130724,
            0.3948565635590917,
            985969.0,
            664371.0
        ],
        "NH": [
            0.7124113824340291,
            0.7568200626636226,
            0.4621465465669862,
            0.4910264393937648,
            0.5848260432354533,
            0.5769780721638593,
            0.7910097628886927,
            0.6051434364409083,
            2080048.0,
            2403815.0
        ]
    },
    "cohesion_parameters": {
        "H": {
            "H": 0.77,
            "NH": 0.23
        },
        "NH": {
            "H": 0.52,
            "NH": 0.48
        }
    },
    "alphas": {
        "H": {
            "H": 1,
            "NH": 1
        },
        "NH": {
            "H": 1,
            "NH": 1
        }
    },
    "slate_to_candidates": {
        "H": [
            "H1",
            "H2",
            "H3",
            "H4",
            "H5"
        ],
        "NH": [
            "NH1",
            "NH2",
            "NH3",
            "NH4",
            "NH5"
        ]
    }
}