{
    "bloc_voter_props": {
        "H": [
            0.6069029986297767,
            0.22576415876981415,
            0.30074734734467434,
            0.325245682164576,
            0.20426449376978245,
            0.5159702063307201,
            0.47008168261601246,
            0.34146630444014087,
            484441.0,
            831680.0,
            557010.0,
            347454.0,
            578533.0,
            970088.0,
            540731.0,
            868331.0
        ],
        "NH": [
            0.3930970013702233,
            0.7742358412301859,
            0.6992526526553257,
            0.6747543178354241,
            0.7957355062302176,
            0.48402979366927984,
            0.5299183173839875,
            0.6585336955598591,
            1472328.0,
            1086528.0,
            1396347.0,
            1485785.0,
            1367403.0,
            1045160.0,
            1329863.0,
            988859.0
        ]
    },
    "cohesion_parameters": {
        "H": {
            "H": 0.77,
            "NH": 0.23
        },
        "NH": {
            "H": 0.52,
            "NH": 0.48
        }
    },
    "alphas": {
        "H": {
            "H": 1,
            "NH": 1
        },
        "NH": {
            "H": 1,
            "NH": 1
        }
    },
    "slate_to_candidates": {
        "H": [
            "H1",
            "H2",
            "H3",
            "H4",
            "H5"
        ],
        "NH": [
            "NH1",
            "NH2",
            "NH3",
            "NH4",
            "NH5"
        ]
    }
}