{
    "bloc_voter_props": {
        "H": [
            0.4638804064844708,
            0.24725428427419355,
            0.34679981501234397,
            0.29310715484501915,
            0.5560857520418008,
            0.22351131016672868,
            0.17350675356219117,
            0.47369416961587146,
            1082060.0,
            1338105.0
        ],
        "NH": [
            0.5361195935155292,
            0.7527457157258064,
            0.6532001849876561,
            0.7068928451549809,
            0.44391424795819917,
            0.7764886898332714,
            0.8264932464378089,
            0.5263058303841286,
            2112221.0,
            1749970.0
        ]
    },
    "cohesion_parameters": {
        "H": {
            "H": 0.77,
            "NH": 0.23
        },
        "NH": {
            "H": 0.52,
            "NH": 0.48
        }
    },
    "alphas": {
        "H": {
            "H": 1,
            "NH": 1
        },
        "NH": {
            "H": 1,
            "NH": 1
        }
    },
    "slate_to_candidates": {
        "H": [
            "H1",
            "H2",
            "H3",
            "H4",
            "H5"
        ],
        "NH": [
            "NH1",
            "NH2",
            "NH3",
            "NH4",
            "NH5"
        ]
    }
}