{
    "bloc_voter_props": {
        "H": [
            0.42661494716146797,
            0.21982156699551045,
            0.46958574132098607,
            0.4659365523475843,
            0.4844757981205092,
            0.22315485491649767,
            0.3855430271884029,
            0.29031794895547125,
            1092328.0,
            798500.0
        ],
        "NH": [
            0.573385052838532,
            0.7801784330044895,
            0.5304142586790139,
            0.5340634476524158,
            0.5155242018794908,
            0.7768451450835023,
            0.6144569728115972,
            0.7096820510445287,
            2136638.0,
            2406970.0
        ]
    },
    "cohesion_parameters": {
        "H": {
            "H": 0.77,
            "NH": 0.23
        },
        "NH": {
            "H": 0.52,
            "NH": 0.48
        }
    },
    "alphas": {
        "H": {
            "H": 1,
            "NH": 1
        },
        "NH": {
            "H": 1,
            "NH": 1
        }
    },
    "slate_to_candidates": {
        "H": [
            "H1",
            "H2",
            "H3",
            "H4",
            "H5"
        ],
        "NH": [
            "NH1",
            "NH2",
            "NH3",
            "NH4",
            "NH5"
        ]
    }
}