{
    "bloc_voter_props": {
        "H": [
            0.3475070988108041,
            0.2828995666206482,
            0.17420202618300876,
            0.5516679595026124,
            0.24619280294054943,
            0.21940630787711815,
            0.4228101741690114,
            0.4188253733856656,
            1621859.0,
            1174719.0
        ],
        "NH": [
            0.6524929011891959,
            0.7171004333793518,
            0.8257979738169913,
            0.4483320404973876,
            0.7538071970594505,
            0.7805936921228819,
            0.5771898258309887,
            0.5811746266143344,
            1578355.0,
            1928571.0
        ]
    },
    "cohesion_parameters": {
        "H": {
            "H": 0.77,
            "NH": 0.23
        },
        "NH": {
            "H": 0.52,
            "NH": 0.48
        }
    },
    "alphas": {
        "H": {
            "H": 1,
            "NH": 1
        },
        "NH": {
            "H": 1,
            "NH": 1
        }
    },
    "slate_to_candidates": {
        "H": [
            "H1",
            "H2",
            "H3",
            "H4",
            "H5"
        ],
        "NH": [
            "NH1",
            "NH2",
            "NH3",
            "NH4",
            "NH5"
        ]
    }
}