{
    "bloc_voter_props": {
        "H": [
            0.49206147613935214,
            0.4340598290029962,
            0.3379549146640605,
            0.3083775987731317,
            0.21333821779760168,
            0.3586825977685052,
            0.29078832975136143,
            0.4254652055893047,
            1381777.0,
            811576.0
        ],
        "NH": [
            0.5079385238606479,
            0.5659401709970038,
            0.6620450853359394,
            0.6916224012268684,
            0.7866617822023984,
            0.6413174022314948,
            0.7092116702486385,
            0.5745347944106953,
            1764289.0,
            2424953.0
        ]
    },
    "cohesion_parameters": {
        "H": {
            "H": 0.77,
            "NH": 0.23
        },
        "NH": {
            "H": 0.52,
            "NH": 0.48
        }
    },
    "alphas": {
        "H": {
            "H": 1,
            "NH": 1
        },
        "NH": {
            "H": 1,
            "NH": 1
        }
    },
    "slate_to_candidates": {
        "H": [
            "H1",
            "H2",
            "H3",
            "H4",
            "H5"
        ],
        "NH": [
            "NH1",
            "NH2",
            "NH3",
            "NH4",
            "NH5"
        ]
    }
}