{
    "bloc_voter_props": {
        "H": [
            0.39796905254491544,
            0.24725428427419355,
            0.46958574132098607,
            0.2875715055800423,
            0.5153020393246881,
            0.17527722654376385,
            0.434541704414667,
            0.4689094124760039,
            1092328.0,
            706394.0
        ],
        "NH": [
            0.6020309474550846,
            0.7527457157258064,
            0.5304142586790139,
            0.7124284944199577,
            0.48469796067531196,
            0.8247227734562361,
            0.565458295585333,
            0.5310905875239961,
            2136638.0,
            2476223.0
        ]
    },
    "cohesion_parameters": {
        "H": {
            "H": 0.77,
            "NH": 0.23
        },
        "NH": {
            "H": 0.52,
            "NH": 0.48
        }
    },
    "alphas": {
        "H": {
            "H": 1,
            "NH": 1
        },
        "NH": {
            "H": 1,
            "NH": 1
        }
    },
    "slate_to_candidates": {
        "H": [
            "H1",
            "H2",
            "H3",
            "H4",
            "H5"
        ],
        "NH": [
            "NH1",
            "NH2",
            "NH3",
            "NH4",
            "NH5"
        ]
    }
}