{
    "bloc_voter_props": {
        "H": [
            0.4927954720450622,
            0.448868172856901,
            0.46622591709687294,
            0.3863895024718628,
            0.27689876483219805,
            0.1616428057542317,
            0.3465433398506041,
            0.34245313380598713,
            385992.0,
            454972.0,
            547648.0,
            766006.0,
            602268.0,
            1020156.0,
            381873.0,
            1207378.0
        ],
        "NH": [
            0.5072045279549378,
            0.5511318271430989,
            0.533774082903127,
            0.6136104975281371,
            0.723101235167802,
            0.8383571942457683,
            0.6534566601493959,
            0.6575468661940129,
            1635196.0,
            1495504.0,
            1388269.0,
            1249490.0,
            1258783.0,
            938336.0,
            1481337.0,
            754545.0
        ]
    },
    "cohesion_parameters": {
        "H": {
            "H": 0.77,
            "NH": 0.23
        },
        "NH": {
            "H": 0.52,
            "NH": 0.48
        }
    },
    "alphas": {
        "H": {
            "H": 1,
            "NH": 1
        },
        "NH": {
            "H": 1,
            "NH": 1
        }
    },
    "slate_to_candidates": {
        "H": [
            "H1",
            "H2",
            "H3",
            "H4",
            "H5"
        ],
        "NH": [
            "NH1",
            "NH2",
            "NH3",
            "NH4",
            "NH5"
        ]
    }
}