{
    "bloc_voter_props": {
        "H": [
            0.6298971656400041,
            0.23809299708862683,
            0.32694007853250734,
            0.20563038039357212,
            0.4688050967915602,
            0.1616428057542317,
            0.3465433398506041,
            0.5179597236810213,
            531133.0,
            370575.0,
            885692.0,
            757492.0,
            602268.0,
            668488.0,
            843741.0,
            580592.0
        ],
        "NH": [
            0.3701028343599959,
            0.7619070029113731,
            0.6730599214674927,
            0.7943696196064279,
            0.5311949032084399,
            0.8383571942457683,
            0.6534566601493959,
            0.4820402763189788,
            1401084.0,
            1590213.0,
            968659.0,
            1185991.0,
            1258783.0,
            1168984.0,
            1025662.0,
            1424595.0
        ]
    },
    "cohesion_parameters": {
        "H": {
            "H": 0.77,
            "NH": 0.23
        },
        "NH": {
            "H": 0.52,
            "NH": 0.48
        }
    },
    "alphas": {
        "H": {
            "H": 1,
            "NH": 1
        },
        "NH": {
            "H": 1,
            "NH": 1
        }
    },
    "slate_to_candidates": {
        "H": [
            "H1",
            "H2",
            "H3",
            "H4",
            "H5"
        ],
        "NH": [
            "NH1",
            "NH2",
            "NH3",
            "NH4",
            "NH5"
        ]
    }
}