{
    "bloc_voter_props": {
        "H": [
            0.532023585514557,
            0.4127999440411806,
            0.2922587065601745,
            0.41487169681688846,
            0.2144348723979802,
            0.334910993564415,
            0.39040794302309445,
            0.43365659624465613,
            996947.0,
            570339.0
        ],
        "NH": [
            0.4679764144854431,
            0.5872000559588194,
            0.7077412934398255,
            0.5851283031831116,
            0.7855651276020198,
            0.665089006435585,
            0.6095920569769055,
            0.5663434037553439,
            1938179.0,
            2638060.0
        ]
    },
    "cohesion_parameters": {
        "H": {
            "H": 0.77,
            "NH": 0.23
        },
        "NH": {
            "H": 0.52,
            "NH": 0.48
        }
    },
    "alphas": {
        "H": {
            "H": 1,
            "NH": 1
        },
        "NH": {
            "H": 1,
            "NH": 1
        }
    },
    "slate_to_candidates": {
        "H": [
            "H1",
            "H2",
            "H3",
            "H4",
            "H5"
        ],
        "NH": [
            "NH1",
            "NH2",
            "NH3",
            "NH4",
            "NH5"
        ]
    }
}