{
    "bloc_voter_props": {
        "H": [
            0.5735568334760798,
            0.3610494851066391,
            0.1973511868408942,
            0.3002656707158886,
            0.26090503562660916,
            0.35613713527445867,
            0.24618797723262228,
            0.5063450021641412,
            1218931.0,
            1079854.0
        ],
        "NH": [
            0.4264431665239202,
            0.638950514893361,
            0.8026488131591057,
            0.6997343292841114,
            0.7390949643733908,
            0.6438628647255413,
            0.7538120227673777,
            0.4936549978358588,
            1876856.0,
            2095298.0
        ]
    },
    "cohesion_parameters": {
        "H": {
            "H": 0.77,
            "NH": 0.23
        },
        "NH": {
            "H": 0.52,
            "NH": 0.48
        }
    },
    "alphas": {
        "H": {
            "H": 1,
            "NH": 1
        },
        "NH": {
            "H": 1,
            "NH": 1
        }
    },
    "slate_to_candidates": {
        "H": [
            "H1",
            "H2",
            "H3",
            "H4",
            "H5"
        ],
        "NH": [
            "NH1",
            "NH2",
            "NH3",
            "NH4",
            "NH5"
        ]
    }
}