{
    "bloc_voter_props": {
        "H": [
            0.4499811283815014,
            0.23377648381189578,
            0.6141037661461135,
            0.45811816889023094,
            0.16665916039637202,
            0.19637130008492032,
            0.40482544138700927,
            0.45891993213605564,
            686907.0,
            428947.0,
            448891.0,
            531124.0,
            636218.0,
            879548.0,
            694645.0,
            764287.0
        ],
        "NH": [
            0.5500188716184986,
            0.7662235161881042,
            0.38589623385388644,
            0.5418818311097691,
            0.833340839603628,
            0.8036286999150797,
            0.5951745586129907,
            0.5410800678639444,
            1190569.0,
            1556519.0,
            1417884.0,
            1332759.0,
            1215179.0,
            1003085.0,
            1292291.0,
            1108873.0
        ]
    },
    "cohesion_parameters": {
        "H": {
            "H": 0.77,
            "NH": 0.23
        },
        "NH": {
            "H": 0.52,
            "NH": 0.48
        }
    },
    "alphas": {
        "H": {
            "H": 1,
            "NH": 1
        },
        "NH": {
            "H": 1,
            "NH": 1
        }
    },
    "slate_to_candidates": {
        "H": [
            "H1",
            "H2",
            "H3",
            "H4",
            "H5"
        ],
        "NH": [
            "NH1",
            "NH2",
            "NH3",
            "NH4",
            "NH5"
        ]
    }
}