{
    "bloc_voter_props": {
        "H": [
            0.18046661596249797,
            0.4444209462293131,
            0.6788607573785085,
            0.3098903406878747,
            0.2282975614933642,
            0.41579222962123513,
            0.48503348890974035,
            0.36814056993233346,
            359378.0,
            473554.0,
            937523.0,
            397836.0,
            575967.0,
            656100.0,
            487683.0,
            970215.0
        ],
        "NH": [
            0.819533384037502,
            0.555579053770687,
            0.3211392426214915,
            0.6901096593121253,
            0.7717024385066358,
            0.5842077703787649,
            0.5149665110902596,
            0.6318594300676665,
            1569899.0,
            1446981.0,
            906244.0,
            1467017.0,
            1336132.0,
            1309721.0,
            1490345.0,
            868006.0
        ]
    },
    "cohesion_parameters": {
        "H": {
            "H": 0.77,
            "NH": 0.23
        },
        "NH": {
            "H": 0.52,
            "NH": 0.48
        }
    },
    "alphas": {
        "H": {
            "H": 1,
            "NH": 1
        },
        "NH": {
            "H": 1,
            "NH": 1
        }
    },
    "slate_to_candidates": {
        "H": [
            "H1",
            "H2",
            "H3",
            "H4",
            "H5"
        ],
        "NH": [
            "NH1",
            "NH2",
            "NH3",
            "NH4",
            "NH5"
        ]
    }
}