{
    "bloc_voter_props": {
        "H": [
            0.3338268198464857,
            0.526013746492575,
            0.5048996363967665,
            0.31397604791012346,
            0.22522756937084445,
            0.18766407554924053,
            0.4026107439976083,
            0.4286221660671469,
            426331.0,
            894882.0,
            537276.0,
            443985.0,
            1175949.0,
            628627.0,
            358822.0,
            809523.0
        ],
        "NH": [
            0.6661731801535142,
            0.473986253507425,
            0.4951003636032335,
            0.6860239520898765,
            0.7747724306291556,
            0.8123359244507594,
            0.5973892560023917,
            0.5713778339328531,
            1549810.0,
            962838.0,
            1482623.0,
            1429119.0,
            662652.0,
            1208578.0,
            1573745.0,
            1181714.0
        ]
    },
    "cohesion_parameters": {
        "H": {
            "H": 0.77,
            "NH": 0.23
        },
        "NH": {
            "H": 0.52,
            "NH": 0.48
        }
    },
    "alphas": {
        "H": {
            "H": 1,
            "NH": 1
        },
        "NH": {
            "H": 1,
            "NH": 1
        }
    },
    "slate_to_candidates": {
        "H": [
            "H1",
            "H2",
            "H3",
            "H4",
            "H5"
        ],
        "NH": [
            "NH1",
            "NH2",
            "NH3",
            "NH4",
            "NH5"
        ]
    }
}