{
    "bloc_voter_props": {
        "H": [
            0.1901217950153167,
            0.2937382545290536,
            0.23900280253812517,
            0.2765269694792555,
            0.1895281595422922,
            0.4656208842094812,
            0.4312416550915842,
            0.5616805134204456,
            1435160.0,
            1334824.0
        ],
        "NH": [
            0.8098782049846833,
            0.7062617454709464,
            0.7609971974618748,
            0.7234730305207445,
            0.8104718404577078,
            0.5343791157905188,
            0.5687583449084158,
            0.4383194865795544,
            1633985.0,
            1777682.0
        ]
    },
    "cohesion_parameters": {
        "H": {
            "H": 0.77,
            "NH": 0.23
        },
        "NH": {
            "H": 0.52,
            "NH": 0.48
        }
    },
    "alphas": {
        "H": {
            "H": 1,
            "NH": 1
        },
        "NH": {
            "H": 1,
            "NH": 1
        }
    },
    "slate_to_candidates": {
        "H": [
            "H1",
            "H2",
            "H3",
            "H4",
            "H5"
        ],
        "NH": [
            "NH1",
            "NH2",
            "NH3",
            "NH4",
            "NH5"
        ]
    }
}