{
    "bloc_voter_props": {
        "H": [
            0.4601101007408553,
            0.2258667578130805,
            0.6190563423821573,
            0.40703786996506164,
            0.18508768482560772,
            0.22422449762923832,
            0.34882997666971105,
            0.3554848215419789,
            1035569.0,
            347434.0,
            795643.0,
            661667.0,
            608964.0,
            467171.0,
            652581.0,
            869507.0
        ],
        "NH": [
            0.5398898992591447,
            0.7741332421869195,
            0.3809436576178427,
            0.5929621300349384,
            0.8149123151743923,
            0.7757755023707616,
            0.651170023330289,
            0.6445151784580211,
            974868.0,
            1518935.0,
            1081157.0,
            1220671.0,
            1405608.0,
            1380741.0,
            1187437.0,
            966927.0
        ]
    },
    "cohesion_parameters": {
        "H": {
            "H": 0.77,
            "NH": 0.23
        },
        "NH": {
            "H": 0.52,
            "NH": 0.48
        }
    },
    "alphas": {
        "H": {
            "H": 1,
            "NH": 1
        },
        "NH": {
            "H": 1,
            "NH": 1
        }
    },
    "slate_to_candidates": {
        "H": [
            "H1",
            "H2",
            "H3",
            "H4",
            "H5"
        ],
        "NH": [
            "NH1",
            "NH2",
            "NH3",
            "NH4",
            "NH5"
        ]
    }
}