{
    "bloc_voter_props": {
        "H": [
            0.30527587138917606,
            0.48169121336998183,
            0.5305721320010547,
            0.3642249527410208,
            0.1941726743887151,
            0.3635502751985349,
            0.29886463831688537,
            0.21671560406096324,
            1444184.0,
            1046852.0
        ],
        "NH": [
            0.6947241286108239,
            0.5183087866300181,
            0.46942786799894537,
            0.6357750472589792,
            0.8058273256112849,
            0.6364497248014651,
            0.7011353616831146,
            0.7832843959390368,
            1697793.0,
            2148859.0
        ]
    },
    "cohesion_parameters": {
        "H": {
            "H": 0.77,
            "NH": 0.23
        },
        "NH": {
            "H": 0.52,
            "NH": 0.48
        }
    },
    "alphas": {
        "H": {
            "H": 1,
            "NH": 1
        },
        "NH": {
            "H": 1,
            "NH": 1
        }
    },
    "slate_to_candidates": {
        "H": [
            "H1",
            "H2",
            "H3",
            "H4",
            "H5"
        ],
        "NH": [
            "NH1",
            "NH2",
            "NH3",
            "NH4",
            "NH5"
        ]
    }
}