{
    "bloc_voter_props": {
        "H": [
            0.5067158298004522,
            0.23554903295302795,
            0.3533720771812395,
            0.18227952088191648,
            0.48272967576106734,
            0.20512495492909288,
            0.5559628753933284,
            0.2866669065030195,
            901691.0,
            464425.0,
            759583.0,
            743180.0,
            608964.0,
            369184.0,
            729608.0,
            990089.0
        ],
        "NH": [
            0.49328417019954784,
            0.764450967046972,
            0.6466279228187606,
            0.8177204791180835,
            0.5172703242389326,
            0.7948750450709071,
            0.4440371246066715,
            0.7133330934969805,
            1067549.0,
            1418604.0,
            1091026.0,
            1271552.0,
            1405608.0,
            1599988.0,
            1179200.0,
            982423.0
        ]
    },
    "cohesion_parameters": {
        "H": {
            "H": 0.77,
            "NH": 0.23
        },
        "NH": {
            "H": 0.52,
            "NH": 0.48
        }
    },
    "alphas": {
        "H": {
            "H": 1,
            "NH": 1
        },
        "NH": {
            "H": 1,
            "NH": 1
        }
    },
    "slate_to_candidates": {
        "H": [
            "H1",
            "H2",
            "H3",
            "H4",
            "H5"
        ],
        "NH": [
            "NH1",
            "NH2",
            "NH3",
            "NH4",
            "NH5"
        ]
    }
}