{
    "bloc_voter_props": {
        "H": [
            0.5469187955815905,
            0.33085345532158134,
            0.42988204049851964,
            0.19762575241082228,
            0.21012824401828264,
            0.46174732354472503,
            0.4488029012983166,
            0.313441947253331,
            1007761.0,
            753514.0
        ],
        "NH": [
            0.45308120441840943,
            0.6691465446784187,
            0.5701179595014804,
            0.8023742475891777,
            0.7898717559817173,
            0.538252676455275,
            0.5511970987016833,
            0.686558052746669,
            1937060.0,
            2197392.0
        ]
    },
    "cohesion_parameters": {
        "H": {
            "H": 0.77,
            "NH": 0.23
        },
        "NH": {
            "H": 0.52,
            "NH": 0.48
        }
    },
    "alphas": {
        "H": {
            "H": 1,
            "NH": 1
        },
        "NH": {
            "H": 1,
            "NH": 1
        }
    },
    "slate_to_candidates": {
        "H": [
            "H1",
            "H2",
            "H3",
            "H4",
            "H5"
        ],
        "NH": [
            "NH1",
            "NH2",
            "NH3",
            "NH4",
            "NH5"
        ]
    }
}