{
    "bloc_voter_props": {
        "H": [
            0.30527587138917606,
            0.5119506962760764,
            0.3082665556082668,
            0.5083627791379087,
            0.2204588168221304,
            0.2922237917296544,
            0.38943955953134485,
            0.19047378121499042,
            1386200.0,
            1121246.0
        ],
        "NH": [
            0.6947241286108239,
            0.48804930372392363,
            0.6917334443917332,
            0.4916372208620913,
            0.7795411831778696,
            0.7077762082703456,
            0.6105604404686551,
            0.8095262187850095,
            1799716.0,
            1814230.0
        ]
    },
    "cohesion_parameters": {
        "H": {
            "H": 0.77,
            "NH": 0.23
        },
        "NH": {
            "H": 0.52,
            "NH": 0.48
        }
    },
    "alphas": {
        "H": {
            "H": 1,
            "NH": 1
        },
        "NH": {
            "H": 1,
            "NH": 1
        }
    },
    "slate_to_candidates": {
        "H": [
            "H1",
            "H2",
            "H3",
            "H4",
            "H5"
        ],
        "NH": [
            "NH1",
            "NH2",
            "NH3",
            "NH4",
            "NH5"
        ]
    }
}