{
    "bloc_voter_props": {
        "H": [
            0.36280147329139123,
            0.2164293161300956,
            0.35733406544717705,
            0.4682407896590114,
            0.43087879923498396,
            0.4971698236247995,
            0.47805218970675395,
            0.20419424736280492,
            717591.0,
            403843.0,
            716507.0,
            602589.0,
            659460.0,
            365687.0,
            601428.0,
            1162383.0
        ],
        "NH": [
            0.6371985267086088,
            0.7835706838699044,
            0.642665934552823,
            0.5317592103409886,
            0.569121200765016,
            0.5028301763752006,
            0.521947810293246,
            0.7958057526371951,
            1291291.0,
            1585834.0,
            1233325.0,
            1227882.0,
            1336742.0,
            1595997.0,
            1413442.0,
            714123.0
        ]
    },
    "cohesion_parameters": {
        "H": {
            "H": 0.77,
            "NH": 0.23
        },
        "NH": {
            "H": 0.52,
            "NH": 0.48
        }
    },
    "alphas": {
        "H": {
            "H": 1,
            "NH": 1
        },
        "NH": {
            "H": 1,
            "NH": 1
        }
    },
    "slate_to_candidates": {
        "H": [
            "H1",
            "H2",
            "H3",
            "H4",
            "H5"
        ],
        "NH": [
            "NH1",
            "NH2",
            "NH3",
            "NH4",
            "NH5"
        ]
    }
}