{
    "bloc_voter_props": {
        "H": [
            0.4238407331576056,
            0.4323888502586741,
            0.5092527041100342,
            0.33140506302934913,
            0.18788520714217588,
            0.2877642626229737,
            0.39628824308664534,
            0.3919843408425099,
            384608.0,
            935680.0,
            660093.0,
            423391.0,
            492886.0,
            921534.0,
            369020.0,
            1058542.0
        ],
        "NH": [
            0.5761592668423944,
            0.5676111497413259,
            0.49074729588996585,
            0.6685949369706509,
            0.8121147928578241,
            0.7122357373770263,
            0.6037117569133547,
            0.6080156591574901,
            1513695.0,
            1028529.0,
            1206206.0,
            1439935.0,
            1515933.0,
            964551.0,
            1581439.0,
            956008.0
        ]
    },
    "cohesion_parameters": {
        "H": {
            "H": 0.77,
            "NH": 0.23
        },
        "NH": {
            "H": 0.52,
            "NH": 0.48
        }
    },
    "alphas": {
        "H": {
            "H": 1,
            "NH": 1
        },
        "NH": {
            "H": 1,
            "NH": 1
        }
    },
    "slate_to_candidates": {
        "H": [
            "H1",
            "H2",
            "H3",
            "H4",
            "H5"
        ],
        "NH": [
            "NH1",
            "NH2",
            "NH3",
            "NH4",
            "NH5"
        ]
    }
}