{
    "bloc_voter_props": {
        "H": [
            0.35887344544214617,
            0.18579814467918837,
            0.48063285659614247,
            0.584226562449246,
            0.3936485299173596,
            0.40358554284638914,
            0.19636297503016514,
            0.20372224468930325,
            717838.0,
            879852.0,
            584113.0,
            632084.0,
            969804.0,
            415040.0,
            601428.0,
            667677.0
        ],
        "NH": [
            0.6411265545578538,
            0.8142018553208116,
            0.5193671434038576,
            0.415773437550754,
            0.6063514700826405,
            0.5964144571536109,
            0.8036370249698349,
            0.7962777553106968,
            1152682.0,
            997826.0,
            1388419.0,
            1353326.0,
            885926.0,
            1438093.0,
            1413442.0,
            1252135.0
        ]
    },
    "cohesion_parameters": {
        "H": {
            "H": 0.77,
            "NH": 0.23
        },
        "NH": {
            "H": 0.52,
            "NH": 0.48
        }
    },
    "alphas": {
        "H": {
            "H": 1,
            "NH": 1
        },
        "NH": {
            "H": 1,
            "NH": 1
        }
    },
    "slate_to_candidates": {
        "H": [
            "H1",
            "H2",
            "H3",
            "H4",
            "H5"
        ],
        "NH": [
            "NH1",
            "NH2",
            "NH3",
            "NH4",
            "NH5"
        ]
    }
}