{
    "bloc_voter_props": {
        "H": [
            0.5104155707172071,
            0.19302365315177242,
            0.43886383490841774,
            0.27508966687884573,
            0.18811955249431142,
            0.4027666236423883,
            0.3652925057499184,
            0.3227345906163753,
            1325479.0,
            1307991.0
        ],
        "NH": [
            0.48958442928279294,
            0.8069763468482276,
            0.5611361650915823,
            0.7249103331211543,
            0.8118804475056886,
            0.5972333763576116,
            0.6347074942500815,
            0.6772654093836247,
            1844483.0,
            1691075.0
        ]
    },
    "cohesion_parameters": {
        "H": {
            "H": 0.77,
            "NH": 0.23
        },
        "NH": {
            "H": 0.52,
            "NH": 0.48
        }
    },
    "alphas": {
        "H": {
            "H": 1,
            "NH": 1
        },
        "NH": {
            "H": 1,
            "NH": 1
        }
    },
    "slate_to_candidates": {
        "H": [
            "H1",
            "H2",
            "H3",
            "H4",
            "H5"
        ],
        "NH": [
            "NH1",
            "NH2",
            "NH3",
            "NH4",
            "NH5"
        ]
    }
}