{
    "bloc_voter_props": {
        "H": [
            0.18545320189578612,
            0.45968512334868056,
            0.6517343694271382,
            0.3098903406878747,
            0.21513451174580686,
            0.22813109839399284,
            0.46475353825946614,
            0.38049713193116635,
            361356.0,
            767041.0,
            974402.0,
            433317.0,
            546767.0,
            815051.0,
            471811.0,
            1007658.0
        ],
        "NH": [
            0.8145467981042139,
            0.5403148766513194,
            0.34826563057286175,
            0.6901096593121253,
            0.7848654882541931,
            0.7718689016060072,
            0.5352464617405338,
            0.6195028680688337,
            1606927.0,
            1114191.0,
            1035509.0,
            1478863.0,
            1354197.0,
            1159731.0,
            1443095.0,
            954253.0
        ]
    },
    "cohesion_parameters": {
        "H": {
            "H": 0.77,
            "NH": 0.23
        },
        "NH": {
            "H": 0.52,
            "NH": 0.48
        }
    },
    "alphas": {
        "H": {
            "H": 1,
            "NH": 1
        },
        "NH": {
            "H": 1,
            "NH": 1
        }
    },
    "slate_to_candidates": {
        "H": [
            "H1",
            "H2",
            "H3",
            "H4",
            "H5"
        ],
        "NH": [
            "NH1",
            "NH2",
            "NH3",
            "NH4",
            "NH5"
        ]
    }
}