{
    "bloc_voter_props": {
        "H": [
            0.44063417877256206,
            0.2630243915238061,
            0.3764306385269817,
            0.5110156143780665,
            0.315842548345555,
            0.19055432161772287,
            0.19353530171847555,
            0.3148841755618221,
            1380869.0,
            1507408.0
        ],
        "NH": [
            0.5593658212274379,
            0.7369756084761939,
            0.6235693614730183,
            0.4889843856219335,
            0.684157451654445,
            0.8094456783822771,
            0.8064646982815245,
            0.685115824438178,
            1573164.0,
            1704478.0
        ]
    },
    "cohesion_parameters": {
        "H": {
            "H": 0.77,
            "NH": 0.23
        },
        "NH": {
            "H": 0.52,
            "NH": 0.48
        }
    },
    "alphas": {
        "H": {
            "H": 1,
            "NH": 1
        },
        "NH": {
            "H": 1,
            "NH": 1
        }
    },
    "slate_to_candidates": {
        "H": [
            "H1",
            "H2",
            "H3",
            "H4",
            "H5"
        ],
        "NH": [
            "NH1",
            "NH2",
            "NH3",
            "NH4",
            "NH5"
        ]
    }
}