{
    "bloc_voter_props": {
        "H": [
            0.34086214005785176,
            0.22825864873037538,
            0.3563828851145207,
            0.4745064032002577,
            0.19308790957416896,
            0.33901469751464924,
            0.19089780773391138,
            0.24048419311885227,
            1051680.0,
            583069.0,
            1183634.0,
            514485.0,
            732241.0,
            936878.0,
            856247.0,
            586018.0
        ],
        "NH": [
            0.6591378599421482,
            0.7717413512696246,
            0.6436171148854792,
            0.5254935967997423,
            0.806912090425831,
            0.6609853024853508,
            0.8091021922660886,
            0.7595158068811477,
            968727.0,
            1370769.0,
            668103.0,
            1502257.0,
            1256691.0,
            977439.0,
            1165886.0,
            1305791.0
        ]
    },
    "cohesion_parameters": {
        "H": {
            "H": 0.77,
            "NH": 0.23
        },
        "NH": {
            "H": 0.52,
            "NH": 0.48
        }
    },
    "alphas": {
        "H": {
            "H": 1,
            "NH": 1
        },
        "NH": {
            "H": 1,
            "NH": 1
        }
    },
    "slate_to_candidates": {
        "H": [
            "H1",
            "H2",
            "H3",
            "H4",
            "H5"
        ],
        "NH": [
            "NH1",
            "NH2",
            "NH3",
            "NH4",
            "NH5"
        ]
    }
}