{
    "bloc_voter_props": {
        "H": [
            0.17430788862415136,
            0.4928518483052621,
            0.6788607573785085,
            0.3098903406878747,
            0.22456331139294136,
            0.43016449071300994,
            0.47825824065681216,
            0.2654469676074898,
            413796.0,
            691416.0,
            1004901.0,
            408350.0,
            536740.0,
            691099.0,
            424544.0,
            852922.0
        ],
        "NH": [
            0.8256921113758486,
            0.5071481516947379,
            0.3211392426214915,
            0.6901096593121253,
            0.7754366886070586,
            0.5698355092869901,
            0.5217417593431879,
            0.7345530323925102,
            1510810.0,
            1274760.0,
            960131.0,
            1471362.0,
            1441684.0,
            1197383.0,
            1441366.0,
            986687.0
        ]
    },
    "cohesion_parameters": {
        "H": {
            "H": 0.77,
            "NH": 0.23
        },
        "NH": {
            "H": 0.52,
            "NH": 0.48
        }
    },
    "alphas": {
        "H": {
            "H": 1,
            "NH": 1
        },
        "NH": {
            "H": 1,
            "NH": 1
        }
    },
    "slate_to_candidates": {
        "H": [
            "H1",
            "H2",
            "H3",
            "H4",
            "H5"
        ],
        "NH": [
            "NH1",
            "NH2",
            "NH3",
            "NH4",
            "NH5"
        ]
    }
}