{
    "bloc_voter_props": {
        "H": [
            0.6486992552044726,
            0.23790472696943804,
            0.4528924667057777,
            0.3161878125179463,
            0.45477968761795984,
            0.37399007964424646,
            0.2137549701410101,
            0.22899369932472094,
            1053752.0,
            583069.0,
            519946.0,
            447503.0,
            758280.0,
            303457.0,
            939215.0,
            705177.0
        ],
        "NH": [
            0.3513007447955274,
            0.7620952730305619,
            0.5471075332942222,
            0.6838121874820536,
            0.5452203123820402,
            0.6260099203557535,
            0.7862450298589899,
            0.7710063006752791,
            944153.0,
            1370769.0,
            1363169.0,
            1457796.0,
            1117863.0,
            1541050.0,
            1013457.0,
            1250508.0
        ]
    },
    "cohesion_parameters": {
        "H": {
            "H": 0.77,
            "NH": 0.23
        },
        "NH": {
            "H": 0.52,
            "NH": 0.48
        }
    },
    "alphas": {
        "H": {
            "H": 1,
            "NH": 1
        },
        "NH": {
            "H": 1,
            "NH": 1
        }
    },
    "slate_to_candidates": {
        "H": [
            "H1",
            "H2",
            "H3",
            "H4",
            "H5"
        ],
        "NH": [
            "NH1",
            "NH2",
            "NH3",
            "NH4",
            "NH5"
        ]
    }
}