{
    "bloc_voter_props": {
        "H": [
            0.4737267155547151,
            0.6647989234181373,
            0.353784244865265,
            0.26448690130755,
            0.17695317686570078,
            0.22514571291004584,
            0.31315436811434544,
            0.44898587391946027,
            456652.0,
            1028586.0,
            988696.0,
            322890.0,
            646898.0,
            686015.0,
            475110.0,
            707238.0
        ],
        "NH": [
            0.5262732844452849,
            0.3352010765818627,
            0.646215755134735,
            0.7355130986924501,
            0.8230468231342992,
            0.7748542870899542,
            0.6868456318856546,
            0.5510141260805398,
            1414686.0,
            976156.0,
            1033839.0,
            1582739.0,
            1335389.0,
            1212730.0,
            1399596.0,
            1150060.0
        ]
    },
    "cohesion_parameters": {
        "H": {
            "H": 0.77,
            "NH": 0.23
        },
        "NH": {
            "H": 0.52,
            "NH": 0.48
        }
    },
    "alphas": {
        "H": {
            "H": 1,
            "NH": 1
        },
        "NH": {
            "H": 1,
            "NH": 1
        }
    },
    "slate_to_candidates": {
        "H": [
            "H1",
            "H2",
            "H3",
            "H4",
            "H5"
        ],
        "NH": [
            "NH1",
            "NH2",
            "NH3",
            "NH4",
            "NH5"
        ]
    }
}