{
    "bloc_voter_props": {
        "H": [
            0.5131262076221496,
            0.18975922633713782,
            0.34160637760492046,
            0.48637822049755375,
            0.4035311977759583,
            0.44564685026209405,
            0.1961085096076215,
            0.3220594950053743,
            1167295.0,
            818905.0
        ],
        "NH": [
            0.48687379237785045,
            0.8102407736628622,
            0.6583936223950795,
            0.5136217795024463,
            0.5964688022240417,
            0.554353149737906,
            0.8038914903923785,
            0.6779405049946258,
            1763395.0,
            2336342.0
        ]
    },
    "cohesion_parameters": {
        "H": {
            "H": 0.77,
            "NH": 0.23
        },
        "NH": {
            "H": 0.52,
            "NH": 0.48
        }
    },
    "alphas": {
        "H": {
            "H": 1,
            "NH": 1
        },
        "NH": {
            "H": 1,
            "NH": 1
        }
    },
    "slate_to_candidates": {
        "H": [
            "H1",
            "H2",
            "H3",
            "H4",
            "H5"
        ],
        "NH": [
            "NH1",
            "NH2",
            "NH3",
            "NH4",
            "NH5"
        ]
    }
}