{
    "bloc_voter_props": {
        "H": [
            0.3592088035028708,
            0.19302365315177242,
            0.43886383490841774,
            0.27508966687884573,
            0.18811955249431142,
            0.5836993012403212,
            0.3406613177653732,
            0.3227345906163753,
            1175982.0,
            1457488.0
        ],
        "NH": [
            0.6407911964971291,
            0.8069763468482276,
            0.5611361650915823,
            0.7249103331211543,
            0.8118804475056886,
            0.4163006987596788,
            0.6593386822346268,
            0.6772654093836247,
            1867069.0,
            1668489.0
        ]
    },
    "cohesion_parameters": {
        "H": {
            "H": 0.77,
            "NH": 0.23
        },
        "NH": {
            "H": 0.52,
            "NH": 0.48
        }
    },
    "alphas": {
        "H": {
            "H": 1,
            "NH": 1
        },
        "NH": {
            "H": 1,
            "NH": 1
        }
    },
    "slate_to_candidates": {
        "H": [
            "H1",
            "H2",
            "H3",
            "H4",
            "H5"
        ],
        "NH": [
            "NH1",
            "NH2",
            "NH3",
            "NH4",
            "NH5"
        ]
    }
}