{
    "bloc_voter_props": {
        "H": [
            0.48708425899917435,
            0.40840496363786655,
            0.18370989541894728,
            0.41327970725415053,
            0.2262416314164068,
            0.30602217549111616,
            0.4713568476219388,
            0.40110192227032077,
            1363832.0,
            693620.0
        ],
        "NH": [
            0.5129157410008256,
            0.5915950363621335,
            0.8162901045810527,
            0.5867202927458495,
            0.7737583685835933,
            0.6939778245088838,
            0.5286431523780611,
            0.5988980777296793,
            1737870.0,
            2476257.0
        ]
    },
    "cohesion_parameters": {
        "H": {
            "H": 0.77,
            "NH": 0.23
        },
        "NH": {
            "H": 0.52,
            "NH": 0.48
        }
    },
    "alphas": {
        "H": {
            "H": 1,
            "NH": 1
        },
        "NH": {
            "H": 1,
            "NH": 1
        }
    },
    "slate_to_candidates": {
        "H": [
            "H1",
            "H2",
            "H3",
            "H4",
            "H5"
        ],
        "NH": [
            "NH1",
            "NH2",
            "NH3",
            "NH4",
            "NH5"
        ]
    }
}