{
    "bloc_voter_props": {
        "H": [
            0.4695002180043172,
            0.37985554351975526,
            0.262042177983581,
            0.33864919885262107,
            0.19087392659855262,
            0.4020427199438008,
            0.1981427849677046,
            0.4340344037034556,
            1394011.0,
            1230632.0
        ],
        "NH": [
            0.5304997819956828,
            0.6201444564802447,
            0.737957822016419,
            0.661350801147379,
            0.8091260734014474,
            0.5979572800561992,
            0.8018572150322953,
            0.5659655962965444,
            1673191.0,
            1819475.0
        ]
    },
    "cohesion_parameters": {
        "H": {
            "H": 0.77,
            "NH": 0.23
        },
        "NH": {
            "H": 0.52,
            "NH": 0.48
        }
    },
    "alphas": {
        "H": {
            "H": 1,
            "NH": 1
        },
        "NH": {
            "H": 1,
            "NH": 1
        }
    },
    "slate_to_candidates": {
        "H": [
            "H1",
            "H2",
            "H3",
            "H4",
            "H5"
        ],
        "NH": [
            "NH1",
            "NH2",
            "NH3",
            "NH4",
            "NH5"
        ]
    }
}