{
    "bloc_voter_props": {
        "H": [
            0.2883157740354474,
            0.3464524333889559,
            0.23140265834271725,
            0.36383932283970283,
            0.1938432688032979,
            0.4688938879113791,
            0.43970422344953786,
            0.5565962775876079,
            1281826.0,
            731346.0
        ],
        "NH": [
            0.7116842259645526,
            0.6535475666110441,
            0.7685973416572828,
            0.6361606771602972,
            0.8061567311967021,
            0.5311061120886209,
            0.5602957765504621,
            0.4434037224123922,
            1703834.0,
            2388689.0
        ]
    },
    "cohesion_parameters": {
        "H": {
            "H": 0.77,
            "NH": 0.23
        },
        "NH": {
            "H": 0.52,
            "NH": 0.48
        }
    },
    "alphas": {
        "H": {
            "H": 1,
            "NH": 1
        },
        "NH": {
            "H": 1,
            "NH": 1
        }
    },
    "slate_to_candidates": {
        "H": [
            "H1",
            "H2",
            "H3",
            "H4",
            "H5"
        ],
        "NH": [
            "NH1",
            "NH2",
            "NH3",
            "NH4",
            "NH5"
        ]
    }
}