{
    "bloc_voter_props": {
        "H": [
            0.29216555145579337,
            0.5242694021284331,
            0.18589281490878656,
            0.505931659970264,
            0.446211765368534,
            0.3325121389887765,
            0.1928305552145655,
            0.25740565203025867,
            1174479.0,
            1319394.0
        ],
        "NH": [
            0.7078344485442066,
            0.47573059787156685,
            0.8141071850912135,
            0.494068340029736,
            0.553788234631466,
            0.6674878610112235,
            0.8071694447854345,
            0.7425943479697413,
            1954138.0,
            1746968.0
        ]
    },
    "cohesion_parameters": {
        "H": {
            "H": 0.77,
            "NH": 0.23
        },
        "NH": {
            "H": 0.52,
            "NH": 0.48
        }
    },
    "alphas": {
        "H": {
            "H": 1,
            "NH": 1
        },
        "NH": {
            "H": 1,
            "NH": 1
        }
    },
    "slate_to_candidates": {
        "H": [
            "H1",
            "H2",
            "H3",
            "H4",
            "H5"
        ],
        "NH": [
            "NH1",
            "NH2",
            "NH3",
            "NH4",
            "NH5"
        ]
    }
}