{
    "bloc_voter_props": {
        "H": [
            0.4913850092483738,
            0.3450059235769159,
            0.1934368021276522,
            0.5212735759793099,
            0.26565380063909866,
            0.3745884343108386,
            0.43976849840930704,
            0.2965731502552123,
            1326281.0,
            627962.0
        ],
        "NH": [
            0.5086149907516262,
            0.654994076423084,
            0.8065631978723478,
            0.4787264240206901,
            0.7343461993609014,
            0.6254115656891613,
            0.560231501590693,
            0.7034268497447876,
            1834875.0,
            2480818.0
        ]
    },
    "cohesion_parameters": {
        "H": {
            "H": 0.77,
            "NH": 0.23
        },
        "NH": {
            "H": 0.52,
            "NH": 0.48
        }
    },
    "alphas": {
        "H": {
            "H": 1,
            "NH": 1
        },
        "NH": {
            "H": 1,
            "NH": 1
        }
    },
    "slate_to_candidates": {
        "H": [
            "H1",
            "H2",
            "H3",
            "H4",
            "H5"
        ],
        "NH": [
            "NH1",
            "NH2",
            "NH3",
            "NH4",
            "NH5"
        ]
    }
}