{
    "bloc_voter_props": {
        "H": [
            0.48375524340093784,
            0.3753589185434895,
            0.4044402748522465,
            0.3205943971399871,
            0.22147538950321047,
            0.24263637245670752,
            0.33291489361702126,
            0.4729460905151322,
            311366.0,
            450950.0,
            1009134.0,
            453640.0,
            1288944.0,
            926870.0,
            356484.0,
            672195.0
        ],
        "NH": [
            0.5162447565990622,
            0.6246410814565105,
            0.5955597251477536,
            0.6794056028600128,
            0.7785246104967896,
            0.7573636275432925,
            0.6670851063829787,
            0.5270539094848679,
            1574190.0,
            1568316.0,
            923090.0,
            1534738.0,
            689281.0,
            1031915.0,
            1509531.0,
            1196134.0
        ]
    },
    "cohesion_parameters": {
        "H": {
            "H": 0.77,
            "NH": 0.23
        },
        "NH": {
            "H": 0.52,
            "NH": 0.48
        }
    },
    "alphas": {
        "H": {
            "H": 1,
            "NH": 1
        },
        "NH": {
            "H": 1,
            "NH": 1
        }
    },
    "slate_to_candidates": {
        "H": [
            "H1",
            "H2",
            "H3",
            "H4",
            "H5"
        ],
        "NH": [
            "NH1",
            "NH2",
            "NH3",
            "NH4",
            "NH5"
        ]
    }
}