{
    "bloc_voter_props": {
        "H": [
            0.5128369057478668,
            0.3793319581835595,
            0.238958326347628,
            0.4010223765369696,
            0.21259799107750943,
            0.3405890375476416,
            0.19057499838745312,
            0.3581508748784244,
            1451382.0,
            1369134.0
        ],
        "NH": [
            0.48716309425213317,
            0.6206680418164404,
            0.761041673652372,
            0.5989776234630304,
            0.7874020089224906,
            0.6594109624523584,
            0.8094250016125469,
            0.6418491251215755,
            1719183.0,
            1608003.0
        ]
    },
    "cohesion_parameters": {
        "H": {
            "H": 0.77,
            "NH": 0.23
        },
        "NH": {
            "H": 0.52,
            "NH": 0.48
        }
    },
    "alphas": {
        "H": {
            "H": 1,
            "NH": 1
        },
        "NH": {
            "H": 1,
            "NH": 1
        }
    },
    "slate_to_candidates": {
        "H": [
            "H1",
            "H2",
            "H3",
            "H4",
            "H5"
        ],
        "NH": [
            "NH1",
            "NH2",
            "NH3",
            "NH4",
            "NH5"
        ]
    }
}