{
    "bloc_voter_props": {
        "H": [
            0.3322929495723179,
            0.19302365315177242,
            0.43886383490841774,
            0.24827857157627015,
            0.2108013130169869,
            0.3748366937537078,
            0.5162445664273824,
            0.3227345906163753,
            1416871.0,
            1400121.0
        ],
        "NH": [
            0.6677070504276821,
            0.8069763468482276,
            0.5611361650915823,
            0.7517214284237299,
            0.7891986869830131,
            0.6251633062462921,
            0.48375543357261763,
            0.6772654093836247,
            1765906.0,
            1659421.0
        ]
    },
    "cohesion_parameters": {
        "H": {
            "H": 0.77,
            "NH": 0.23
        },
        "NH": {
            "H": 0.52,
            "NH": 0.48
        }
    },
    "alphas": {
        "H": {
            "H": 1,
            "NH": 1
        },
        "NH": {
            "H": 1,
            "NH": 1
        }
    },
    "slate_to_candidates": {
        "H": [
            "H1",
            "H2",
            "H3",
            "H4",
            "H5"
        ],
        "NH": [
            "NH1",
            "NH2",
            "NH3",
            "NH4",
            "NH5"
        ]
    }
}