{
    "bloc_voter_props": {
        "H": [
            0.5060946468693336,
            0.39934843964510647,
            0.47846559362767027,
            0.2442765427402776,
            0.3963289486347868,
            0.4241204789614075,
            0.38031433275520177,
            0.2015016591388591,
            955193.0,
            616244.0
        ],
        "NH": [
            0.49390535313066647,
            0.6006515603548935,
            0.5215344063723297,
            0.7557234572597225,
            0.6036710513652133,
            0.5758795210385925,
            0.6196856672447982,
            0.7984983408611409,
            2092953.0,
            2357349.0
        ]
    },
    "cohesion_parameters": {
        "H": {
            "H": 0.77,
            "NH": 0.23
        },
        "NH": {
            "H": 0.52,
            "NH": 0.48
        }
    },
    "alphas": {
        "H": {
            "H": 1,
            "NH": 1
        },
        "NH": {
            "H": 1,
            "NH": 1
        }
    },
    "slate_to_candidates": {
        "H": [
            "H1",
            "H2",
            "H3",
            "H4",
            "H5"
        ],
        "NH": [
            "NH1",
            "NH2",
            "NH3",
            "NH4",
            "NH5"
        ]
    }
}