{
    "bloc_voter_props": {
        "H": [
            0.6209928939163588,
            0.23809299708862683,
            0.3493942206495347,
            0.20563038039357212,
            0.4688050967915602,
            0.1616428057542317,
            0.3465433398506041,
            0.3513054405113917,
            531133.0,
            370575.0,
            885692.0,
            757492.0,
            602268.0,
            832921.0,
            556851.0,
            1049230.0
        ],
        "NH": [
            0.3790071060836412,
            0.7619070029113731,
            0.6506057793504653,
            0.7943696196064279,
            0.5311949032084399,
            0.8383571942457683,
            0.6534566601493959,
            0.6486945594886083,
            1401084.0,
            1590213.0,
            968659.0,
            1185991.0,
            1258783.0,
            1018491.0,
            1423913.0,
            912241.0
        ]
    },
    "cohesion_parameters": {
        "H": {
            "H": 0.77,
            "NH": 0.23
        },
        "NH": {
            "H": 0.52,
            "NH": 0.48
        }
    },
    "alphas": {
        "H": {
            "H": 1,
            "NH": 1
        },
        "NH": {
            "H": 1,
            "NH": 1
        }
    },
    "slate_to_candidates": {
        "H": [
            "H1",
            "H2",
            "H3",
            "H4",
            "H5"
        ],
        "NH": [
            "NH1",
            "NH2",
            "NH3",
            "NH4",
            "NH5"
        ]
    }
}