{
    "bloc_voter_props": {
        "H": [
            0.33114484574257996,
            0.4450053722224824,
            0.19581586356782132,
            0.49007290981072615,
            0.19931980011965855,
            0.4026314975868291,
            0.2579616599919762,
            0.3172007906058903,
            1634288.0,
            1155305.0
        ],
        "NH": [
            0.66885515425742,
            0.5549946277775176,
            0.8041841364321787,
            0.5099270901892738,
            0.8006801998803414,
            0.5973685024131709,
            0.7420383400080238,
            0.6827992093941098,
            1502493.0,
            1959598.0
        ]
    },
    "cohesion_parameters": {
        "H": {
            "H": 0.77,
            "NH": 0.23
        },
        "NH": {
            "H": 0.52,
            "NH": 0.48
        }
    },
    "alphas": {
        "H": {
            "H": 1,
            "NH": 1
        },
        "NH": {
            "H": 1,
            "NH": 1
        }
    },
    "slate_to_candidates": {
        "H": [
            "H1",
            "H2",
            "H3",
            "H4",
            "H5"
        ],
        "NH": [
            "NH1",
            "NH2",
            "NH3",
            "NH4",
            "NH5"
        ]
    }
}