{
    "bloc_voter_props": {
        "H": [
            0.5735568334760798,
            0.33243744193224667,
            0.23886276111308716,
            0.29046264348483536,
            0.1891837252162489,
            0.20784473858064345,
            0.4228101741690114,
            0.4213133016294981,
            1609914.0,
            1072515.0
        ],
        "NH": [
            0.4264431665239202,
            0.6675625580677533,
            0.7611372388869129,
            0.7095373565151646,
            0.8108162747837511,
            0.7921552614193565,
            0.5771898258309887,
            0.5786866983705019,
            1530710.0,
            1976288.0
        ]
    },
    "cohesion_parameters": {
        "H": {
            "H": 0.77,
            "NH": 0.23
        },
        "NH": {
            "H": 0.52,
            "NH": 0.48
        }
    },
    "alphas": {
        "H": {
            "H": 1,
            "NH": 1
        },
        "NH": {
            "H": 1,
            "NH": 1
        }
    },
    "slate_to_candidates": {
        "H": [
            "H1",
            "H2",
            "H3",
            "H4",
            "H5"
        ],
        "NH": [
            "NH1",
            "NH2",
            "NH3",
            "NH4",
            "NH5"
        ]
    }
}