{
    "bloc_voter_props": {
        "H": [
            0.4695002180043172,
            0.4491325455395991,
            0.3623817883519391,
            0.3379388173683153,
            0.19087392659855262,
            0.30479803960607177,
            0.1981427849677046,
            0.4340344037034556,
            1128130.0,
            1277056.0
        ],
        "NH": [
            0.5304997819956828,
            0.550867454460401,
            0.6376182116480609,
            0.6620611826316847,
            0.8091260734014474,
            0.6952019603939282,
            0.8018572150322953,
            0.5659655962965444,
            1973169.0,
            1734544.0
        ]
    },
    "cohesion_parameters": {
        "H": {
            "H": 0.77,
            "NH": 0.23
        },
        "NH": {
            "H": 0.52,
            "NH": 0.48
        }
    },
    "alphas": {
        "H": {
            "H": 1,
            "NH": 1
        },
        "NH": {
            "H": 1,
            "NH": 1
        }
    },
    "slate_to_candidates": {
        "H": [
            "H1",
            "H2",
            "H3",
            "H4",
            "H5"
        ],
        "NH": [
            "NH1",
            "NH2",
            "NH3",
            "NH4",
            "NH5"
        ]
    }
}