{
    "bloc_voter_props": {
        "H": [
            0.3932046203091993,
            0.24725428427419355,
            0.3018650569178871,
            0.2875715055800423,
            0.5246925603428316,
            0.18657387074573517,
            0.4192096169837217,
            0.4811919031774323,
            1526773.0,
            706394.0
        ],
        "NH": [
            0.6067953796908008,
            0.7527457157258064,
            0.6981349430821129,
            0.7124284944199577,
            0.4753074396571683,
            0.8134261292542648,
            0.5807903830162783,
            0.5188080968225677,
            1621208.0,
            2476223.0
        ]
    },
    "cohesion_parameters": {
        "H": {
            "H": 0.77,
            "NH": 0.23
        },
        "NH": {
            "H": 0.52,
            "NH": 0.48
        }
    },
    "alphas": {
        "H": {
            "H": 1,
            "NH": 1
        },
        "NH": {
            "H": 1,
            "NH": 1
        }
    },
    "slate_to_candidates": {
        "H": [
            "H1",
            "H2",
            "H3",
            "H4",
            "H5"
        ],
        "NH": [
            "NH1",
            "NH2",
            "NH3",
            "NH4",
            "NH5"
        ]
    }
}