{
    "bloc_voter_props": {
        "H": [
            0.46920397053292234,
            0.3002961864631865,
            0.21807096659744202,
            0.4113937243225925,
            0.2267710043591676,
            0.32469069177856663,
            0.18306777338113045,
            0.5133731829778583,
            1400605.0,
            1431230.0
        ],
        "NH": [
            0.5307960294670776,
            0.6997038135368134,
            0.7819290334025579,
            0.5886062756774075,
            0.7732289956408324,
            0.6753093082214334,
            0.8169322266188696,
            0.4866268170221417,
            1772654.0,
            1633558.0
        ]
    },
    "cohesion_parameters": {
        "H": {
            "H": 0.77,
            "NH": 0.23
        },
        "NH": {
            "H": 0.52,
            "NH": 0.48
        }
    },
    "alphas": {
        "H": {
            "H": 1,
            "NH": 1
        },
        "NH": {
            "H": 1,
            "NH": 1
        }
    },
    "slate_to_candidates": {
        "H": [
            "H1",
            "H2",
            "H3",
            "H4",
            "H5"
        ],
        "NH": [
            "NH1",
            "NH2",
            "NH3",
            "NH4",
            "NH5"
        ]
    }
}