{
    "bloc_voter_props": {
        "H": [
            0.30527587138917606,
            0.4554773345884034,
            0.5133007870877753,
            0.37314228446333264,
            0.16837381844948462,
            0.2281102968184283,
            0.4383527505468687,
            0.239214403146056,
            1454287.0,
            1001812.0
        ],
        "NH": [
            0.6947241286108239,
            0.5445226654115966,
            0.4866992129122248,
            0.6268577155366674,
            0.8316261815505154,
            0.7718897031815717,
            0.5616472494531314,
            0.760785596853944,
            1549661.0,
            2016920.0
        ]
    },
    "cohesion_parameters": {
        "H": {
            "H": 0.77,
            "NH": 0.23
        },
        "NH": {
            "H": 0.52,
            "NH": 0.48
        }
    },
    "alphas": {
        "H": {
            "H": 1,
            "NH": 1
        },
        "NH": {
            "H": 1,
            "NH": 1
        }
    },
    "slate_to_candidates": {
        "H": [
            "H1",
            "H2",
            "H3",
            "H4",
            "H5"
        ],
        "NH": [
            "NH1",
            "NH2",
            "NH3",
            "NH4",
            "NH5"
        ]
    }
}