{
    "bloc_voter_props": {
        "H": [
            0.49945151033386326,
            0.2010065837074016,
            0.5156011850239988,
            0.18227952088191648,
            0.4368242427241864,
            0.22605577027528198,
            0.28014206111077095,
            0.6031210090514311,
            676481.0,
            464425.0,
            759583.0,
            743180.0,
            608964.0,
            445554.0,
            729608.0,
            935733.0
        ],
        "NH": [
            0.5005484896661367,
            0.7989934162925983,
            0.48439881497600124,
            0.8177204791180835,
            0.5631757572758136,
            0.773944229724718,
            0.7198579388892291,
            0.39687899094856893,
            1337302.0,
            1418604.0,
            1091026.0,
            1271552.0,
            1405608.0,
            1570771.0,
            1179200.0,
            1006250.0
        ]
    },
    "cohesion_parameters": {
        "H": {
            "H": 0.77,
            "NH": 0.23
        },
        "NH": {
            "H": 0.52,
            "NH": 0.48
        }
    },
    "alphas": {
        "H": {
            "H": 1,
            "NH": 1
        },
        "NH": {
            "H": 1,
            "NH": 1
        }
    },
    "slate_to_candidates": {
        "H": [
            "H1",
            "H2",
            "H3",
            "H4",
            "H5"
        ],
        "NH": [
            "NH1",
            "NH2",
            "NH3",
            "NH4",
            "NH5"
        ]
    }
}