{
    "bloc_voter_props": {
        "H": [
            0.38941054655155566,
            0.18866698356612516,
            0.3748026930224171,
            0.5004083337673502,
            0.42441102077017384,
            0.42288395142286755,
            0.2157554885923375,
            0.20419424736280492,
            946526.0,
            840789.0,
            672821.0,
            407417.0,
            599591.0,
            677704.0,
            601428.0,
            976342.0
        ],
        "NH": [
            0.6105894534484443,
            0.8113330164338748,
            0.6251973069775829,
            0.49959166623264983,
            0.5755889792298261,
            0.5771160485771325,
            0.7842445114076625,
            0.7958057526371951,
            1000492.0,
            1038492.0,
            1328321.0,
            1614116.0,
            1309840.0,
            1174318.0,
            1413442.0,
            879595.0
        ]
    },
    "cohesion_parameters": {
        "H": {
            "H": 0.77,
            "NH": 0.23
        },
        "NH": {
            "H": 0.52,
            "NH": 0.48
        }
    },
    "alphas": {
        "H": {
            "H": 1,
            "NH": 1
        },
        "NH": {
            "H": 1,
            "NH": 1
        }
    },
    "slate_to_candidates": {
        "H": [
            "H1",
            "H2",
            "H3",
            "H4",
            "H5"
        ],
        "NH": [
            "NH1",
            "NH2",
            "NH3",
            "NH4",
            "NH5"
        ]
    }
}