{
    "bloc_voter_props": {
        "H": [
            0.44062579425388115,
            0.3144291684565779,
            0.4386987937343214,
            0.22617355089968205,
            0.20436783055093233,
            0.44172903207749536,
            0.4435280782036667,
            0.4939106959148215,
            949642.0,
            652244.0
        ],
        "NH": [
            0.5593742057461188,
            0.685570831543422,
            0.5613012062656786,
            0.773826449100318,
            0.7956321694490677,
            0.5582709679225046,
            0.5564719217963333,
            0.5060893040851785,
            2000197.0,
            2283926.0
        ]
    },
    "cohesion_parameters": {
        "H": {
            "H": 0.77,
            "NH": 0.23
        },
        "NH": {
            "H": 0.52,
            "NH": 0.48
        }
    },
    "alphas": {
        "H": {
            "H": 1,
            "NH": 1
        },
        "NH": {
            "H": 1,
            "NH": 1
        }
    },
    "slate_to_candidates": {
        "H": [
            "H1",
            "H2",
            "H3",
            "H4",
            "H5"
        ],
        "NH": [
            "NH1",
            "NH2",
            "NH3",
            "NH4",
            "NH5"
        ]
    }
}