{
    "bloc_voter_props": {
        "H": [
            0.6486992552044726,
            0.23790472696943804,
            0.41544892692057256,
            0.3851586954594078,
            0.4688727543316519,
            0.37399007964424646,
            0.19089780773391138,
            0.23350428488397398,
            1053752.0,
            583069.0,
            519946.0,
            456827.0,
            825658.0,
            336915.0,
            939215.0,
            581392.0
        ],
        "NH": [
            0.3513007447955274,
            0.7620952730305619,
            0.5845510730794274,
            0.6148413045405923,
            0.5311272456683481,
            0.6260099203557535,
            0.8091021922660886,
            0.766495715116026,
            944153.0,
            1370769.0,
            1363169.0,
            1527416.0,
            1045366.0,
            1504395.0,
            1013457.0,
            1408378.0
        ]
    },
    "cohesion_parameters": {
        "H": {
            "H": 0.77,
            "NH": 0.23
        },
        "NH": {
            "H": 0.52,
            "NH": 0.48
        }
    },
    "alphas": {
        "H": {
            "H": 1,
            "NH": 1
        },
        "NH": {
            "H": 1,
            "NH": 1
        }
    },
    "slate_to_candidates": {
        "H": [
            "H1",
            "H2",
            "H3",
            "H4",
            "H5"
        ],
        "NH": [
            "NH1",
            "NH2",
            "NH3",
            "NH4",
            "NH5"
        ]
    }
}