{
    "bloc_voter_props": {
        "H": [
            0.454500463811511,
            0.34780293855611927,
            0.2605673028468711,
            0.4293151525628553,
            0.21012824401828264,
            0.4706002621706853,
            0.44684363672067806,
            0.39730220212712386,
            1007761.0,
            581074.0
        ],
        "NH": [
            0.545499536188489,
            0.6521970614438807,
            0.7394326971531289,
            0.5706848474371446,
            0.7898717559817173,
            0.5293997378293147,
            0.5531563632793219,
            0.6026977978728761,
            1937060.0,
            2511789.0
        ]
    },
    "cohesion_parameters": {
        "H": {
            "H": 0.77,
            "NH": 0.23
        },
        "NH": {
            "H": 0.52,
            "NH": 0.48
        }
    },
    "alphas": {
        "H": {
            "H": 1,
            "NH": 1
        },
        "NH": {
            "H": 1,
            "NH": 1
        }
    },
    "slate_to_candidates": {
        "H": [
            "H1",
            "H2",
            "H3",
            "H4",
            "H5"
        ],
        "NH": [
            "NH1",
            "NH2",
            "NH3",
            "NH4",
            "NH5"
        ]
    }
}