{
    "bloc_voter_props": {
        "H": [
            0.44259876456617114,
            0.4116079528335322,
            0.21807096659744202,
            0.4510943974198931,
            0.4556955096510201,
            0.4823999994933156,
            0.18306777338113045,
            0.3052198671941104,
            1048452.0,
            745624.0
        ],
        "NH": [
            0.5574012354338288,
            0.5883920471664679,
            0.7819290334025579,
            0.5489056025801069,
            0.5443044903489799,
            0.5176000005066844,
            0.8169322266188696,
            0.6947801328058897,
            1924709.0,
            2375717.0
        ]
    },
    "cohesion_parameters": {
        "H": {
            "H": 0.77,
            "NH": 0.23
        },
        "NH": {
            "H": 0.52,
            "NH": 0.48
        }
    },
    "alphas": {
        "H": {
            "H": 1,
            "NH": 1
        },
        "NH": {
            "H": 1,
            "NH": 1
        }
    },
    "slate_to_candidates": {
        "H": [
            "H1",
            "H2",
            "H3",
            "H4",
            "H5"
        ],
        "NH": [
            "NH1",
            "NH2",
            "NH3",
            "NH4",
            "NH5"
        ]
    }
}