{
    "bloc_voter_props": {
        "H": [
            0.5131262076221496,
            0.2328578659696197,
            0.34160637760492046,
            0.48637822049755375,
            0.3489220369792518,
            0.40774397941116924,
            0.20434170865449855,
            0.3779798802527826,
            1167295.0,
            803539.0
        ],
        "NH": [
            0.48687379237785045,
            0.7671421340303803,
            0.6583936223950795,
            0.5136217795024463,
            0.6510779630207482,
            0.5922560205888308,
            0.7956582913455015,
            0.6220201197472174,
            1763395.0,
            2393444.0
        ]
    },
    "cohesion_parameters": {
        "H": {
            "H": 0.77,
            "NH": 0.23
        },
        "NH": {
            "H": 0.52,
            "NH": 0.48
        }
    },
    "alphas": {
        "H": {
            "H": 1,
            "NH": 1
        },
        "NH": {
            "H": 1,
            "NH": 1
        }
    },
    "slate_to_candidates": {
        "H": [
            "H1",
            "H2",
            "H3",
            "H4",
            "H5"
        ],
        "NH": [
            "NH1",
            "NH2",
            "NH3",
            "NH4",
            "NH5"
        ]
    }
}