{
    "bloc_voter_props": {
        "H": [
            0.4550981597250245,
            0.20807853791190928,
            0.30074734734467434,
            0.44186427945990664,
            0.21439720280611296,
            0.3747668132017283,
            0.6261872154123835,
            0.5141507361360315,
            401165.0,
            936770.0,
            507414.0,
            379792.0,
            677427.0,
            610411.0,
            517693.0,
            822463.0
        ],
        "NH": [
            0.5449018402749756,
            0.7919214620880907,
            0.6992526526553257,
            0.5581357205400934,
            0.785602797193887,
            0.6252331867982718,
            0.37381278458761646,
            0.4858492638639685,
            1474421.0,
            998013.0,
            1514010.0,
            1595577.0,
            1158572.0,
            1366262.0,
            1352404.0,
            1016889.0
        ]
    },
    "cohesion_parameters": {
        "H": {
            "H": 0.77,
            "NH": 0.23
        },
        "NH": {
            "H": 0.52,
            "NH": 0.48
        }
    },
    "alphas": {
        "H": {
            "H": 1,
            "NH": 1
        },
        "NH": {
            "H": 1,
            "NH": 1
        }
    },
    "slate_to_candidates": {
        "H": [
            "H1",
            "H2",
            "H3",
            "H4",
            "H5"
        ],
        "NH": [
            "NH1",
            "NH2",
            "NH3",
            "NH4",
            "NH5"
        ]
    }
}