{
    "bloc_voter_props": {
        "H": [
            0.4216669491825049,
            0.3450059235769159,
            0.21807096659744202,
            0.4113937243225925,
            0.2267710043591676,
            0.5094769716767779,
            0.18306777338113045,
            0.31429921355951757,
            1400605.0,
            1431230.0
        ],
        "NH": [
            0.5783330508174951,
            0.654994076423084,
            0.7819290334025579,
            0.5886062756774075,
            0.7732289956408324,
            0.49052302832322214,
            0.8169322266188696,
            0.6857007864404825,
            1772654.0,
            1633558.0
        ]
    },
    "cohesion_parameters": {
        "H": {
            "H": 0.77,
            "NH": 0.23
        },
        "NH": {
            "H": 0.52,
            "NH": 0.48
        }
    },
    "alphas": {
        "H": {
            "H": 1,
            "NH": 1
        },
        "NH": {
            "H": 1,
            "NH": 1
        }
    },
    "slate_to_candidates": {
        "H": [
            "H1",
            "H2",
            "H3",
            "H4",
            "H5"
        ],
        "NH": [
            "NH1",
            "NH2",
            "NH3",
            "NH4",
            "NH5"
        ]
    }
}