{
    "bloc_voter_props": {
        "H": [
            0.3634544992866826,
            0.53256328367903,
            0.18589281490878656,
            0.505931659970264,
            0.446211765368534,
            0.43618899637531144,
            0.1928305552145655,
            0.25740565203025867,
            879181.0,
            1033190.0
        ],
        "NH": [
            0.6365455007133174,
            0.4674367163209699,
            0.8141071850912135,
            0.494068340029736,
            0.553788234631466,
            0.5638110036246886,
            0.8071694447854345,
            0.7425943479697413,
            2142517.0,
            2140862.0
        ]
    },
    "cohesion_parameters": {
        "H": {
            "H": 0.77,
            "NH": 0.23
        },
        "NH": {
            "H": 0.52,
            "NH": 0.48
        }
    },
    "alphas": {
        "H": {
            "H": 1,
            "NH": 1
        },
        "NH": {
            "H": 1,
            "NH": 1
        }
    },
    "slate_to_candidates": {
        "H": [
            "H1",
            "H2",
            "H3",
            "H4",
            "H5"
        ],
        "NH": [
            "NH1",
            "NH2",
            "NH3",
            "NH4",
            "NH5"
        ]
    }
}