{
    "bloc_voter_props": {
        "H": [
            0.5496018753143714,
            0.42531328702945626,
            0.25151713976302426,
            0.49007290981072615,
            0.20437025564415107,
            0.35613713527445867,
            0.2459832742435907,
            0.32144772888524176,
            1074331.0,
            1121595.0
        ],
        "NH": [
            0.4503981246856286,
            0.5746867129705437,
            0.7484828602369757,
            0.5099270901892738,
            0.795629744355849,
            0.6438628647255413,
            0.7540167257564093,
            0.6785522711147582,
            2103382.0,
            2026157.0
        ]
    },
    "cohesion_parameters": {
        "H": {
            "H": 0.77,
            "NH": 0.23
        },
        "NH": {
            "H": 0.52,
            "NH": 0.48
        }
    },
    "alphas": {
        "H": {
            "H": 1,
            "NH": 1
        },
        "NH": {
            "H": 1,
            "NH": 1
        }
    },
    "slate_to_candidates": {
        "H": [
            "H1",
            "H2",
            "H3",
            "H4",
            "H5"
        ],
        "NH": [
            "NH1",
            "NH2",
            "NH3",
            "NH4",
            "NH5"
        ]
    }
}