{
    "bloc_voter_props": {
        "H": [
            0.31407859421972334,
            0.2828995666206482,
            0.2021620009569566,
            0.5404880096538808,
            0.19874702392574842,
            0.4437471732824176,
            0.2202484994105451,
            0.46599067898864965,
            1621859.0,
            1110286.0
        ],
        "NH": [
            0.6859214057802767,
            0.7171004333793518,
            0.7978379990430434,
            0.45951199034611917,
            0.8012529760742516,
            0.5562528267175824,
            0.7797515005894549,
            0.5340093210113503,
            1578355.0,
            1867833.0
        ]
    },
    "cohesion_parameters": {
        "H": {
            "H": 0.77,
            "NH": 0.23
        },
        "NH": {
            "H": 0.52,
            "NH": 0.48
        }
    },
    "alphas": {
        "H": {
            "H": 1,
            "NH": 1
        },
        "NH": {
            "H": 1,
            "NH": 1
        }
    },
    "slate_to_candidates": {
        "H": [
            "H1",
            "H2",
            "H3",
            "H4",
            "H5"
        ],
        "NH": [
            "NH1",
            "NH2",
            "NH3",
            "NH4",
            "NH5"
        ]
    }
}