{
    "bloc_voter_props": {
        "H": [
            0.4331562113726509,
            0.19386330619815728,
            0.5007182833105481,
            0.5834356788455217,
            0.2353567445895719,
            0.30132954068251866,
            0.4123507245643762,
            0.2112641905023929,
            799730.0,
            583069.0,
            667911.0,
            536605.0,
            884747.0,
            384200.0,
            971957.0,
            564958.0
        ],
        "NH": [
            0.5668437886273491,
            0.8061366938018427,
            0.49928171668945187,
            0.4165643211544782,
            0.7646432554104281,
            0.6986704593174813,
            0.5876492754356237,
            0.7887358094976071,
            1208683.0,
            1370769.0,
            1199151.0,
            1371252.0,
            995405.0,
            1513544.0,
            1000513.0,
            1340159.0
        ]
    },
    "cohesion_parameters": {
        "H": {
            "H": 0.77,
            "NH": 0.23
        },
        "NH": {
            "H": 0.52,
            "NH": 0.48
        }
    },
    "alphas": {
        "H": {
            "H": 1,
            "NH": 1
        },
        "NH": {
            "H": 1,
            "NH": 1
        }
    },
    "slate_to_candidates": {
        "H": [
            "H1",
            "H2",
            "H3",
            "H4",
            "H5"
        ],
        "NH": [
            "NH1",
            "NH2",
            "NH3",
            "NH4",
            "NH5"
        ]
    }
}