{
    "bloc_voter_props": {
        "H": [
            0.43309799629866896,
            0.29529545296015486,
            0.1937755726710378,
            0.41818897810766037,
            0.19874702392574842,
            0.4743733335912539,
            0.2202484994105451,
            0.43352357623029786,
            1621859.0,
            1104538.0
        ],
        "NH": [
            0.566902003701331,
            0.7047045470398451,
            0.8062244273289622,
            0.5818110218923396,
            0.8012529760742516,
            0.5256266664087461,
            0.7797515005894549,
            0.5664764237697022,
            1578355.0,
            1989577.0
        ]
    },
    "cohesion_parameters": {
        "H": {
            "H": 0.77,
            "NH": 0.23
        },
        "NH": {
            "H": 0.52,
            "NH": 0.48
        }
    },
    "alphas": {
        "H": {
            "H": 1,
            "NH": 1
        },
        "NH": {
            "H": 1,
            "NH": 1
        }
    },
    "slate_to_candidates": {
        "H": [
            "H1",
            "H2",
            "H3",
            "H4",
            "H5"
        ],
        "NH": [
            "NH1",
            "NH2",
            "NH3",
            "NH4",
            "NH5"
        ]
    }
}