{
    "bloc_voter_props": {
        "H": [
            0.598650998415559,
            0.23240044034077223,
            0.500900663744059,
            0.2493264335804828,
            0.17891855612156374,
            0.18265897242107354,
            0.3397388726531127,
            0.5003641580003099,
            799546.0,
            446355.0,
            414042.0,
            854141.0,
            580822.0,
            879548.0,
            881005.0,
            587259.0
        ],
        "NH": [
            0.40134900158444103,
            0.7675995596592278,
            0.49909933625594105,
            0.7506735664195172,
            0.8210814438784363,
            0.8173410275789265,
            0.6602611273468872,
            0.4996358419996902,
            1064414.0,
            1452282.0,
            1425440.0,
            1124906.0,
            1330853.0,
            1003085.0,
            975208.0,
            1316061.0
        ]
    },
    "cohesion_parameters": {
        "H": {
            "H": 0.77,
            "NH": 0.23
        },
        "NH": {
            "H": 0.52,
            "NH": 0.48
        }
    },
    "alphas": {
        "H": {
            "H": 1,
            "NH": 1
        },
        "NH": {
            "H": 1,
            "NH": 1
        }
    },
    "slate_to_candidates": {
        "H": [
            "H1",
            "H2",
            "H3",
            "H4",
            "H5"
        ],
        "NH": [
            "NH1",
            "NH2",
            "NH3",
            "NH4",
            "NH5"
        ]
    }
}