{
    "bloc_voter_props": {
        "H": [
            0.41152647181182045,
            0.3677368577498132,
            0.2264917908923622,
            0.5355064614797709,
            0.20024659870852454,
            0.23243798923932088,
            0.4138065750802215,
            0.47321347997918245,
            990175.0,
            1109537.0
        ],
        "NH": [
            0.5884735281881796,
            0.6322631422501868,
            0.7735082091076378,
            0.4644935385202292,
            0.7997534012914754,
            0.7675620107606791,
            0.5861934249197784,
            0.5267865200208175,
            1946020.0,
            2098154.0
        ]
    },
    "cohesion_parameters": {
        "H": {
            "H": 0.77,
            "NH": 0.23
        },
        "NH": {
            "H": 0.52,
            "NH": 0.48
        }
    },
    "alphas": {
        "H": {
            "H": 1,
            "NH": 1
        },
        "NH": {
            "H": 1,
            "NH": 1
        }
    },
    "slate_to_candidates": {
        "H": [
            "H1",
            "H2",
            "H3",
            "H4",
            "H5"
        ],
        "NH": [
            "NH1",
            "NH2",
            "NH3",
            "NH4",
            "NH5"
        ]
    }
}