{
    "bloc_voter_props": {
        "H": [
            0.4999796073952997,
            0.39528909748249325,
            0.5053828866958118,
            0.2054664383071037,
            0.40343514316884593,
            0.24393159309389792,
            0.3504127429548235,
            0.42120848542003175,
            955730.0,
            647042.0
        ],
        "NH": [
            0.5000203926047003,
            0.6047109025175067,
            0.4946171133041882,
            0.7945335616928962,
            0.596564856831154,
            0.7560684069061021,
            0.6495872570451765,
            0.5787915145799682,
            2097164.0,
            2531070.0
        ]
    },
    "cohesion_parameters": {
        "H": {
            "H": 0.77,
            "NH": 0.23
        },
        "NH": {
            "H": 0.52,
            "NH": 0.48
        }
    },
    "alphas": {
        "H": {
            "H": 1,
            "NH": 1
        },
        "NH": {
            "H": 1,
            "NH": 1
        }
    },
    "slate_to_candidates": {
        "H": [
            "H1",
            "H2",
            "H3",
            "H4",
            "H5"
        ],
        "NH": [
            "NH1",
            "NH2",
            "NH3",
            "NH4",
            "NH5"
        ]
    }
}