{
    "bloc_voter_props": {
        "H": [
            0.5067158298004522,
            0.2051154193578705,
            0.3290333931350296,
            0.21342114034517673,
            0.3687981020598844,
            0.22602321352275728,
            0.37363525264317793,
            0.27844418857714553,
            865740.0,
            464425.0,
            911658.0,
            1134494.0,
            687287.0,
            369184.0,
            729608.0,
            990089.0
        ],
        "NH": [
            0.49328417019954784,
            0.7948845806421295,
            0.6709666068649704,
            0.7865788596548233,
            0.6312018979401156,
            0.7739767864772428,
            0.626364747356822,
            0.7215558114228545,
            1118045.0,
            1418604.0,
            978749.0,
            784122.0,
            1319683.0,
            1599988.0,
            1179200.0,
            982423.0
        ]
    },
    "cohesion_parameters": {
        "H": {
            "H": 0.77,
            "NH": 0.23
        },
        "NH": {
            "H": 0.52,
            "NH": 0.48
        }
    },
    "alphas": {
        "H": {
            "H": 1,
            "NH": 1
        },
        "NH": {
            "H": 1,
            "NH": 1
        }
    },
    "slate_to_candidates": {
        "H": [
            "H1",
            "H2",
            "H3",
            "H4",
            "H5"
        ],
        "NH": [
            "NH1",
            "NH2",
            "NH3",
            "NH4",
            "NH5"
        ]
    }
}