{
    "bloc_voter_props": {
        "H": [
            0.22211549122736032,
            0.3740343345503977,
            0.47998837049397247,
            0.339618510493167,
            0.2922131124412383,
            0.1870866763034754,
            0.40310762602396366,
            0.3275375180914985,
            365657.0,
            936731.0,
            891599.0,
            396565.0,
            601938.0,
            930850.0,
            814728.0,
            953777.0
        ],
        "NH": [
            0.7778845087726397,
            0.6259656654496023,
            0.5200116295060275,
            0.660381489506833,
            0.7077868875587616,
            0.8129133236965246,
            0.5968923739760363,
            0.6724624819085016,
            1552468.0,
            955069.0,
            1053049.0,
            1549352.0,
            1406711.0,
            903616.0,
            1206933.0,
            971045.0
        ]
    },
    "cohesion_parameters": {
        "H": {
            "H": 0.77,
            "NH": 0.23
        },
        "NH": {
            "H": 0.52,
            "NH": 0.48
        }
    },
    "alphas": {
        "H": {
            "H": 1,
            "NH": 1
        },
        "NH": {
            "H": 1,
            "NH": 1
        }
    },
    "slate_to_candidates": {
        "H": [
            "H1",
            "H2",
            "H3",
            "H4",
            "H5"
        ],
        "NH": [
            "NH1",
            "NH2",
            "NH3",
            "NH4",
            "NH5"
        ]
    }
}