{
    "bloc_voter_props": {
        "H": [
            0.26116360165606856,
            0.4604340567612688,
            0.4011604127926757,
            0.3667410119666334,
            0.18788520714217588,
            0.48109272428884026,
            0.39628824308664534,
            0.3080475702280273,
            384608.0,
            844318.0,
            674864.0,
            467791.0,
            655583.0,
            910845.0,
            329675.0,
            1138642.0
        ],
        "NH": [
            0.7388363983439314,
            0.5395659432387312,
            0.5988395872073242,
            0.6332589880333666,
            0.8121147928578241,
            0.5189072757111597,
            0.6037117569133547,
            0.6919524297719727,
            1513695.0,
            1103183.0,
            1260451.0,
            1525170.0,
            1365937.0,
            940615.0,
            1546189.0,
            699979.0
        ]
    },
    "cohesion_parameters": {
        "H": {
            "H": 0.77,
            "NH": 0.23
        },
        "NH": {
            "H": 0.52,
            "NH": 0.48
        }
    },
    "alphas": {
        "H": {
            "H": 1,
            "NH": 1
        },
        "NH": {
            "H": 1,
            "NH": 1
        }
    },
    "slate_to_candidates": {
        "H": [
            "H1",
            "H2",
            "H3",
            "H4",
            "H5"
        ],
        "NH": [
            "NH1",
            "NH2",
            "NH3",
            "NH4",
            "NH5"
        ]
    }
}