{
    "bloc_voter_props": {
        "H": [
            0.4257938971083157,
            0.2164293161300956,
            0.29468267444575025,
            0.49317134961462233,
            0.40741299298945616,
            0.4756675689279365,
            0.390862011190203,
            0.16708905451945028,
            640776.0,
            480976.0,
            878981.0,
            602589.0,
            671044.0,
            353377.0,
            673104.0,
            1162383.0
        ],
        "NH": [
            0.5742061028916843,
            0.7835706838699044,
            0.7053173255542498,
            0.5068286503853777,
            0.5925870070105438,
            0.5243324310720635,
            0.609137988809797,
            0.8329109454805497,
            1355801.0,
            1522057.0,
            974831.0,
            1227882.0,
            1339767.0,
            1664467.0,
            1250222.0,
            714123.0
        ]
    },
    "cohesion_parameters": {
        "H": {
            "H": 0.77,
            "NH": 0.23
        },
        "NH": {
            "H": 0.52,
            "NH": 0.48
        }
    },
    "alphas": {
        "H": {
            "H": 1,
            "NH": 1
        },
        "NH": {
            "H": 1,
            "NH": 1
        }
    },
    "slate_to_candidates": {
        "H": [
            "H1",
            "H2",
            "H3",
            "H4",
            "H5"
        ],
        "NH": [
            "NH1",
            "NH2",
            "NH3",
            "NH4",
            "NH5"
        ]
    }
}