{
    "bloc_voter_props": {
        "H": [
            0.404587600965357,
            0.34949909371364707,
            0.1937755726710378,
            0.373734411381585,
            0.19874702392574842,
            0.4743733335912539,
            0.2202484994105451,
            0.5108956382976566,
            1042811.0,
            1478297.0
        ],
        "NH": [
            0.5954123990346429,
            0.6505009062863529,
            0.8062244273289622,
            0.6262655886184151,
            0.8012529760742516,
            0.5256266664087461,
            0.7797515005894549,
            0.4891043617023434,
            1969673.0,
            1698646.0
        ]
    },
    "cohesion_parameters": {
        "H": {
            "H": 0.77,
            "NH": 0.23
        },
        "NH": {
            "H": 0.52,
            "NH": 0.48
        }
    },
    "alphas": {
        "H": {
            "H": 1,
            "NH": 1
        },
        "NH": {
            "H": 1,
            "NH": 1
        }
    },
    "slate_to_candidates": {
        "H": [
            "H1",
            "H2",
            "H3",
            "H4",
            "H5"
        ],
        "NH": [
            "NH1",
            "NH2",
            "NH3",
            "NH4",
            "NH5"
        ]
    }
}