{
    "bloc_voter_props": {
        "H": [
            0.5037003961952304,
            0.380244691191986,
            0.4002353781083963,
            0.21186655406830196,
            0.5012921306308287,
            0.20091101216214546,
            0.34831930369581576,
            0.428259669901909,
            955730.0,
            725790.0
        ],
        "NH": [
            0.49629960380476956,
            0.619755308808014,
            0.5997646218916037,
            0.7881334459316981,
            0.49870786936917133,
            0.7990889878378545,
            0.6516806963041842,
            0.571740330098091,
            2097164.0,
            2275271.0
        ]
    },
    "cohesion_parameters": {
        "H": {
            "H": 0.77,
            "NH": 0.23
        },
        "NH": {
            "H": 0.52,
            "NH": 0.48
        }
    },
    "alphas": {
        "H": {
            "H": 1,
            "NH": 1
        },
        "NH": {
            "H": 1,
            "NH": 1
        }
    },
    "slate_to_candidates": {
        "H": [
            "H1",
            "H2",
            "H3",
            "H4",
            "H5"
        ],
        "NH": [
            "NH1",
            "NH2",
            "NH3",
            "NH4",
            "NH5"
        ]
    }
}