{
    "bloc_voter_props": {
        "H": [
            0.39564991465584437,
            0.3464524333889559,
            0.19156867732666313,
            0.36383932283970283,
            0.19702173663910547,
            0.36159347654424445,
            0.43970422344953786,
            0.55398851992209,
            1327918.0,
            845621.0
        ],
        "NH": [
            0.6043500853441557,
            0.6535475666110441,
            0.8084313226733368,
            0.6361606771602972,
            0.8029782633608945,
            0.6384065234557555,
            0.5602957765504621,
            0.44601148007790997,
            1731364.0,
            2271447.0
        ]
    },
    "cohesion_parameters": {
        "H": {
            "H": 0.77,
            "NH": 0.23
        },
        "NH": {
            "H": 0.52,
            "NH": 0.48
        }
    },
    "alphas": {
        "H": {
            "H": 1,
            "NH": 1
        },
        "NH": {
            "H": 1,
            "NH": 1
        }
    },
    "slate_to_candidates": {
        "H": [
            "H1",
            "H2",
            "H3",
            "H4",
            "H5"
        ],
        "NH": [
            "NH1",
            "NH2",
            "NH3",
            "NH4",
            "NH5"
        ]
    }
}