{
    "bloc_voter_props": {
        "H": [
            0.290631122215884,
            0.2164293161300956,
            0.42947220875907977,
            0.49209731707868043,
            0.43087879923498396,
            0.47308229810701213,
            0.4772632976088249,
            0.20419424736280492,
            717591.0,
            403843.0,
            716507.0,
            602589.0,
            659460.0,
            365687.0,
            601428.0,
            1162383.0
        ],
        "NH": [
            0.709368877784116,
            0.7835706838699044,
            0.5705277912409202,
            0.5079026829213196,
            0.569121200765016,
            0.5269177018929879,
            0.5227367023911751,
            0.7958057526371951,
            1291291.0,
            1585834.0,
            1233325.0,
            1227882.0,
            1336742.0,
            1595997.0,
            1413442.0,
            714123.0
        ]
    },
    "cohesion_parameters": {
        "H": {
            "H": 0.77,
            "NH": 0.23
        },
        "NH": {
            "H": 0.52,
            "NH": 0.48
        }
    },
    "alphas": {
        "H": {
            "H": 1,
            "NH": 1
        },
        "NH": {
            "H": 1,
            "NH": 1
        }
    },
    "slate_to_candidates": {
        "H": [
            "H1",
            "H2",
            "H3",
            "H4",
            "H5"
        ],
        "NH": [
            "NH1",
            "NH2",
            "NH3",
            "NH4",
            "NH5"
        ]
    }
}