{
    "bloc_voter_props": {
        "H": [
            0.3080066457961527,
            0.45239671933183406,
            0.18582966250845495,
            0.505931659970264,
            0.23268123689169085,
            0.3961494823075282,
            0.19328821261055562,
            0.4739439891359312,
            1154638.0,
            1319394.0
        ],
        "NH": [
            0.6919933542038473,
            0.547603280668166,
            0.814170337491545,
            0.494068340029736,
            0.7673187631083092,
            0.6038505176924718,
            0.8067117873894444,
            0.5260560108640687,
            2065355.0,
            1746968.0
        ]
    },
    "cohesion_parameters": {
        "H": {
            "H": 0.77,
            "NH": 0.23
        },
        "NH": {
            "H": 0.52,
            "NH": 0.48
        }
    },
    "alphas": {
        "H": {
            "H": 1,
            "NH": 1
        },
        "NH": {
            "H": 1,
            "NH": 1
        }
    },
    "slate_to_candidates": {
        "H": [
            "H1",
            "H2",
            "H3",
            "H4",
            "H5"
        ],
        "NH": [
            "NH1",
            "NH2",
            "NH3",
            "NH4",
            "NH5"
        ]
    }
}