{
    "bloc_voter_props": {
        "H": [
            0.4391601766999392,
            0.23377648381189578,
            0.6229302624225881,
            0.4661929492252472,
            0.18581051322298175,
            0.1661546982399398,
            0.26326542390488833,
            0.3530887344897328,
            686907.0,
            447857.0,
            924702.0,
            847097.0,
            608964.0,
            491846.0,
            751935.0,
            835803.0
        ],
        "NH": [
            0.5608398233000609,
            0.7662235161881042,
            0.3770697375774119,
            0.5338070507747529,
            0.8141894867770183,
            0.8338453017600602,
            0.7367345760951117,
            0.6469112655102671,
            1190569.0,
            1533703.0,
            948273.0,
            1046560.0,
            1405608.0,
            1391095.0,
            1081680.0,
            1033772.0
        ]
    },
    "cohesion_parameters": {
        "H": {
            "H": 0.77,
            "NH": 0.23
        },
        "NH": {
            "H": 0.52,
            "NH": 0.48
        }
    },
    "alphas": {
        "H": {
            "H": 1,
            "NH": 1
        },
        "NH": {
            "H": 1,
            "NH": 1
        }
    },
    "slate_to_candidates": {
        "H": [
            "H1",
            "H2",
            "H3",
            "H4",
            "H5"
        ],
        "NH": [
            "NH1",
            "NH2",
            "NH3",
            "NH4",
            "NH5"
        ]
    }
}