{
    "bloc_voter_props": {
        "H": [
            0.45451480334510763,
            0.37562665737568474,
            0.2582976552247222,
            0.2744518172348935,
            0.23763132650540816,
            0.37030206818004646,
            0.19099459381914738,
            0.4408013353938818,
            1481343.0,
            1465470.0
        ],
        "NH": [
            0.5454851966548924,
            0.6243733426243153,
            0.7417023447752779,
            0.7255481827651066,
            0.7623686734945918,
            0.6296979318199535,
            0.8090054061808526,
            0.5591986646061182,
            1731744.0,
            1681657.0
        ]
    },
    "cohesion_parameters": {
        "H": {
            "H": 0.77,
            "NH": 0.23
        },
        "NH": {
            "H": 0.52,
            "NH": 0.48
        }
    },
    "alphas": {
        "H": {
            "H": 1,
            "NH": 1
        },
        "NH": {
            "H": 1,
            "NH": 1
        }
    },
    "slate_to_candidates": {
        "H": [
            "H1",
            "H2",
            "H3",
            "H4",
            "H5"
        ],
        "NH": [
            "NH1",
            "NH2",
            "NH3",
            "NH4",
            "NH5"
        ]
    }
}