{
    "bloc_voter_props": {
        "H": [
            0.4737267155547151,
            0.35107962184380004,
            0.2914959390371384,
            0.26448690130755,
            0.18436291613545097,
            0.22055931097890807,
            0.622483028129435,
            0.44898587391946027,
            358631.0,
            1006806.0,
            927442.0,
            453640.0,
            833894.0,
            669430.0,
            453071.0,
            741580.0
        ],
        "NH": [
            0.5262732844452849,
            0.6489203781562,
            0.7085040609628617,
            0.7355130986924501,
            0.815637083864549,
            0.779440689021092,
            0.377516971870565,
            0.5510141260805398,
            1518454.0,
            921756.0,
            991494.0,
            1534738.0,
            1169031.0,
            1257663.0,
            1415717.0,
            1207856.0
        ]
    },
    "cohesion_parameters": {
        "H": {
            "H": 0.77,
            "NH": 0.23
        },
        "NH": {
            "H": 0.52,
            "NH": 0.48
        }
    },
    "alphas": {
        "H": {
            "H": 1,
            "NH": 1
        },
        "NH": {
            "H": 1,
            "NH": 1
        }
    },
    "slate_to_candidates": {
        "H": [
            "H1",
            "H2",
            "H3",
            "H4",
            "H5"
        ],
        "NH": [
            "NH1",
            "NH2",
            "NH3",
            "NH4",
            "NH5"
        ]
    }
}