{
    "bloc_voter_props": {
        "H": [
            0.41830491314395674,
            0.2398681328805156,
            0.6129160886174034,
            0.3323177899941872,
            0.22397364876166798,
            0.18628960595110802,
            0.3059940436221568,
            0.4095552292857125,
            819879.0,
            353611.0,
            518440.0,
            974906.0,
            512285.0,
            825452.0,
            922542.0,
            704709.0
        ],
        "NH": [
            0.5816950868560432,
            0.7601318671194844,
            0.3870839113825966,
            0.6676822100058127,
            0.7760263512383321,
            0.813710394048892,
            0.6940059563778431,
            0.5904447707142875,
            1060013.0,
            1626901.0,
            1319184.0,
            919414.0,
            1388281.0,
            1140101.0,
            999308.0,
            1253435.0
        ]
    },
    "cohesion_parameters": {
        "H": {
            "H": 0.77,
            "NH": 0.23
        },
        "NH": {
            "H": 0.52,
            "NH": 0.48
        }
    },
    "alphas": {
        "H": {
            "H": 1,
            "NH": 1
        },
        "NH": {
            "H": 1,
            "NH": 1
        }
    },
    "slate_to_candidates": {
        "H": [
            "H1",
            "H2",
            "H3",
            "H4",
            "H5"
        ],
        "NH": [
            "NH1",
            "NH2",
            "NH3",
            "NH4",
            "NH5"
        ]
    }
}