{
    "bloc_voter_props": {
        "H": [
            0.4498307534710351,
            0.1876799369189298,
            0.5662930618059822,
            0.2199105326511161,
            0.24538440869243947,
            0.34898540642567405,
            0.3406613177653732,
            0.4210414486213185,
            945102.0,
            1416922.0
        ],
        "NH": [
            0.5501692465289649,
            0.8123200630810702,
            0.4337069381940178,
            0.7800894673488838,
            0.7546155913075605,
            0.6510145935743259,
            0.6593386822346268,
            0.5789585513786815,
            1986432.0,
            1804253.0
        ]
    },
    "cohesion_parameters": {
        "H": {
            "H": 0.77,
            "NH": 0.23
        },
        "NH": {
            "H": 0.52,
            "NH": 0.48
        }
    },
    "alphas": {
        "H": {
            "H": 1,
            "NH": 1
        },
        "NH": {
            "H": 1,
            "NH": 1
        }
    },
    "slate_to_candidates": {
        "H": [
            "H1",
            "H2",
            "H3",
            "H4",
            "H5"
        ],
        "NH": [
            "NH1",
            "NH2",
            "NH3",
            "NH4",
            "NH5"
        ]
    }
}