{
    "bloc_voter_props": {
        "H": [
            0.4927954720450622,
            0.517919901172012,
            0.46622591709687294,
            0.6179419312406453,
            0.27689876483219805,
            0.1616428057542317,
            0.35995393689334293,
            0.3346294688927466,
            385992.0,
            454972.0,
            566824.0,
            890962.0,
            577097.0,
            727698.0,
            381873.0,
            746012.0
        ],
        "NH": [
            0.5072045279549378,
            0.482080098827988,
            0.533774082903127,
            0.38205806875935466,
            0.723101235167802,
            0.8383571942457683,
            0.6400460631066571,
            0.6653705311072534,
            1635196.0,
            1495504.0,
            1379396.0,
            1115887.0,
            1288341.0,
            1160161.0,
            1481337.0,
            1181778.0
        ]
    },
    "cohesion_parameters": {
        "H": {
            "H": 0.77,
            "NH": 0.23
        },
        "NH": {
            "H": 0.52,
            "NH": 0.48
        }
    },
    "alphas": {
        "H": {
            "H": 1,
            "NH": 1
        },
        "NH": {
            "H": 1,
            "NH": 1
        }
    },
    "slate_to_candidates": {
        "H": [
            "H1",
            "H2",
            "H3",
            "H4",
            "H5"
        ],
        "NH": [
            "NH1",
            "NH2",
            "NH3",
            "NH4",
            "NH5"
        ]
    }
}