{
    "bloc_voter_props": {
        "H": [
            0.3565523624114008,
            0.18800689418156188,
            0.4158907599850776,
            0.19330274777030726,
            0.2953239105341166,
            0.4302755406112173,
            0.4773556896640368,
            0.3207271418357471,
            1479805.0,
            1220916.0
        ],
        "NH": [
            0.6434476375885991,
            0.8119931058184381,
            0.5841092400149225,
            0.8066972522296927,
            0.7046760894658833,
            0.5697244593887827,
            0.5226443103359633,
            0.6792728581642529,
            1709432.0,
            1781992.0
        ]
    },
    "cohesion_parameters": {
        "H": {
            "H": 0.77,
            "NH": 0.23
        },
        "NH": {
            "H": 0.52,
            "NH": 0.48
        }
    },
    "alphas": {
        "H": {
            "H": 1,
            "NH": 1
        },
        "NH": {
            "H": 1,
            "NH": 1
        }
    },
    "slate_to_candidates": {
        "H": [
            "H1",
            "H2",
            "H3",
            "H4",
            "H5"
        ],
        "NH": [
            "NH1",
            "NH2",
            "NH3",
            "NH4",
            "NH5"
        ]
    }
}