{
    "bloc_voter_props": {
        "H": [
            0.4737267155547151,
            0.3464976820657282,
            0.353784244865265,
            0.26448690130755,
            0.17695317686570078,
            0.22514571291004584,
            0.6135322759852173,
            0.44898587391946027,
            497416.0,
            1046572.0,
            927442.0,
            441085.0,
            693864.0,
            729283.0,
            316151.0,
            707238.0
        ],
        "NH": [
            0.5262732844452849,
            0.6535023179342718,
            0.646215755134735,
            0.7355130986924501,
            0.8230468231342992,
            0.7748542870899542,
            0.38646772401478263,
            0.5510141260805398,
            1350130.0,
            950003.0,
            991494.0,
            1531787.0,
            1312179.0,
            1281228.0,
            1515104.0,
            1150060.0
        ]
    },
    "cohesion_parameters": {
        "H": {
            "H": 0.77,
            "NH": 0.23
        },
        "NH": {
            "H": 0.52,
            "NH": 0.48
        }
    },
    "alphas": {
        "H": {
            "H": 1,
            "NH": 1
        },
        "NH": {
            "H": 1,
            "NH": 1
        }
    },
    "slate_to_candidates": {
        "H": [
            "H1",
            "H2",
            "H3",
            "H4",
            "H5"
        ],
        "NH": [
            "NH1",
            "NH2",
            "NH3",
            "NH4",
            "NH5"
        ]
    }
}