{
    "bloc_voter_props": {
        "H": [
            0.42972775095825866,
            0.39528909748249325,
            0.5053828866958118,
            0.2092039075599621,
            0.40343514316884593,
            0.24393159309389792,
            0.3504127429548235,
            0.4912449469696781,
            955730.0,
            626709.0
        ],
        "NH": [
            0.5702722490417413,
            0.6047109025175067,
            0.4946171133041882,
            0.7907960924400379,
            0.596564856831154,
            0.7560684069061021,
            0.6495872570451765,
            0.5087550530303219,
            2097164.0,
            2507336.0
        ]
    },
    "cohesion_parameters": {
        "H": {
            "H": 0.77,
            "NH": 0.23
        },
        "NH": {
            "H": 0.52,
            "NH": 0.48
        }
    },
    "alphas": {
        "H": {
            "H": 1,
            "NH": 1
        },
        "NH": {
            "H": 1,
            "NH": 1
        }
    },
    "slate_to_candidates": {
        "H": [
            "H1",
            "H2",
            "H3",
            "H4",
            "H5"
        ],
        "NH": [
            "NH1",
            "NH2",
            "NH3",
            "NH4",
            "NH5"
        ]
    }
}