{
    "bloc_voter_props": {
        "H": [
            0.4586117951478678,
            0.3450059235769159,
            0.18834502178157514,
            0.5483528517225525,
            0.2102477234440623,
            0.3745884343108386,
            0.22584960442793664,
            0.2745396872388975,
            1400605.0,
            1451644.0
        ],
        "NH": [
            0.5413882048521321,
            0.654994076423084,
            0.8116549782184249,
            0.4516471482774474,
            0.7897522765559377,
            0.6254115656891613,
            0.7741503955720633,
            0.7254603127611025,
            1772654.0,
            1683688.0
        ]
    },
    "cohesion_parameters": {
        "H": {
            "H": 0.77,
            "NH": 0.23
        },
        "NH": {
            "H": 0.52,
            "NH": 0.48
        }
    },
    "alphas": {
        "H": {
            "H": 1,
            "NH": 1
        },
        "NH": {
            "H": 1,
            "NH": 1
        }
    },
    "slate_to_candidates": {
        "H": [
            "H1",
            "H2",
            "H3",
            "H4",
            "H5"
        ],
        "NH": [
            "NH1",
            "NH2",
            "NH3",
            "NH4",
            "NH5"
        ]
    }
}