{
    "bloc_voter_props": {
        "H": [
            0.21964714108146918,
            0.440873458548968,
            0.18400890188708557,
            0.2690526066336353,
            0.21392573664982137,
            0.4527425939324099,
            0.3152320645607872,
            0.5372773172500236,
            1487208.0,
            1373365.0
        ],
        "NH": [
            0.7803528589185308,
            0.559126541451032,
            0.8159910981129144,
            0.7309473933663647,
            0.7860742633501786,
            0.5472574060675901,
            0.6847679354392129,
            0.4627226827499764,
            1747020.0,
            1821357.0
        ]
    },
    "cohesion_parameters": {
        "H": {
            "H": 0.77,
            "NH": 0.23
        },
        "NH": {
            "H": 0.52,
            "NH": 0.48
        }
    },
    "alphas": {
        "H": {
            "H": 1,
            "NH": 1
        },
        "NH": {
            "H": 1,
            "NH": 1
        }
    },
    "slate_to_candidates": {
        "H": [
            "H1",
            "H2",
            "H3",
            "H4",
            "H5"
        ],
        "NH": [
            "NH1",
            "NH2",
            "NH3",
            "NH4",
            "NH5"
        ]
    }
}