{
    "bloc_voter_props": {
        "H": [
            0.18545320189578612,
            0.5274355586316827,
            0.667917355584514,
            0.4573557115084169,
            0.21469228609911434,
            0.3496489079678648,
            0.45873621247728047,
            0.2740661096285377,
            361356.0,
            767041.0,
            660893.0,
            419799.0,
            575456.0,
            754704.0,
            536801.0,
            779821.0
        ],
        "NH": [
            0.8145467981042139,
            0.47256444136831727,
            0.33208264441548596,
            0.5426442884915831,
            0.7853077139008856,
            0.6503510920321353,
            0.5412637875227195,
            0.7259338903714623,
            1606927.0,
            1114191.0,
            1359560.0,
            1425555.0,
            1343134.0,
            1207158.0,
            1417401.0,
            1069622.0
        ]
    },
    "cohesion_parameters": {
        "H": {
            "H": 0.77,
            "NH": 0.23
        },
        "NH": {
            "H": 0.52,
            "NH": 0.48
        }
    },
    "alphas": {
        "H": {
            "H": 1,
            "NH": 1
        },
        "NH": {
            "H": 1,
            "NH": 1
        }
    },
    "slate_to_candidates": {
        "H": [
            "H1",
            "H2",
            "H3",
            "H4",
            "H5"
        ],
        "NH": [
            "NH1",
            "NH2",
            "NH3",
            "NH4",
            "NH5"
        ]
    }
}