{
    "bloc_voter_props": {
        "H": [
            0.3150702216370419,
            0.2482587663786388,
            0.2970999137539224,
            0.5894425682924108,
            0.1834876746908173,
            0.39017013600708983,
            0.2385864338176528,
            0.2066959564562032,
            1049523.0,
            572719.0,
            824065.0,
            457721.0,
            691757.0,
            1015056.0,
            789730.0,
            819973.0
        ],
        "NH": [
            0.6849297783629581,
            0.7517412336213612,
            0.7029000862460776,
            0.4105574317075892,
            0.8165123253091827,
            0.6098298639929102,
            0.7614135661823472,
            0.7933040435437968,
            936801.0,
            1433536.0,
            1043662.0,
            1519495.0,
            1196681.0,
            978888.0,
            1190993.0,
            1021218.0
        ]
    },
    "cohesion_parameters": {
        "H": {
            "H": 0.77,
            "NH": 0.23
        },
        "NH": {
            "H": 0.52,
            "NH": 0.48
        }
    },
    "alphas": {
        "H": {
            "H": 1,
            "NH": 1
        },
        "NH": {
            "H": 1,
            "NH": 1
        }
    },
    "slate_to_candidates": {
        "H": [
            "H1",
            "H2",
            "H3",
            "H4",
            "H5"
        ],
        "NH": [
            "NH1",
            "NH2",
            "NH3",
            "NH4",
            "NH5"
        ]
    }
}