{
    "bloc_voter_props": {
        "H": [
            0.24515324256995005,
            0.2937382545290536,
            0.421890271491324,
            0.2765269694792555,
            0.1895281595422922,
            0.46197423448309527,
            0.19099459381914738,
            0.4408013353938818,
            1435160.0,
            1672732.0
        ],
        "NH": [
            0.7548467574300499,
            0.7062617454709464,
            0.578109728508676,
            0.7234730305207445,
            0.8104718404577078,
            0.5380257655169047,
            0.8090054061808526,
            0.5591986646061182,
            1633985.0,
            1344644.0
        ]
    },
    "cohesion_parameters": {
        "H": {
            "H": 0.77,
            "NH": 0.23
        },
        "NH": {
            "H": 0.52,
            "NH": 0.48
        }
    },
    "alphas": {
        "H": {
            "H": 1,
            "NH": 1
        },
        "NH": {
            "H": 1,
            "NH": 1
        }
    },
    "slate_to_candidates": {
        "H": [
            "H1",
            "H2",
            "H3",
            "H4",
            "H5"
        ],
        "NH": [
            "NH1",
            "NH2",
            "NH3",
            "NH4",
            "NH5"
        ]
    }
}