{
    "bloc_voter_props": {
        "H": [
            0.4638804064844708,
            0.24725428427419355,
            0.3535844304045022,
            0.29310715484501915,
            0.5560857520418008,
            0.17112495019566962,
            0.22261103939469806,
            0.47369416961587146,
            1082060.0,
            1345445.0
        ],
        "NH": [
            0.5361195935155292,
            0.7527457157258064,
            0.6464155695954977,
            0.7068928451549809,
            0.44391424795819917,
            0.8288750498043304,
            0.7773889606053019,
            0.5263058303841286,
            2112221.0,
            1822015.0
        ]
    },
    "cohesion_parameters": {
        "H": {
            "H": 0.77,
            "NH": 0.23
        },
        "NH": {
            "H": 0.52,
            "NH": 0.48
        }
    },
    "alphas": {
        "H": {
            "H": 1,
            "NH": 1
        },
        "NH": {
            "H": 1,
            "NH": 1
        }
    },
    "slate_to_candidates": {
        "H": [
            "H1",
            "H2",
            "H3",
            "H4",
            "H5"
        ],
        "NH": [
            "NH1",
            "NH2",
            "NH3",
            "NH4",
            "NH5"
        ]
    }
}