{
    "bloc_voter_props": {
        "H": [
            0.5826758938285334,
            0.4402967156088177,
            0.4272215500203206,
            0.215270815151522,
            0.2502679512353708,
            0.3523332649131297,
            0.32752782316532125,
            0.42747541081674806,
            945102.0,
            594015.0
        ],
        "NH": [
            0.41732410617146665,
            0.5597032843911822,
            0.5727784499796794,
            0.784729184848478,
            0.7497320487646292,
            0.6476667350868702,
            0.6724721768346787,
            0.5725245891832519,
            1986432.0,
            2557632.0
        ]
    },
    "cohesion_parameters": {
        "H": {
            "H": 0.77,
            "NH": 0.23
        },
        "NH": {
            "H": 0.52,
            "NH": 0.48
        }
    },
    "alphas": {
        "H": {
            "H": 1,
            "NH": 1
        },
        "NH": {
            "H": 1,
            "NH": 1
        }
    },
    "slate_to_candidates": {
        "H": [
            "H1",
            "H2",
            "H3",
            "H4",
            "H5"
        ],
        "NH": [
            "NH1",
            "NH2",
            "NH3",
            "NH4",
            "NH5"
        ]
    }
}