{
    "bloc_voter_props": {
        "H": [
            0.4546862334748229,
            0.2201239948391269,
            0.32380924097215036,
            0.4449515550641863,
            0.4869546387329445,
            0.18025557184635663,
            0.42337942879749,
            0.3103121429961138,
            1449487.0,
            794166.0
        ],
        "NH": [
            0.5453137665251772,
            0.7798760051608731,
            0.6761907590278496,
            0.5550484449358137,
            0.5130453612670555,
            0.8197444281536433,
            0.57662057120251,
            0.6896878570038862,
            1692177.0,
            2395945.0
        ]
    },
    "cohesion_parameters": {
        "H": {
            "H": 0.77,
            "NH": 0.23
        },
        "NH": {
            "H": 0.52,
            "NH": 0.48
        }
    },
    "alphas": {
        "H": {
            "H": 1,
            "NH": 1
        },
        "NH": {
            "H": 1,
            "NH": 1
        }
    },
    "slate_to_candidates": {
        "H": [
            "H1",
            "H2",
            "H3",
            "H4",
            "H5"
        ],
        "NH": [
            "NH1",
            "NH2",
            "NH3",
            "NH4",
            "NH5"
        ]
    }
}