{
    "bloc_voter_props": {
        "H": [
            0.2019031640627147,
            0.4306381812809836,
            0.6788607573785085,
            0.3098903406878747,
            0.22774153974736128,
            0.43016449071300994,
            0.4878335352127802,
            0.2654469676074898,
            359378.0,
            691416.0,
            982871.0,
            396282.0,
            575967.0,
            651872.0,
            424544.0,
            970215.0
        ],
        "NH": [
            0.7980968359372853,
            0.5693618187190164,
            0.3211392426214915,
            0.6901096593121253,
            0.7722584602526387,
            0.5698355092869901,
            0.5121664647872197,
            0.7345530323925102,
            1569899.0,
            1274760.0,
            965195.0,
            1457055.0,
            1336132.0,
            1302935.0,
            1441366.0,
            868006.0
        ]
    },
    "cohesion_parameters": {
        "H": {
            "H": 0.77,
            "NH": 0.23
        },
        "NH": {
            "H": 0.52,
            "NH": 0.48
        }
    },
    "alphas": {
        "H": {
            "H": 1,
            "NH": 1
        },
        "NH": {
            "H": 1,
            "NH": 1
        }
    },
    "slate_to_candidates": {
        "H": [
            "H1",
            "H2",
            "H3",
            "H4",
            "H5"
        ],
        "NH": [
            "NH1",
            "NH2",
            "NH3",
            "NH4",
            "NH5"
        ]
    }
}