{
    "bloc_voter_props": {
        "H": [
            0.34233230478873344,
            0.4354067656830276,
            0.3461277095116909,
            0.48637822049755375,
            0.5023497490645339,
            0.26239602321537076,
            0.196919491448861,
            0.3991623880373271,
            1166397.0,
            636985.0
        ],
        "NH": [
            0.6576676952112666,
            0.5645932343169724,
            0.6538722904883091,
            0.5136217795024463,
            0.4976502509354661,
            0.7376039767846293,
            0.803080508551139,
            0.6008376119626728,
            1800462.0,
            2597198.0
        ]
    },
    "cohesion_parameters": {
        "H": {
            "H": 0.77,
            "NH": 0.23
        },
        "NH": {
            "H": 0.52,
            "NH": 0.48
        }
    },
    "alphas": {
        "H": {
            "H": 1,
            "NH": 1
        },
        "NH": {
            "H": 1,
            "NH": 1
        }
    },
    "slate_to_candidates": {
        "H": [
            "H1",
            "H2",
            "H3",
            "H4",
            "H5"
        ],
        "NH": [
            "NH1",
            "NH2",
            "NH3",
            "NH4",
            "NH5"
        ]
    }
}