{
    "bloc_voter_props": {
        "H": [
            0.5683582972762615,
            0.3610494851066391,
            0.1973511868408942,
            0.49007290981072615,
            0.26104582081733807,
            0.35613713527445867,
            0.2459832742435907,
            0.32144772888524176,
            1223626.0,
            1079854.0
        ],
        "NH": [
            0.4316417027237385,
            0.638950514893361,
            0.8026488131591057,
            0.5099270901892738,
            0.7389541791826619,
            0.6438628647255413,
            0.7540167257564093,
            0.6785522711147582,
            1830610.0,
            2095298.0
        ]
    },
    "cohesion_parameters": {
        "H": {
            "H": 0.77,
            "NH": 0.23
        },
        "NH": {
            "H": 0.52,
            "NH": 0.48
        }
    },
    "alphas": {
        "H": {
            "H": 1,
            "NH": 1
        },
        "NH": {
            "H": 1,
            "NH": 1
        }
    },
    "slate_to_candidates": {
        "H": [
            "H1",
            "H2",
            "H3",
            "H4",
            "H5"
        ],
        "NH": [
            "NH1",
            "NH2",
            "NH3",
            "NH4",
            "NH5"
        ]
    }
}