{
    "bloc_voter_props": {
        "H": [
            0.3150702216370419,
            0.24566343192117274,
            0.30074734734467434,
            0.32891461425417673,
            0.1868666589206147,
            0.39017013600708983,
            0.2385864338176528,
            0.23836850311460972,
            1049523.0,
            564625.0,
            824065.0,
            398240.0,
            1188161.0,
            877268.0,
            789730.0,
            957761.0
        ],
        "NH": [
            0.6849297783629581,
            0.7543365680788273,
            0.6992526526553257,
            0.6710853857458233,
            0.8131333410793853,
            0.6098298639929102,
            0.7614135661823472,
            0.7616314968853903,
            936801.0,
            1439213.0,
            1043662.0,
            1577587.0,
            732785.0,
            1091025.0,
            1190993.0,
            909081.0
        ]
    },
    "cohesion_parameters": {
        "H": {
            "H": 0.77,
            "NH": 0.23
        },
        "NH": {
            "H": 0.52,
            "NH": 0.48
        }
    },
    "alphas": {
        "H": {
            "H": 1,
            "NH": 1
        },
        "NH": {
            "H": 1,
            "NH": 1
        }
    },
    "slate_to_candidates": {
        "H": [
            "H1",
            "H2",
            "H3",
            "H4",
            "H5"
        ],
        "NH": [
            "NH1",
            "NH2",
            "NH3",
            "NH4",
            "NH5"
        ]
    }
}