{
    "bloc_voter_props": {
        "H": [
            0.4619339100907746,
            0.3450059235769159,
            0.4748029714891667,
            0.5483528517225525,
            0.21425963704648257,
            0.3745884343108386,
            0.22161395531803763,
            0.3922369438638877,
            1045182.0,
            614133.0
        ],
        "NH": [
            0.5380660899092254,
            0.654994076423084,
            0.5251970285108333,
            0.4516471482774474,
            0.7857403629535175,
            0.6254115656891613,
            0.7783860446819624,
            0.6077630561361124,
            2127043.0,
            2532214.0
        ]
    },
    "cohesion_parameters": {
        "H": {
            "H": 0.77,
            "NH": 0.23
        },
        "NH": {
            "H": 0.52,
            "NH": 0.48
        }
    },
    "alphas": {
        "H": {
            "H": 1,
            "NH": 1
        },
        "NH": {
            "H": 1,
            "NH": 1
        }
    },
    "slate_to_candidates": {
        "H": [
            "H1",
            "H2",
            "H3",
            "H4",
            "H5"
        ],
        "NH": [
            "NH1",
            "NH2",
            "NH3",
            "NH4",
            "NH5"
        ]
    }
}