{
    "bloc_voter_props": {
        "H": [
            0.28403162476961946,
            0.4516724927777572,
            0.589561761922369,
            0.3486256189526359,
            0.349443778945047,
            0.2124044174797718,
            0.4758278587344262,
            0.2549601349991485,
            338798.0,
            247896.0,
            463527.0,
            646876.0,
            731033.0,
            395018.0,
            735742.0,
            587106.0,
            666943.0,
            512691.0,
            782992.0,
            284305.0
        ],
        "NH": [
            0.7159683752303805,
            0.5483275072222428,
            0.410438238077631,
            0.6513743810473641,
            0.650556221054953,
            0.7875955825202282,
            0.5241721412655739,
            0.7450398650008515,
            1211749.0,
            1246311.0,
            1149280.0,
            819570.0,
            737249.0,
            1156543.0,
            754063.0,
            1004581.0,
            909566.0,
            1052785.0,
            736357.0,
            1332782.0
        ]
    },
    "cohesion_parameters": {
        "H": {
            "H": 0.77,
            "NH": 0.23
        },
        "NH": {
            "H": 0.52,
            "NH": 0.48
        }
    },
    "alphas": {
        "H": {
            "H": 1,
            "NH": 1
        },
        "NH": {
            "H": 1,
            "NH": 1
        }
    },
    "slate_to_candidates": {
        "H": [
            "H1",
            "H2",
            "H3",
            "H4",
            "H5"
        ],
        "NH": [
            "NH1",
            "NH2",
            "NH3",
            "NH4",
            "NH5"
        ]
    }
}