{
    "bloc_voter_props": {
        "H": [
            0.5333316542482441,
            0.33751199663697584,
            0.3930592224371603,
            0.4738389276756187,
            0.38820134143829715,
            0.4223675234736903,
            0.22070747102676255,
            0.48888393267818697,
            315154.0,
            272897.0,
            463605.0,
            287451.0,
            666665.0,
            399963.0,
            741420.0,
            352494.0,
            585922.0,
            596446.0,
            481259.0,
            758894.0
        ],
        "NH": [
            0.46666834575175586,
            0.6624880033630242,
            0.6069407775628397,
            0.5261610723243814,
            0.6117986585617029,
            0.5776324765263097,
            0.7792925289732374,
            0.511116067321813,
            1218749.0,
            1232309.0,
            1014523.0,
            1184783.0,
            937687.0,
            1184067.0,
            826203.0,
            1148715.0,
            1030789.0,
            916260.0,
            1130175.0,
            769534.0
        ]
    },
    "cohesion_parameters": {
        "H": {
            "H": 0.77,
            "NH": 0.23
        },
        "NH": {
            "H": 0.52,
            "NH": 0.48
        }
    },
    "alphas": {
        "H": {
            "H": 1,
            "NH": 1
        },
        "NH": {
            "H": 1,
            "NH": 1
        }
    },
    "slate_to_candidates": {
        "H": [
            "H1",
            "H2",
            "H3",
            "H4",
            "H5"
        ],
        "NH": [
            "NH1",
            "NH2",
            "NH3",
            "NH4",
            "NH5"
        ]
    }
}