{
    "bloc_voter_props": {
        "H": [
            0.2499613815291849,
            0.4516724927777572,
            0.6017679373135161,
            0.38964800393674903,
            0.5531277221432641,
            0.21911595577122792,
            0.27728694305033325,
            0.25794111129131503,
            344586.0,
            341611.0,
            518415.0,
            650239.0,
            731033.0,
            301303.0,
            684567.0,
            587106.0,
            834754.0,
            457803.0,
            653914.0,
            279329.0
        ],
        "NH": [
            0.7500386184708151,
            0.5483275072222428,
            0.3982320626864839,
            0.610351996063251,
            0.44687227785673583,
            0.7808840442287721,
            0.7227130569496668,
            0.742058888708685,
            1152145.0,
            1222065.0,
            1067369.0,
            960692.0,
            737249.0,
            1180789.0,
            888188.0,
            1004581.0,
            756267.0,
            1134696.0,
            837200.0,
            1337129.0
        ]
    },
    "cohesion_parameters": {
        "H": {
            "H": 0.77,
            "NH": 0.23
        },
        "NH": {
            "H": 0.52,
            "NH": 0.48
        }
    },
    "alphas": {
        "H": {
            "H": 1,
            "NH": 1
        },
        "NH": {
            "H": 1,
            "NH": 1
        }
    },
    "slate_to_candidates": {
        "H": [
            "H1",
            "H2",
            "H3",
            "H4",
            "H5"
        ],
        "NH": [
            "NH1",
            "NH2",
            "NH3",
            "NH4",
            "NH5"
        ]
    }
}