{
    "bloc_voter_props": {
        "H": [
            0.4995475141460543,
            0.5866394128659861,
            0.29269171820390133,
            0.2430167485949434,
            0.32911813245801225,
            0.5274712312416474,
            0.2727893202845072,
            0.3790249509591893,
            317768.0,
            380478.0,
            627455.0,
            267903.0,
            682777.0,
            544564.0,
            775048.0,
            291908.0,
            290623.0,
            542080.0,
            768637.0,
            609324.0
        ],
        "NH": [
            0.5004524858539457,
            0.41336058713401386,
            0.7073082817960986,
            0.7569832514050566,
            0.6708818675419878,
            0.47252876875835265,
            0.7272106797154928,
            0.6209750490408107,
            1162087.0,
            1192003.0,
            854337.0,
            1290073.0,
            900233.0,
            962889.0,
            780404.0,
            1176114.0,
            1277415.0,
            1013473.0,
            788636.0,
            975436.0
        ]
    },
    "cohesion_parameters": {
        "H": {
            "H": 0.77,
            "NH": 0.23
        },
        "NH": {
            "H": 0.52,
            "NH": 0.48
        }
    },
    "alphas": {
        "H": {
            "H": 1,
            "NH": 1
        },
        "NH": {
            "H": 1,
            "NH": 1
        }
    },
    "slate_to_candidates": {
        "H": [
            "H1",
            "H2",
            "H3",
            "H4",
            "H5"
        ],
        "NH": [
            "NH1",
            "NH2",
            "NH3",
            "NH4",
            "NH5"
        ]
    }
}