{
    "bloc_voter_props": {
        "H": [
            0.37518140786227605,
            0.5084220062339736,
            0.441674339060404,
            0.29253710778566056,
            0.44776122414120073,
            0.18683495970883773,
            0.4248418355633262,
            0.20174856483433343,
            437695.0,
            341993.0,
            704051.0,
            260392.0,
            514905.0,
            335079.0,
            766672.0,
            744156.0,
            560154.0,
            464192.0,
            508767.0,
            903338.0
        ],
        "NH": [
            0.624818592137724,
            0.4915779937660264,
            0.558325660939596,
            0.7074628922143394,
            0.5522387758587993,
            0.8131650402911622,
            0.5751581644366738,
            0.7982514351656665,
            1094782.0,
            1233722.0,
            869832.0,
            1299400.0,
            1022949.0,
            1211305.0,
            773661.0,
            811425.0,
            974174.0,
            1106181.0,
            1074507.0,
            619102.0
        ]
    },
    "cohesion_parameters": {
        "H": {
            "H": 0.77,
            "NH": 0.23
        },
        "NH": {
            "H": 0.52,
            "NH": 0.48
        }
    },
    "alphas": {
        "H": {
            "H": 1,
            "NH": 1
        },
        "NH": {
            "H": 1,
            "NH": 1
        }
    },
    "slate_to_candidates": {
        "H": [
            "H1",
            "H2",
            "H3",
            "H4",
            "H5"
        ],
        "NH": [
            "NH1",
            "NH2",
            "NH3",
            "NH4",
            "NH5"
        ]
    }
}