{
    "bloc_voter_props": {
        "H": [
            0.48238050390860293,
            0.4841738679423494,
            0.375315924626111,
            0.5425828581754583,
            0.2845919168430572,
            0.4415332980815351,
            0.18243490795329356,
            0.4387271965038874,
            381873.0,
            340621.0,
            587747.0,
            314231.0,
            534129.0,
            297453.0,
            897554.0,
            734012.0,
            331001.0,
            626866.0,
            445180.0,
            455547.0
        ],
        "NH": [
            0.5176194960913971,
            0.5158261320576506,
            0.6246840753738889,
            0.4574171418245417,
            0.7154080831569428,
            0.5584667019184649,
            0.8175650920467065,
            0.5612728034961126,
            1205313.0,
            1244864.0,
            1025054.0,
            1158282.0,
            962171.0,
            1240463.0,
            633643.0,
            756138.0,
            1186984.0,
            899714.0,
            1131431.0,
            1074261.0
        ]
    },
    "cohesion_parameters": {
        "H": {
            "H": 0.77,
            "NH": 0.23
        },
        "NH": {
            "H": 0.52,
            "NH": 0.48
        }
    },
    "alphas": {
        "H": {
            "H": 1,
            "NH": 1
        },
        "NH": {
            "H": 1,
            "NH": 1
        }
    },
    "slate_to_candidates": {
        "H": [
            "H1",
            "H2",
            "H3",
            "H4",
            "H5"
        ],
        "NH": [
            "NH1",
            "NH2",
            "NH3",
            "NH4",
            "NH5"
        ]
    }
}