{
    "bloc_voter_props": {
        "H": [
            0.4546335939231905,
            0.20866299256097892,
            0.31317685416817487,
            0.3957887301897361,
            0.18420041779019236,
            0.38983649758991856,
            0.4290652724381448,
            0.5150907477604765,
            715544.0,
            545710.0,
            923745.0,
            325634.0,
            313804.0,
            489431.0,
            755304.0,
            543258.0,
            430649.0,
            681999.0,
            517728.0,
            286694.0
        ],
        "NH": [
            0.5453664060768094,
            0.791337007439021,
            0.6868231458318251,
            0.6042112698102639,
            0.8157995822098076,
            0.6101635024100814,
            0.5709347275618553,
            0.4849092522395235,
            796465.0,
            1024273.0,
            596636.0,
            1203256.0,
            1294447.0,
            1044084.0,
            716519.0,
            1071432.0,
            1152543.0,
            883419.0,
            1022286.0,
            1242014.0
        ]
    },
    "cohesion_parameters": {
        "H": {
            "H": 0.77,
            "NH": 0.23
        },
        "NH": {
            "H": 0.52,
            "NH": 0.48
        }
    },
    "alphas": {
        "H": {
            "H": 1,
            "NH": 1
        },
        "NH": {
            "H": 1,
            "NH": 1
        }
    },
    "slate_to_candidates": {
        "H": [
            "H1",
            "H2",
            "H3",
            "H4",
            "H5"
        ],
        "NH": [
            "NH1",
            "NH2",
            "NH3",
            "NH4",
            "NH5"
        ]
    }
}