{
    "bloc_voter_props": {
        "H": [
            0.2499613815291849,
            0.4516724927777572,
            0.3631717987005636,
            0.38964800393674903,
            0.257403593865967,
            0.18800124468677482,
            0.47279252314029196,
            0.40801674565423285,
            264784.0,
            349746.0,
            891880.0,
            422001.0,
            519310.0,
            321409.0,
            764949.0,
            647481.0,
            942307.0,
            457803.0,
            778591.0,
            334993.0
        ],
        "NH": [
            0.7500386184708151,
            0.5483275072222428,
            0.6368282012994364,
            0.610351996063251,
            0.742596406134033,
            0.8119987553132252,
            0.527207476859708,
            0.5919832543457672,
            1319323.0,
            1260437.0,
            721803.0,
            1047253.0,
            1068855.0,
            1146578.0,
            764988.0,
            844185.0,
            600995.0,
            1134696.0,
            776107.0,
            1211449.0
        ]
    },
    "cohesion_parameters": {
        "H": {
            "H": 0.77,
            "NH": 0.23
        },
        "NH": {
            "H": 0.52,
            "NH": 0.48
        }
    },
    "alphas": {
        "H": {
            "H": 1,
            "NH": 1
        },
        "NH": {
            "H": 1,
            "NH": 1
        }
    },
    "slate_to_candidates": {
        "H": [
            "H1",
            "H2",
            "H3",
            "H4",
            "H5"
        ],
        "NH": [
            "NH1",
            "NH2",
            "NH3",
            "NH4",
            "NH5"
        ]
    }
}