{
    "bloc_voter_props": {
        "H": [
            0.33171949190875316,
            0.24103710828027972,
            0.3388660796283291,
            0.4037220088041145,
            0.43088915005366585,
            0.6392725379730283,
            0.19090867594529837,
            0.4028739922796905,
            323450.0,
            304442.0,
            736316.0,
            375059.0,
            376452.0,
            357743.0,
            513198.0,
            838805.0,
            354196.0,
            603070.0,
            684254.0,
            828612.0
        ],
        "NH": [
            0.6682805080912468,
            0.7589628917197203,
            0.6611339203716708,
            0.5962779911958855,
            0.5691108499463342,
            0.3607274620269717,
            0.8090913240547016,
            0.5971260077203095,
            1275393.0,
            1246026.0,
            874320.0,
            1237474.0,
            1199049.0,
            1191446.0,
            980370.0,
            696611.0,
            1115124.0,
            916534.0,
            796078.0,
            645308.0
        ]
    },
    "cohesion_parameters": {
        "H": {
            "H": 0.77,
            "NH": 0.23
        },
        "NH": {
            "H": 0.52,
            "NH": 0.48
        }
    },
    "alphas": {
        "H": {
            "H": 1,
            "NH": 1
        },
        "NH": {
            "H": 1,
            "NH": 1
        }
    },
    "slate_to_candidates": {
        "H": [
            "H1",
            "H2",
            "H3",
            "H4",
            "H5"
        ],
        "NH": [
            "NH1",
            "NH2",
            "NH3",
            "NH4",
            "NH5"
        ]
    }
}