{
    "bloc_voter_props": {
        "H": [
            0.3774205203221737,
            0.4020833770567495,
            0.43893671642921156,
            0.46675698150946265,
            0.622283090588063,
            0.26524728002424725,
            0.42967706192706356,
            0.21412048108949552,
            335952.0,
            305793.0,
            710892.0,
            241306.0,
            444105.0,
            335079.0,
            659605.0,
            723084.0,
            836615.0,
            487401.0,
            521050.0,
            372724.0
        ],
        "NH": [
            0.6225794796778262,
            0.5979166229432505,
            0.5610632835707884,
            0.5332430184905373,
            0.37771690941193703,
            0.7347527199757528,
            0.5703229380729364,
            0.7858795189105044,
            1247165.0,
            1206888.0,
            753853.0,
            1242675.0,
            1146943.0,
            1211305.0,
            902576.0,
            843059.0,
            761219.0,
            1078126.0,
            970737.0,
            1122196.0
        ]
    },
    "cohesion_parameters": {
        "H": {
            "H": 0.77,
            "NH": 0.23
        },
        "NH": {
            "H": 0.52,
            "NH": 0.48
        }
    },
    "alphas": {
        "H": {
            "H": 1,
            "NH": 1
        },
        "NH": {
            "H": 1,
            "NH": 1
        }
    },
    "slate_to_candidates": {
        "H": [
            "H1",
            "H2",
            "H3",
            "H4",
            "H5"
        ],
        "NH": [
            "NH1",
            "NH2",
            "NH3",
            "NH4",
            "NH5"
        ]
    }
}