{
    "bloc_voter_props": {
        "H": [
            0.4054040185043118,
            0.31549380732892296,
            0.2541801330813905,
            0.3553866986779705,
            0.6691610338566008,
            0.4554508603122375,
            0.25985964870225986,
            0.3126343289868028,
            323450.0,
            343752.0,
            699652.0,
            916246.0,
            379135.0,
            485852.0,
            432786.0,
            294557.0,
            285637.0,
            461226.0,
            825122.0,
            782228.0
        ],
        "NH": [
            0.5945959814956883,
            0.684506192671077,
            0.7458198669186095,
            0.6446133013220295,
            0.33083896614339925,
            0.5445491396877624,
            0.7401403512977401,
            0.6873656710131972,
            1275393.0,
            1193077.0,
            883666.0,
            665023.0,
            1208321.0,
            999127.0,
            1073324.0,
            1219475.0,
            1191487.0,
            1007123.0,
            732286.0,
            813878.0
        ]
    },
    "cohesion_parameters": {
        "H": {
            "H": 0.77,
            "NH": 0.23
        },
        "NH": {
            "H": 0.52,
            "NH": 0.48
        }
    },
    "alphas": {
        "H": {
            "H": 1,
            "NH": 1
        },
        "NH": {
            "H": 1,
            "NH": 1
        }
    },
    "slate_to_candidates": {
        "H": [
            "H1",
            "H2",
            "H3",
            "H4",
            "H5"
        ],
        "NH": [
            "NH1",
            "NH2",
            "NH3",
            "NH4",
            "NH5"
        ]
    }
}