{
    "bloc_voter_props": {
        "H": [
            0.48976379244423524,
            0.5866394128659861,
            0.3642478189439401,
            0.24336194940650366,
            0.32911813245801225,
            0.504747793612887,
            0.20912781467128735,
            0.30346483361145027,
            307196.0,
            419577.0,
            450821.0,
            299653.0,
            598432.0,
            561642.0,
            848898.0,
            297362.0,
            290623.0,
            707713.0,
            784545.0,
            676140.0
        ],
        "NH": [
            0.5102362075557647,
            0.41336058713401386,
            0.6357521810560599,
            0.7566380505934963,
            0.6708818675419878,
            0.495252206387113,
            0.7908721853287126,
            0.6965351663885497,
            1174506.0,
            1149230.0,
            1043436.0,
            1175470.0,
            938650.0,
            918602.0,
            705768.0,
            1285279.0,
            1277415.0,
            869901.0,
            767427.0,
            922562.0
        ]
    },
    "cohesion_parameters": {
        "H": {
            "H": 0.77,
            "NH": 0.23
        },
        "NH": {
            "H": 0.52,
            "NH": 0.48
        }
    },
    "alphas": {
        "H": {
            "H": 1,
            "NH": 1
        },
        "NH": {
            "H": 1,
            "NH": 1
        }
    },
    "slate_to_candidates": {
        "H": [
            "H1",
            "H2",
            "H3",
            "H4",
            "H5"
        ],
        "NH": [
            "NH1",
            "NH2",
            "NH3",
            "NH4",
            "NH5"
        ]
    }
}