{
    "bloc_voter_props": {
        "H": [
            0.3655812570246639,
            0.38528888122198823,
            0.3643240057440938,
            0.36445986154151877,
            0.30452304965488436,
            0.17514134156812844,
            0.4594669657573366,
            0.18494631503671935,
            851948.0,
            679791.0,
            601392.0,
            308933.0,
            327642.0,
            363155.0,
            589737.0,
            541210.0,
            1049332.0,
            437901.0,
            701946.0,
            495786.0
        ],
        "NH": [
            0.6344187429753362,
            0.6147111187780118,
            0.6356759942559062,
            0.6355401384584812,
            0.6954769503451156,
            0.8248586584318716,
            0.5405330342426634,
            0.8150536849632807,
            727095.0,
            806722.0,
            938914.0,
            1302500.0,
            1258777.0,
            1201220.0,
            889493.0,
            1073558.0,
            423871.0,
            1119327.0,
            915118.0,
            981762.0
        ]
    },
    "cohesion_parameters": {
        "H": {
            "H": 0.77,
            "NH": 0.23
        },
        "NH": {
            "H": 0.52,
            "NH": 0.48
        }
    },
    "alphas": {
        "H": {
            "H": 1,
            "NH": 1
        },
        "NH": {
            "H": 1,
            "NH": 1
        }
    },
    "slate_to_candidates": {
        "H": [
            "H1",
            "H2",
            "H3",
            "H4",
            "H5"
        ],
        "NH": [
            "NH1",
            "NH2",
            "NH3",
            "NH4",
            "NH5"
        ]
    }
}