{
    "bloc_voter_props": {
        "H": [
            0.4054040185043118,
            0.4649272080212073,
            0.44299009151117397,
            0.4924911803133189,
            0.5728098432308839,
            0.31773202460520783,
            0.2292382607512177,
            0.26175891948648006,
            323450.0,
            353365.0,
            500709.0,
            916246.0,
            379135.0,
            565299.0,
            454829.0,
            294557.0,
            293896.0,
            403118.0,
            825122.0,
            695557.0
        ],
        "NH": [
            0.5945959814956883,
            0.5350727919787928,
            0.557009908488826,
            0.507508819686681,
            0.4271901567691161,
            0.6822679753947921,
            0.7707617392487823,
            0.73824108051352,
            1275393.0,
            1144321.0,
            1110142.0,
            665023.0,
            1208321.0,
            946147.0,
            1042642.0,
            1219475.0,
            1204521.0,
            1153744.0,
            732286.0,
            813691.0
        ]
    },
    "cohesion_parameters": {
        "H": {
            "H": 0.77,
            "NH": 0.23
        },
        "NH": {
            "H": 0.52,
            "NH": 0.48
        }
    },
    "alphas": {
        "H": {
            "H": 1,
            "NH": 1
        },
        "NH": {
            "H": 1,
            "NH": 1
        }
    },
    "slate_to_candidates": {
        "H": [
            "H1",
            "H2",
            "H3",
            "H4",
            "H5"
        ],
        "NH": [
            "NH1",
            "NH2",
            "NH3",
            "NH4",
            "NH5"
        ]
    }
}