{
    "bloc_voter_props": {
        "H": [
            0.5334931361108991,
            0.33751199663697584,
            0.4277166549645153,
            0.4738389276756187,
            0.34366794687728813,
            0.4987100404230549,
            0.21549275259178066,
            0.36603437329737254,
            248613.0,
            581838.0,
            463605.0,
            363662.0,
            764324.0,
            399963.0,
            741420.0,
            352494.0,
            278569.0,
            539358.0,
            558697.0,
            646000.0
        ],
        "NH": [
            0.46650686388910084,
            0.6624880033630242,
            0.5722833450354847,
            0.5261610723243814,
            0.6563320531227119,
            0.5012899595769451,
            0.7845072474082193,
            0.6339656267026275,
            1277680.0,
            961870.0,
            1014523.0,
            1173930.0,
            757284.0,
            1184067.0,
            826203.0,
            1148715.0,
            1257377.0,
            962539.0,
            1013637.0,
            861478.0
        ]
    },
    "cohesion_parameters": {
        "H": {
            "H": 0.77,
            "NH": 0.23
        },
        "NH": {
            "H": 0.52,
            "NH": 0.48
        }
    },
    "alphas": {
        "H": {
            "H": 1,
            "NH": 1
        },
        "NH": {
            "H": 1,
            "NH": 1
        }
    },
    "slate_to_candidates": {
        "H": [
            "H1",
            "H2",
            "H3",
            "H4",
            "H5"
        ],
        "NH": [
            "NH1",
            "NH2",
            "NH3",
            "NH4",
            "NH5"
        ]
    }
}