{
    "bloc_voter_props": {
        "H": [
            0.3930201026949022,
            0.30967694595120643,
            0.47638559428126614,
            0.22584394045848924,
            0.5239124525307416,
            0.3803265244317112,
            0.173591363230263,
            0.49635803090208297,
            255373.0,
            396262.0,
            765946.0,
            342504.0,
            521565.0,
            293860.0,
            719188.0,
            397236.0,
            398629.0,
            991804.0,
            647525.0,
            632301.0
        ],
        "NH": [
            0.6069798973050978,
            0.6903230540487936,
            0.5236144057187339,
            0.7741560595415108,
            0.47608754746925835,
            0.6196734755682888,
            0.826408636769737,
            0.503641969097917,
            1350322.0,
            1180634.0,
            800347.0,
            1132006.0,
            1008481.0,
            1261032.0,
            884295.0,
            1179139.0,
            1170682.0,
            591121.0,
            828643.0,
            881626.0
        ]
    },
    "cohesion_parameters": {
        "H": {
            "H": 0.77,
            "NH": 0.23
        },
        "NH": {
            "H": 0.52,
            "NH": 0.48
        }
    },
    "alphas": {
        "H": {
            "H": 1,
            "NH": 1
        },
        "NH": {
            "H": 1,
            "NH": 1
        }
    },
    "slate_to_candidates": {
        "H": [
            "H1",
            "H2",
            "H3",
            "H4",
            "H5"
        ],
        "NH": [
            "NH1",
            "NH2",
            "NH3",
            "NH4",
            "NH5"
        ]
    }
}