{
    "bloc_voter_props": {
        "H": [
            0.44905763830464185,
            0.22374936671623985,
            0.5347602406990338,
            0.4967845680925741,
            0.5904270164666481,
            0.3581909911630479,
            0.5443458633257802,
            0.30688009192819,
            318869.0,
            266778.0,
            521573.0,
            426750.0,
            295190.0,
            567785.0,
            358866.0,
            487316.0,
            341938.0,
            784654.0,
            586607.0,
            519868.0
        ],
        "NH": [
            0.5509423616953582,
            0.7762506332837602,
            0.46523975930096617,
            0.5032154319074259,
            0.4095729835333519,
            0.641809008836952,
            0.4556541366742198,
            0.69311990807181,
            1223790.0,
            1283711.0,
            1066582.0,
            1137489.0,
            1249071.0,
            973096.0,
            1115105.0,
            980922.0,
            1219213.0,
            741085.0,
            893038.0,
            1001023.0
        ]
    },
    "cohesion_parameters": {
        "H": {
            "H": 0.77,
            "NH": 0.23
        },
        "NH": {
            "H": 0.52,
            "NH": 0.48
        }
    },
    "alphas": {
        "H": {
            "H": 1,
            "NH": 1
        },
        "NH": {
            "H": 1,
            "NH": 1
        }
    },
    "slate_to_candidates": {
        "H": [
            "H1",
            "H2",
            "H3",
            "H4",
            "H5"
        ],
        "NH": [
            "NH1",
            "NH2",
            "NH3",
            "NH4",
            "NH5"
        ]
    }
}