{
    "bloc_voter_props": {
        "H": [
            0.4742423251070827,
            0.3917870318775463,
            0.3875927451497919,
            0.34808526850845156,
            0.27653383808112764,
            0.41935924550449805,
            0.2117960468835001,
            0.48888393267818697,
            387796.0,
            301935.0,
            787263.0,
            287451.0,
            647861.0,
            318329.0,
            807345.0,
            352494.0,
            579934.0,
            746246.0,
            325800.0,
            776289.0
        ],
        "NH": [
            0.5257576748929174,
            0.6082129681224536,
            0.6124072548502081,
            0.6519147314915484,
            0.7234661619188724,
            0.580640754495502,
            0.7882039531164999,
            0.511116067321813,
            1217032.0,
            1273665.0,
            721048.0,
            1184783.0,
            946308.0,
            1238817.0,
            716249.0,
            1148715.0,
            924805.0,
            870432.0,
            1160713.0,
            782062.0
        ]
    },
    "cohesion_parameters": {
        "H": {
            "H": 0.77,
            "NH": 0.23
        },
        "NH": {
            "H": 0.52,
            "NH": 0.48
        }
    },
    "alphas": {
        "H": {
            "H": 1,
            "NH": 1
        },
        "NH": {
            "H": 1,
            "NH": 1
        }
    },
    "slate_to_candidates": {
        "H": [
            "H1",
            "H2",
            "H3",
            "H4",
            "H5"
        ],
        "NH": [
            "NH1",
            "NH2",
            "NH3",
            "NH4",
            "NH5"
        ]
    }
}