{
    "bloc_voter_props": {
        "H": [
            0.4349564690914705,
            0.4649272080212073,
            0.47949860237596087,
            0.5276298286171848,
            0.6039852554776226,
            0.3172881771371379,
            0.2292382607512177,
            0.2889183844667273,
            323450.0,
            353365.0,
            472651.0,
            839188.0,
            379135.0,
            505784.0,
            527560.0,
            294557.0,
            298223.0,
            403118.0,
            684560.0,
            695557.0
        ],
        "NH": [
            0.5650435309085294,
            0.5350727919787928,
            0.5205013976240391,
            0.47237017138281523,
            0.39601474452237734,
            0.682711822862862,
            0.7707617392487823,
            0.7110816155332726,
            1275393.0,
            1144321.0,
            1047636.0,
            754671.0,
            1208321.0,
            1111102.0,
            941734.0,
            1219475.0,
            1215781.0,
            1153744.0,
            803220.0,
            813691.0
        ]
    },
    "cohesion_parameters": {
        "H": {
            "H": 0.77,
            "NH": 0.23
        },
        "NH": {
            "H": 0.52,
            "NH": 0.48
        }
    },
    "alphas": {
        "H": {
            "H": 1,
            "NH": 1
        },
        "NH": {
            "H": 1,
            "NH": 1
        }
    },
    "slate_to_candidates": {
        "H": [
            "H1",
            "H2",
            "H3",
            "H4",
            "H5"
        ],
        "NH": [
            "NH1",
            "NH2",
            "NH3",
            "NH4",
            "NH5"
        ]
    }
}