{
    "bloc_voter_props": {
        "H": [
            0.3930201026949022,
            0.30499153196722095,
            0.39416939984568783,
            0.30538402500458517,
            0.5243000592433669,
            0.2872115682769852,
            0.4881058944635904,
            0.23259749844227215,
            348504.0,
            544459.0,
            765946.0,
            313791.0,
            444105.0,
            272879.0,
            951512.0,
            474696.0,
            260006.0,
            751372.0,
            647525.0,
            632301.0
        ],
        "NH": [
            0.6069798973050978,
            0.695008468032779,
            0.6058306001543121,
            0.6946159749954148,
            0.47569994075663313,
            0.7127884317230148,
            0.5118941055364096,
            0.7674025015577278,
            1229474.0,
            962061.0,
            800347.0,
            1219765.0,
            1146943.0,
            1222856.0,
            582867.0,
            1040677.0,
            1293884.0,
            837827.0,
            828643.0,
            881626.0
        ]
    },
    "cohesion_parameters": {
        "H": {
            "H": 0.77,
            "NH": 0.23
        },
        "NH": {
            "H": 0.52,
            "NH": 0.48
        }
    },
    "alphas": {
        "H": {
            "H": 1,
            "NH": 1
        },
        "NH": {
            "H": 1,
            "NH": 1
        }
    },
    "slate_to_candidates": {
        "H": [
            "H1",
            "H2",
            "H3",
            "H4",
            "H5"
        ],
        "NH": [
            "NH1",
            "NH2",
            "NH3",
            "NH4",
            "NH5"
        ]
    }
}