{
    "bloc_voter_props": {
        "H": [
            0.42815216605100154,
            0.187758117491486,
            0.4966141391850062,
            0.42368540403166827,
            0.2859579898066002,
            0.38983649758991856,
            0.3444385564024314,
            0.49944465188263687,
            646716.0,
            535849.0,
            654316.0,
            325634.0,
            337014.0,
            299863.0,
            787277.0,
            512964.0,
            820794.0,
            468460.0,
            538308.0,
            356238.0
        ],
        "NH": [
            0.5718478339489985,
            0.812241882508514,
            0.5033858608149938,
            0.5763145959683318,
            0.7140420101933997,
            0.6101635024100814,
            0.6555614435975686,
            0.5005553481173631,
            898133.0,
            1051270.0,
            822371.0,
            1203256.0,
            1271134.0,
            1277909.0,
            701713.0,
            1093656.0,
            712509.0,
            1005954.0,
            1056408.0,
            1235397.0
        ]
    },
    "cohesion_parameters": {
        "H": {
            "H": 0.77,
            "NH": 0.23
        },
        "NH": {
            "H": 0.52,
            "NH": 0.48
        }
    },
    "alphas": {
        "H": {
            "H": 1,
            "NH": 1
        },
        "NH": {
            "H": 1,
            "NH": 1
        }
    },
    "slate_to_candidates": {
        "H": [
            "H1",
            "H2",
            "H3",
            "H4",
            "H5"
        ],
        "NH": [
            "NH1",
            "NH2",
            "NH3",
            "NH4",
            "NH5"
        ]
    }
}