{
    "bloc_voter_props": {
        "H": [
            0.25494547947384566,
            0.20866299256097892,
            0.3235028060096617,
            0.4145764000506866,
            0.18420041779019236,
            0.38983649758991856,
            0.4290652724381448,
            0.5150907477604765,
            975108.0,
            535849.0,
            693489.0,
            325634.0,
            313804.0,
            489431.0,
            755304.0,
            543258.0,
            678335.0,
            681999.0,
            508014.0,
            286694.0
        ],
        "NH": [
            0.7450545205261543,
            0.791337007439021,
            0.6764971939903384,
            0.5854235999493134,
            0.8157995822098076,
            0.6101635024100814,
            0.5709347275618553,
            0.4849092522395235,
            572374.0,
            1051270.0,
            803211.0,
            1203256.0,
            1294447.0,
            1044084.0,
            716519.0,
            1071432.0,
            806519.0,
            883419.0,
            1078632.0,
            1242014.0
        ]
    },
    "cohesion_parameters": {
        "H": {
            "H": 0.77,
            "NH": 0.23
        },
        "NH": {
            "H": 0.52,
            "NH": 0.48
        }
    },
    "alphas": {
        "H": {
            "H": 1,
            "NH": 1
        },
        "NH": {
            "H": 1,
            "NH": 1
        }
    },
    "slate_to_candidates": {
        "H": [
            "H1",
            "H2",
            "H3",
            "H4",
            "H5"
        ],
        "NH": [
            "NH1",
            "NH2",
            "NH3",
            "NH4",
            "NH5"
        ]
    }
}