{
    "bloc_voter_props": {
        "H": [
            0.3655812570246639,
            0.398524112968905,
            0.4779217750142354,
            0.49585620795579954,
            0.29837593451690303,
            0.2024528543938422,
            0.4594669657573366,
            0.3516593186728179,
            621723.0,
            471317.0,
            654316.0,
            290609.0,
            282893.0,
            363155.0,
            751572.0,
            541210.0,
            836882.0,
            437901.0,
            692551.0,
            315799.0
        ],
        "NH": [
            0.6344187429753362,
            0.601475887031095,
            0.5220782249857646,
            0.5041437920442005,
            0.701624065483097,
            0.7975471456061578,
            0.5405330342426634,
            0.648340681327182,
            925311.0,
            1034824.0,
            822371.0,
            1325862.0,
            1291134.0,
            1201220.0,
            726276.0,
            1073558.0,
            673204.0,
            1119327.0,
            907416.0,
            1239553.0
        ]
    },
    "cohesion_parameters": {
        "H": {
            "H": 0.77,
            "NH": 0.23
        },
        "NH": {
            "H": 0.52,
            "NH": 0.48
        }
    },
    "alphas": {
        "H": {
            "H": 1,
            "NH": 1
        },
        "NH": {
            "H": 1,
            "NH": 1
        }
    },
    "slate_to_candidates": {
        "H": [
            "H1",
            "H2",
            "H3",
            "H4",
            "H5"
        ],
        "NH": [
            "NH1",
            "NH2",
            "NH3",
            "NH4",
            "NH5"
        ]
    }
}