{
    "bloc_voter_props": {
        "H": [
            0.44252215567568737,
            0.39417168464504904,
            0.40522706404034736,
            0.7030615332422545,
            0.46321747630197085,
            0.491651229412777,
            0.4244607610976417,
            0.2019253004818029,
            371679.0,
            288648.0,
            782040.0,
            374928.0,
            529030.0,
            263057.0,
            397437.0,
            523200.0,
            333099.0,
            373574.0,
            786015.0,
            444042.0
        ],
        "NH": [
            0.5574778443243127,
            0.605828315354951,
            0.5947729359596526,
            0.29693846675774554,
            0.5367825236980291,
            0.508348770587223,
            0.5755392389023584,
            0.7980746995181971,
            1234750.0,
            1252949.0,
            791265.0,
            1099200.0,
            950993.0,
            1212602.0,
            1186098.0,
            952697.0,
            1239223.0,
            1188405.0,
            743731.0,
            1082261.0
        ]
    },
    "cohesion_parameters": {
        "H": {
            "H": 0.77,
            "NH": 0.23
        },
        "NH": {
            "H": 0.52,
            "NH": 0.48
        }
    },
    "alphas": {
        "H": {
            "H": 1,
            "NH": 1
        },
        "NH": {
            "H": 1,
            "NH": 1
        }
    },
    "slate_to_candidates": {
        "H": [
            "H1",
            "H2",
            "H3",
            "H4",
            "H5"
        ],
        "NH": [
            "NH1",
            "NH2",
            "NH3",
            "NH4",
            "NH5"
        ]
    }
}