{
    "bloc_voter_props": {
        "H": [
            0.44555185780141515,
            0.2530359750793814,
            0.3067826176863967,
            0.5718598118161576,
            0.4275068617004101,
            0.6392725379730283,
            0.18801721440912805,
            0.4028739922796905,
            323450.0,
            280155.0,
            513879.0,
            399346.0,
            376452.0,
            574723.0,
            358447.0,
            748988.0,
            600732.0,
            660280.0,
            417157.0,
            679110.0
        ],
        "NH": [
            0.5544481421985848,
            0.7469640249206185,
            0.6932173823136033,
            0.42814018818384236,
            0.5724931382995899,
            0.3607274620269717,
            0.811982785590872,
            0.5971260077203095,
            1275393.0,
            1336532.0,
            1031591.0,
            1146968.0,
            1199049.0,
            934625.0,
            1137193.0,
            768588.0,
            872250.0,
            905858.0,
            1167072.0,
            791516.0
        ]
    },
    "cohesion_parameters": {
        "H": {
            "H": 0.77,
            "NH": 0.23
        },
        "NH": {
            "H": 0.52,
            "NH": 0.48
        }
    },
    "alphas": {
        "H": {
            "H": 1,
            "NH": 1
        },
        "NH": {
            "H": 1,
            "NH": 1
        }
    },
    "slate_to_candidates": {
        "H": [
            "H1",
            "H2",
            "H3",
            "H4",
            "H5"
        ],
        "NH": [
            "NH1",
            "NH2",
            "NH3",
            "NH4",
            "NH5"
        ]
    }
}