{
    "bloc_voter_props": {
        "H": [
            0.4353201770764512,
            0.24907765959896944,
            0.4795366746462996,
            0.4967845680925741,
            0.322560342845675,
            0.3581909911630479,
            0.5433090030358166,
            0.3705096455668249,
            318869.0,
            366872.0,
            477481.0,
            266804.0,
            295190.0,
            910044.0,
            414698.0,
            496286.0,
            329809.0,
            844000.0,
            681156.0,
            444910.0
        ],
        "NH": [
            0.5646798229235488,
            0.7509223404010306,
            0.5204633253537004,
            0.5032154319074259,
            0.677439657154325,
            0.641809008836952,
            0.4566909969641833,
            0.629490354433175,
            1223790.0,
            1218590.0,
            1040696.0,
            1269893.0,
            1249071.0,
            629773.0,
            1108952.0,
            982403.0,
            1147517.0,
            736706.0,
            791434.0,
            1070294.0
        ]
    },
    "cohesion_parameters": {
        "H": {
            "H": 0.77,
            "NH": 0.23
        },
        "NH": {
            "H": 0.52,
            "NH": 0.48
        }
    },
    "alphas": {
        "H": {
            "H": 1,
            "NH": 1
        },
        "NH": {
            "H": 1,
            "NH": 1
        }
    },
    "slate_to_candidates": {
        "H": [
            "H1",
            "H2",
            "H3",
            "H4",
            "H5"
        ],
        "NH": [
            "NH1",
            "NH2",
            "NH3",
            "NH4",
            "NH5"
        ]
    }
}