{
    "bloc_voter_props": {
        "H": [
            0.5333316542482441,
            0.33751199663697584,
            0.5154413233668078,
            0.4738389276756187,
            0.3882314287385518,
            0.42233634615551724,
            0.22070747102676255,
            0.36603437329737254,
            315154.0,
            272897.0,
            463605.0,
            287451.0,
            666665.0,
            399963.0,
            741420.0,
            352494.0,
            585922.0,
            569131.0,
            508574.0,
            758894.0
        ],
        "NH": [
            0.46666834575175586,
            0.6624880033630242,
            0.4845586766331922,
            0.5261610723243814,
            0.6117685712614481,
            0.5776636538444828,
            0.7792925289732374,
            0.6339656267026275,
            1218749.0,
            1232309.0,
            1014523.0,
            1184783.0,
            937687.0,
            1184067.0,
            826203.0,
            1148715.0,
            1030789.0,
            1037566.0,
            1008869.0,
            769534.0
        ]
    },
    "cohesion_parameters": {
        "H": {
            "H": 0.77,
            "NH": 0.23
        },
        "NH": {
            "H": 0.52,
            "NH": 0.48
        }
    },
    "alphas": {
        "H": {
            "H": 1,
            "NH": 1
        },
        "NH": {
            "H": 1,
            "NH": 1
        }
    },
    "slate_to_candidates": {
        "H": [
            "H1",
            "H2",
            "H3",
            "H4",
            "H5"
        ],
        "NH": [
            "NH1",
            "NH2",
            "NH3",
            "NH4",
            "NH5"
        ]
    }
}