{
    "bloc_voter_props": {
        "H": [
            0.4501223962063089,
            0.4589685963641167,
            0.4437733129159375,
            0.6010463382927396,
            0.4231853619895353,
            0.40978384048656274,
            0.332617979530177,
            0.1797212723999607,
            360675.0,
            755898.0,
            615991.0,
            261002.0,
            309322.0,
            315365.0,
            392494.0,
            458021.0,
            837948.0,
            511409.0,
            557995.0,
            505653.0
        ],
        "NH": [
            0.5498776037936911,
            0.5410314036358833,
            0.5562266870840625,
            0.3989536617072605,
            0.5768146380104646,
            0.5902161595134373,
            0.667382020469823,
            0.8202787276000393,
            1235446.0,
            750663.0,
            954699.0,
            1281100.0,
            1283514.0,
            1150218.0,
            1074696.0,
            1105851.0,
            704276.0,
            1064791.0,
            980581.0,
            1080908.0
        ]
    },
    "cohesion_parameters": {
        "H": {
            "H": 0.77,
            "NH": 0.23
        },
        "NH": {
            "H": 0.52,
            "NH": 0.48
        }
    },
    "alphas": {
        "H": {
            "H": 1,
            "NH": 1
        },
        "NH": {
            "H": 1,
            "NH": 1
        }
    },
    "slate_to_candidates": {
        "H": [
            "H1",
            "H2",
            "H3",
            "H4",
            "H5"
        ],
        "NH": [
            "NH1",
            "NH2",
            "NH3",
            "NH4",
            "NH5"
        ]
    }
}