{
    "bloc_voter_props": {
        "H": [
            0.4519889951597818,
            0.6345536694268653,
            0.2561626341859806,
            0.45417937825111754,
            0.5227515618454706,
            0.5042370837796539,
            0.173591363230263,
            0.43801948978082816,
            339296.0,
            288648.0,
            782040.0,
            407311.0,
            529030.0,
            293860.0,
            626934.0,
            523200.0,
            333099.0,
            373574.0,
            652254.0,
            475214.0
        ],
        "NH": [
            0.5480110048402181,
            0.3654463305731347,
            0.7438373658140194,
            0.5458206217488825,
            0.4772484381545295,
            0.49576291622034613,
            0.826408636769737,
            0.5619805102191718,
            1228716.0,
            1252949.0,
            791265.0,
            1105234.0,
            950993.0,
            1261032.0,
            988846.0,
            952697.0,
            1239223.0,
            1188405.0,
            863611.0,
            1120598.0
        ]
    },
    "cohesion_parameters": {
        "H": {
            "H": 0.77,
            "NH": 0.23
        },
        "NH": {
            "H": 0.52,
            "NH": 0.48
        }
    },
    "alphas": {
        "H": {
            "H": 1,
            "NH": 1
        },
        "NH": {
            "H": 1,
            "NH": 1
        }
    },
    "slate_to_candidates": {
        "H": [
            "H1",
            "H2",
            "H3",
            "H4",
            "H5"
        ],
        "NH": [
            "NH1",
            "NH2",
            "NH3",
            "NH4",
            "NH5"
        ]
    }
}