{
    "bloc_voter_props": {
        "H": [
            0.2857513115947486,
            0.5084220062339736,
            0.20898461451081787,
            0.38964800393674903,
            0.44776122414120073,
            0.18683495970883773,
            0.4248418355633262,
            0.43510084056513326,
            329631.0,
            344325.0,
            687737.0,
            264682.0,
            471624.0,
            440811.0,
            766672.0,
            744156.0,
            942307.0,
            507473.0,
            508767.0,
            537499.0
        ],
        "NH": [
            0.7142486884052514,
            0.4915779937660264,
            0.7910153854891822,
            0.610351996063251,
            0.5522387758587993,
            0.8131650402911622,
            0.5751581644366738,
            0.5648991594348667,
            1157429.0,
            1245549.0,
            837545.0,
            1317486.0,
            1031775.0,
            1136831.0,
            773661.0,
            811425.0,
            600995.0,
            1097355.0,
            1074507.0,
            1024568.0
        ]
    },
    "cohesion_parameters": {
        "H": {
            "H": 0.77,
            "NH": 0.23
        },
        "NH": {
            "H": 0.52,
            "NH": 0.48
        }
    },
    "alphas": {
        "H": {
            "H": 1,
            "NH": 1
        },
        "NH": {
            "H": 1,
            "NH": 1
        }
    },
    "slate_to_candidates": {
        "H": [
            "H1",
            "H2",
            "H3",
            "H4",
            "H5"
        ],
        "NH": [
            "NH1",
            "NH2",
            "NH3",
            "NH4",
            "NH5"
        ]
    }
}