{
    "bloc_voter_props": {
        "H": [
            0.4501223962063089,
            0.4589685963641167,
            0.26043250721275696,
            0.6010463382927396,
            0.4256771802606476,
            0.18441791988617276,
            0.332617979530177,
            0.1797212723999607,
            590708.0,
            755898.0,
            615991.0,
            354157.0,
            309322.0,
            315365.0,
            666774.0,
            471071.0,
            837948.0,
            511409.0,
            557995.0,
            505653.0
        ],
        "NH": [
            0.5498776037936911,
            0.5410314036358833,
            0.739567492787243,
            0.3989536617072605,
            0.5743228197393524,
            0.8155820801138273,
            0.667382020469823,
            0.8202787276000393,
            934144.0,
            750663.0,
            954699.0,
            1213000.0,
            1283514.0,
            1150218.0,
            810461.0,
            1132444.0,
            704276.0,
            1064791.0,
            980581.0,
            1080908.0
        ]
    },
    "cohesion_parameters": {
        "H": {
            "H": 0.77,
            "NH": 0.23
        },
        "NH": {
            "H": 0.52,
            "NH": 0.48
        }
    },
    "alphas": {
        "H": {
            "H": 1,
            "NH": 1
        },
        "NH": {
            "H": 1,
            "NH": 1
        }
    },
    "slate_to_candidates": {
        "H": [
            "H1",
            "H2",
            "H3",
            "H4",
            "H5"
        ],
        "NH": [
            "NH1",
            "NH2",
            "NH3",
            "NH4",
            "NH5"
        ]
    }
}