{
    "bloc_voter_props": {
        "H": [
            0.49090902131796543,
            0.3788918594130977,
            0.4194754514809678,
            0.2430167485949434,
            0.32911813245801225,
            0.48060275141060255,
            0.2727893202845072,
            0.5044888262221622,
            308438.0,
            282920.0,
            459927.0,
            267903.0,
            748639.0,
            784742.0,
            571671.0,
            411812.0,
            270788.0,
            710909.0,
            768637.0,
            521947.0
        ],
        "NH": [
            0.5090909786820346,
            0.6211081405869023,
            0.5805245485190322,
            0.7569832514050566,
            0.6708818675419878,
            0.5193972485893974,
            0.7272106797154928,
            0.4955111737778379,
            1259235.0,
            1236982.0,
            1078157.0,
            1290073.0,
            807231.0,
            767314.0,
            1011454.0,
            1095603.0,
            1194634.0,
            890210.0,
            788636.0,
            968972.0
        ]
    },
    "cohesion_parameters": {
        "H": {
            "H": 0.77,
            "NH": 0.23
        },
        "NH": {
            "H": 0.52,
            "NH": 0.48
        }
    },
    "alphas": {
        "H": {
            "H": 1,
            "NH": 1
        },
        "NH": {
            "H": 1,
            "NH": 1
        }
    },
    "slate_to_candidates": {
        "H": [
            "H1",
            "H2",
            "H3",
            "H4",
            "H5"
        ],
        "NH": [
            "NH1",
            "NH2",
            "NH3",
            "NH4",
            "NH5"
        ]
    }
}