{
    "bloc_voter_props": {
        "H": [
            0.3496350876876919,
            0.24103710828027972,
            0.32054683510219983,
            0.5718598118161576,
            0.27690419386958987,
            0.6392725379730283,
            0.18801721440912805,
            0.4028739922796905,
            323450.0,
            280155.0,
            706654.0,
            399346.0,
            376452.0,
            606643.0,
            515166.0,
            838805.0,
            354196.0,
            603070.0,
            618114.0,
            679110.0
        ],
        "NH": [
            0.6503649123123081,
            0.7589628917197203,
            0.6794531648978002,
            0.42814018818384236,
            0.7230958061304101,
            0.3607274620269717,
            0.811982785590872,
            0.5971260077203095,
            1275393.0,
            1336532.0,
            884471.0,
            1146968.0,
            1199049.0,
            962295.0,
            966296.0,
            696611.0,
            1115124.0,
            916534.0,
            905356.0,
            791516.0
        ]
    },
    "cohesion_parameters": {
        "H": {
            "H": 0.77,
            "NH": 0.23
        },
        "NH": {
            "H": 0.52,
            "NH": 0.48
        }
    },
    "alphas": {
        "H": {
            "H": 1,
            "NH": 1
        },
        "NH": {
            "H": 1,
            "NH": 1
        }
    },
    "slate_to_candidates": {
        "H": [
            "H1",
            "H2",
            "H3",
            "H4",
            "H5"
        ],
        "NH": [
            "NH1",
            "NH2",
            "NH3",
            "NH4",
            "NH5"
        ]
    }
}