{
    "bloc_voter_props": {
        "H": [
            0.43053116685910925,
            0.222556078082638,
            0.4966141391850062,
            0.4145764000506866,
            0.2859579898066002,
            0.38983649758991856,
            0.34812327345495464,
            0.5150907477604765,
            470141.0,
            535849.0,
            654316.0,
            325634.0,
            275233.0,
            299863.0,
            755304.0,
            619670.0,
            820794.0,
            645035.0,
            431602.0,
            356238.0
        ],
        "NH": [
            0.5694688331408907,
            0.777443921917362,
            0.5033858608149938,
            0.5854235999493134,
            0.7140420101933997,
            0.6101635024100814,
            0.6518767265450454,
            0.4849092522395235,
            1056135.0,
            1051270.0,
            822371.0,
            1203256.0,
            1303147.0,
            1277909.0,
            716519.0,
            977132.0,
            712509.0,
            847952.0,
            1172932.0,
            1235397.0
        ]
    },
    "cohesion_parameters": {
        "H": {
            "H": 0.77,
            "NH": 0.23
        },
        "NH": {
            "H": 0.52,
            "NH": 0.48
        }
    },
    "alphas": {
        "H": {
            "H": 1,
            "NH": 1
        },
        "NH": {
            "H": 1,
            "NH": 1
        }
    },
    "slate_to_candidates": {
        "H": [
            "H1",
            "H2",
            "H3",
            "H4",
            "H5"
        ],
        "NH": [
            "NH1",
            "NH2",
            "NH3",
            "NH4",
            "NH5"
        ]
    }
}