{
    "bloc_voter_props": {
        "H": [
            0.3319450023564093,
            0.31331199573872665,
            0.515211112815008,
            0.2430167485949434,
            0.32911813245801225,
            0.35451296314139147,
            0.27388993009333207,
            0.5517893941627592,
            361857.0,
            282920.0,
            681983.0,
            268391.0,
            748639.0,
            778533.0,
            571671.0,
            358393.0,
            270788.0,
            710909.0,
            747188.0,
            636616.0
        ],
        "NH": [
            0.6680549976435908,
            0.6866880042612733,
            0.4847888871849921,
            0.7569832514050566,
            0.6708818675419878,
            0.6454870368586085,
            0.7261100699066679,
            0.4482106058372408,
            1165467.0,
            1236982.0,
            884855.0,
            1297378.0,
            807231.0,
            765624.0,
            1011454.0,
            1189371.0,
            1194634.0,
            890210.0,
            733913.0,
            889804.0
        ]
    },
    "cohesion_parameters": {
        "H": {
            "H": 0.77,
            "NH": 0.23
        },
        "NH": {
            "H": 0.52,
            "NH": 0.48
        }
    },
    "alphas": {
        "H": {
            "H": 1,
            "NH": 1
        },
        "NH": {
            "H": 1,
            "NH": 1
        }
    },
    "slate_to_candidates": {
        "H": [
            "H1",
            "H2",
            "H3",
            "H4",
            "H5"
        ],
        "NH": [
            "NH1",
            "NH2",
            "NH3",
            "NH4",
            "NH5"
        ]
    }
}