{
    "bloc_voter_props": {
        "H": [
            0.26403674170336483,
            0.44101729386784005,
            0.31594773727891146,
            0.4752247801263975,
            0.49811242033720554,
            0.42549839912432486,
            0.5303547971836906,
            0.2964062766950099,
            510672.0,
            344564.0,
            679670.0,
            267487.0,
            274886.0,
            607719.0,
            450845.0,
            302283.0,
            407587.0,
            521995.0,
            749668.0,
            784183.0
        ],
        "NH": [
            0.7359632582966351,
            0.55898270613216,
            0.6840522627210885,
            0.5247752198736025,
            0.5018875796627944,
            0.5745016008756751,
            0.4696452028163094,
            0.70359372330499,
            967339.0,
            1143912.0,
            869404.0,
            1289563.0,
            1199814.0,
            1005243.0,
            1127737.0,
            1289907.0,
            1204310.0,
            943497.0,
            757154.0,
            697803.0
        ]
    },
    "cohesion_parameters": {
        "H": {
            "H": 0.77,
            "NH": 0.23
        },
        "NH": {
            "H": 0.52,
            "NH": 0.48
        }
    },
    "alphas": {
        "H": {
            "H": 1,
            "NH": 1
        },
        "NH": {
            "H": 1,
            "NH": 1
        }
    },
    "slate_to_candidates": {
        "H": [
            "H1",
            "H2",
            "H3",
            "H4",
            "H5"
        ],
        "NH": [
            "NH1",
            "NH2",
            "NH3",
            "NH4",
            "NH5"
        ]
    }
}