{
    "bloc_voter_props": {
        "H": [
            0.22989846900129304,
            0.20122995407807964,
            0.5093461972062426,
            0.2768355249736172,
            0.19144408030289917,
            0.519244978298173,
            0.4720653248700201,
            0.18967669083561156,
            715544.0,
            569116.0,
            948433.0,
            325634.0,
            573166.0,
            379903.0,
            695529.0,
            543258.0,
            665430.0,
            593544.0,
            536883.0,
            396222.0
        ],
        "NH": [
            0.7701015309987069,
            0.7987700459219204,
            0.49065380279375737,
            0.7231644750263828,
            0.8085559196971008,
            0.480755021701827,
            0.5279346751299799,
            0.8103233091643884,
            796465.0,
            910482.0,
            591402.0,
            1203256.0,
            919906.0,
            1189700.0,
            772117.0,
            1071432.0,
            938302.0,
            901125.0,
            1054906.0,
            1096398.0
        ]
    },
    "cohesion_parameters": {
        "H": {
            "H": 0.77,
            "NH": 0.23
        },
        "NH": {
            "H": 0.52,
            "NH": 0.48
        }
    },
    "alphas": {
        "H": {
            "H": 1,
            "NH": 1
        },
        "NH": {
            "H": 1,
            "NH": 1
        }
    },
    "slate_to_candidates": {
        "H": [
            "H1",
            "H2",
            "H3",
            "H4",
            "H5"
        ],
        "NH": [
            "NH1",
            "NH2",
            "NH3",
            "NH4",
            "NH5"
        ]
    }
}