{
    "bloc_voter_props": {
        "H": [
            0.4574697614432435,
            0.2858524814200313,
            0.5105937745226262,
            0.4967845680925741,
            0.5246280558294351,
            0.3581909911630479,
            0.5367903490152879,
            0.392731510707522,
            366826.0,
            266778.0,
            742561.0,
            426750.0,
            333952.0,
            533299.0,
            310909.0,
            558278.0,
            303176.0,
            451654.0,
            621093.0,
            531560.0
        ],
        "NH": [
            0.5425302385567565,
            0.7141475185799687,
            0.4894062254773738,
            0.5032154319074259,
            0.475371944170565,
            0.641809008836952,
            0.4632096509847121,
            0.607268489292478,
            1162122.0,
            1283711.0,
            725169.0,
            1137489.0,
            1189505.0,
            1022231.0,
            1176773.0,
            1019658.0,
            1278779.0,
            1119924.0,
            843903.0,
            1085962.0
        ]
    },
    "cohesion_parameters": {
        "H": {
            "H": 0.77,
            "NH": 0.23
        },
        "NH": {
            "H": 0.52,
            "NH": 0.48
        }
    },
    "alphas": {
        "H": {
            "H": 1,
            "NH": 1
        },
        "NH": {
            "H": 1,
            "NH": 1
        }
    },
    "slate_to_candidates": {
        "H": [
            "H1",
            "H2",
            "H3",
            "H4",
            "H5"
        ],
        "NH": [
            "NH1",
            "NH2",
            "NH3",
            "NH4",
            "NH5"
        ]
    }
}