{
    "bloc_voter_props": {
        "H": [
            0.4501223962063089,
            0.3826835175934355,
            0.25793831119358257,
            0.4067306046582252,
            0.4256771802606476,
            0.18441791988617276,
            0.332617979530177,
            0.1797212723999607,
            704708.0,
            630285.0,
            652822.0,
            354157.0,
            309322.0,
            338886.0,
            964722.0,
            471071.0,
            837948.0,
            507656.0,
            689766.0,
            482132.0
        ],
        "NH": [
            0.5498776037936911,
            0.6173164824065646,
            0.7420616888064174,
            0.5932693953417748,
            0.5743228197393524,
            0.8155820801138273,
            0.667382020469823,
            0.8202787276000393,
            810168.0,
            934106.0,
            908849.0,
            1213000.0,
            1283514.0,
            1246557.0,
            593078.0,
            1132444.0,
            704276.0,
            1044274.0,
            810343.0,
            984569.0
        ]
    },
    "cohesion_parameters": {
        "H": {
            "H": 0.77,
            "NH": 0.23
        },
        "NH": {
            "H": 0.52,
            "NH": 0.48
        }
    },
    "alphas": {
        "H": {
            "H": 1,
            "NH": 1
        },
        "NH": {
            "H": 1,
            "NH": 1
        }
    },
    "slate_to_candidates": {
        "H": [
            "H1",
            "H2",
            "H3",
            "H4",
            "H5"
        ],
        "NH": [
            "NH1",
            "NH2",
            "NH3",
            "NH4",
            "NH5"
        ]
    }
}