{
    "bloc_voter_props": {
        "H": [
            0.4346147880701217,
            0.39417168464504904,
            0.4176727359800156,
            0.280846829305077,
            0.43764570833084976,
            0.491651229412777,
            0.4244607610976417,
            0.2019253004818029,
            371679.0,
            288648.0,
            761996.0,
            374928.0,
            529030.0,
            263057.0,
            397437.0,
            480780.0,
            333099.0,
            475738.0,
            786015.0,
            1091824.0
        ],
        "NH": [
            0.5653852119298783,
            0.605828315354951,
            0.5823272640199844,
            0.719153170694923,
            0.5623542916691503,
            0.508348770587223,
            0.5755392389023584,
            0.7980746995181971,
            1234750.0,
            1252949.0,
            809303.0,
            1099200.0,
            950993.0,
            1212602.0,
            1186098.0,
            1109514.0,
            1239223.0,
            1018392.0,
            743731.0,
            429410.0
        ]
    },
    "cohesion_parameters": {
        "H": {
            "H": 0.77,
            "NH": 0.23
        },
        "NH": {
            "H": 0.52,
            "NH": 0.48
        }
    },
    "alphas": {
        "H": {
            "H": 1,
            "NH": 1
        },
        "NH": {
            "H": 1,
            "NH": 1
        }
    },
    "slate_to_candidates": {
        "H": [
            "H1",
            "H2",
            "H3",
            "H4",
            "H5"
        ],
        "NH": [
            "NH1",
            "NH2",
            "NH3",
            "NH4",
            "NH5"
        ]
    }
}