{
    "bloc_voter_props": {
        "H": [
            0.48976379244423524,
            0.3496530629157783,
            0.5343450293369679,
            0.28513768363036623,
            0.3195853117007072,
            0.44360174186497336,
            0.21164593412442254,
            0.36603437329737254,
            307196.0,
            450390.0,
            382358.0,
            295740.0,
            598432.0,
            561642.0,
            736156.0,
            297362.0,
            290623.0,
            850540.0,
            765157.0,
            738807.0
        ],
        "NH": [
            0.5102362075557647,
            0.6503469370842218,
            0.4656549706630321,
            0.7148623163696337,
            0.6804146882992927,
            0.5563982581350266,
            0.7883540658755774,
            0.6339656267026275,
            1174506.0,
            1131841.0,
            1117615.0,
            1178318.0,
            938650.0,
            918602.0,
            819264.0,
            1285279.0,
            1277415.0,
            703390.0,
            770279.0,
            839138.0
        ]
    },
    "cohesion_parameters": {
        "H": {
            "H": 0.77,
            "NH": 0.23
        },
        "NH": {
            "H": 0.52,
            "NH": 0.48
        }
    },
    "alphas": {
        "H": {
            "H": 1,
            "NH": 1
        },
        "NH": {
            "H": 1,
            "NH": 1
        }
    },
    "slate_to_candidates": {
        "H": [
            "H1",
            "H2",
            "H3",
            "H4",
            "H5"
        ],
        "NH": [
            "NH1",
            "NH2",
            "NH3",
            "NH4",
            "NH5"
        ]
    }
}