{
    "bloc_voter_props": {
        "H": [
            0.3774205203221737,
            0.252719125878476,
            0.5243535218121712,
            0.3163798836951517,
            0.40483551106078275,
            0.2872115682769852,
            0.37665456519526347,
            0.1639989122718855,
            338600.0,
            325159.0,
            716607.0,
            312741.0,
            444105.0,
            282783.0,
            951512.0,
            484201.0,
            777327.0,
            827071.0,
            638020.0,
            635481.0
        ],
        "NH": [
            0.6225794796778262,
            0.747280874121524,
            0.47564647818782874,
            0.6836201163048483,
            0.5951644889392173,
            0.7127884317230148,
            0.6233454348047366,
            0.8360010877281144,
            1181143.0,
            1200180.0,
            761705.0,
            1220247.0,
            1146943.0,
            1271187.0,
            582867.0,
            998610.0,
            822189.0,
            736190.0,
            870710.0,
            892380.0
        ]
    },
    "cohesion_parameters": {
        "H": {
            "H": 0.77,
            "NH": 0.23
        },
        "NH": {
            "H": 0.52,
            "NH": 0.48
        }
    },
    "alphas": {
        "H": {
            "H": 1,
            "NH": 1
        },
        "NH": {
            "H": 1,
            "NH": 1
        }
    },
    "slate_to_candidates": {
        "H": [
            "H1",
            "H2",
            "H3",
            "H4",
            "H5"
        ],
        "NH": [
            "NH1",
            "NH2",
            "NH3",
            "NH4",
            "NH5"
        ]
    }
}