{
    "bloc_voter_props": {
        "H": [
            0.30766195670805263,
            0.32272439148503673,
            0.25701925210146176,
            0.38715716399999456,
            0.2588331109416059,
            0.42817808623357956,
            0.24354630415848721,
            0.6695314993075298,
            323450.0,
            365565.0,
            793505.0,
            816295.0,
            282930.0,
            754771.0,
            540767.0,
            402399.0,
            277607.0,
            664239.0,
            731269.0,
            578205.0
        ],
        "NH": [
            0.6923380432919474,
            0.6772756085149633,
            0.7429807478985382,
            0.6128428360000054,
            0.7411668890583941,
            0.5718219137664204,
            0.7564536958415128,
            0.33046850069247025,
            1275393.0,
            1252298.0,
            767201.0,
            724157.0,
            1302118.0,
            723656.0,
            1011199.0,
            1069758.0,
            1194478.0,
            927642.0,
            848751.0,
            1033349.0
        ]
    },
    "cohesion_parameters": {
        "H": {
            "H": 0.77,
            "NH": 0.23
        },
        "NH": {
            "H": 0.52,
            "NH": 0.48
        }
    },
    "alphas": {
        "H": {
            "H": 1,
            "NH": 1
        },
        "NH": {
            "H": 1,
            "NH": 1
        }
    },
    "slate_to_candidates": {
        "H": [
            "H1",
            "H2",
            "H3",
            "H4",
            "H5"
        ],
        "NH": [
            "NH1",
            "NH2",
            "NH3",
            "NH4",
            "NH5"
        ]
    }
}