{
    "bloc_voter_props": {
        "H": [
            0.43053116685910925,
            0.19716762651405864,
            0.47510070726635983,
            0.4145764000506866,
            0.1887957403421321,
            0.38983649758991856,
            0.34812327345495464,
            0.5150907477604765,
            660957.0,
            535849.0,
            463500.0,
            325634.0,
            319441.0,
            299863.0,
            755304.0,
            619670.0,
            820794.0,
            686065.0,
            431602.0,
            486673.0
        ],
        "NH": [
            0.5694688331408907,
            0.8028323734859414,
            0.5248992927336402,
            0.5854235999493134,
            0.8112042596578679,
            0.6101635024100814,
            0.6518767265450454,
            0.4849092522395235,
            808208.0,
            1051270.0,
            1070298.0,
            1203256.0,
            1275223.0,
            1277909.0,
            716519.0,
            977132.0,
            712509.0,
            824996.0,
            1172932.0,
            1039231.0
        ]
    },
    "cohesion_parameters": {
        "H": {
            "H": 0.77,
            "NH": 0.23
        },
        "NH": {
            "H": 0.52,
            "NH": 0.48
        }
    },
    "alphas": {
        "H": {
            "H": 1,
            "NH": 1
        },
        "NH": {
            "H": 1,
            "NH": 1
        }
    },
    "slate_to_candidates": {
        "H": [
            "H1",
            "H2",
            "H3",
            "H4",
            "H5"
        ],
        "NH": [
            "NH1",
            "NH2",
            "NH3",
            "NH4",
            "NH5"
        ]
    }
}