{
    "bloc_voter_props": {
        "H": [
            0.30766195670805263,
            0.32272439148503673,
            0.25701925210146176,
            0.4037220088041145,
            0.48048617276248823,
            0.42817808623357956,
            0.19090867594529837,
            0.4028739922796905,
            323450.0,
            300694.0,
            736316.0,
            843864.0,
            380200.0,
            357743.0,
            513198.0,
            370000.0,
            354196.0,
            664239.0,
            820624.0,
            1007307.0
        ],
        "NH": [
            0.6923380432919474,
            0.6772756085149633,
            0.7429807478985382,
            0.5962779911958855,
            0.5195138272375117,
            0.5718219137664204,
            0.8090913240547016,
            0.5971260077203095,
            1275393.0,
            1214564.0,
            874320.0,
            754986.0,
            1230511.0,
            1191446.0,
            980370.0,
            1179099.0,
            1115124.0,
            927642.0,
            661470.0,
            580160.0
        ]
    },
    "cohesion_parameters": {
        "H": {
            "H": 0.77,
            "NH": 0.23
        },
        "NH": {
            "H": 0.52,
            "NH": 0.48
        }
    },
    "alphas": {
        "H": {
            "H": 1,
            "NH": 1
        },
        "NH": {
            "H": 1,
            "NH": 1
        }
    },
    "slate_to_candidates": {
        "H": [
            "H1",
            "H2",
            "H3",
            "H4",
            "H5"
        ],
        "NH": [
            "NH1",
            "NH2",
            "NH3",
            "NH4",
            "NH5"
        ]
    }
}