{
    "bloc_voter_props": {
        "H": [
            0.3319450023564093,
            0.5907586142872615,
            0.515211112815008,
            0.2469308869958293,
            0.329574557091345,
            0.3280656740139133,
            0.27388993009333207,
            0.26010780386721527,
            361857.0,
            282920.0,
            681983.0,
            268391.0,
            572662.0,
            778533.0,
            747648.0,
            358393.0,
            270788.0,
            710909.0,
            747188.0,
            701390.0
        ],
        "NH": [
            0.6680549976435908,
            0.4092413857127385,
            0.4847888871849921,
            0.7530691130041707,
            0.670425442908655,
            0.6719343259860867,
            0.7261100699066679,
            0.7398921961327848,
            1165467.0,
            1236982.0,
            884855.0,
            1297378.0,
            1016194.0,
            765624.0,
            802491.0,
            1189371.0,
            1194634.0,
            890210.0,
            733913.0,
            876700.0
        ]
    },
    "cohesion_parameters": {
        "H": {
            "H": 0.77,
            "NH": 0.23
        },
        "NH": {
            "H": 0.52,
            "NH": 0.48
        }
    },
    "alphas": {
        "H": {
            "H": 1,
            "NH": 1
        },
        "NH": {
            "H": 1,
            "NH": 1
        }
    },
    "slate_to_candidates": {
        "H": [
            "H1",
            "H2",
            "H3",
            "H4",
            "H5"
        ],
        "NH": [
            "NH1",
            "NH2",
            "NH3",
            "NH4",
            "NH5"
        ]
    }
}