{
    "bloc_voter_props": {
        "H": [
            0.27517895550372823,
            0.30525720887702806,
            0.5802138460168346,
            0.4941204496875357,
            0.3049349959870989,
            0.3581909911630479,
            0.5515854956145866,
            0.2757855945682851,
            318869.0,
            366872.0,
            743751.0,
            266804.0,
            295190.0,
            593430.0,
            414698.0,
            509426.0,
            329809.0,
            748925.0,
            681156.0,
            782841.0
        ],
        "NH": [
            0.7248210444962718,
            0.694742791122972,
            0.41978615398316543,
            0.5058795503124643,
            0.695065004012901,
            0.641809008836952,
            0.4484145043854134,
            0.7242144054317149,
            1223790.0,
            1218590.0,
            792992.0,
            1269893.0,
            1249071.0,
            1016998.0,
            1108952.0,
            1017314.0,
            1147517.0,
            754076.0,
            791434.0,
            692211.0
        ]
    },
    "cohesion_parameters": {
        "H": {
            "H": 0.77,
            "NH": 0.23
        },
        "NH": {
            "H": 0.52,
            "NH": 0.48
        }
    },
    "alphas": {
        "H": {
            "H": 1,
            "NH": 1
        },
        "NH": {
            "H": 1,
            "NH": 1
        }
    },
    "slate_to_candidates": {
        "H": [
            "H1",
            "H2",
            "H3",
            "H4",
            "H5"
        ],
        "NH": [
            "NH1",
            "NH2",
            "NH3",
            "NH4",
            "NH5"
        ]
    }
}