{
    "bloc_voter_props": {
        "H": [
            0.43143825270565583,
            0.38528888122198823,
            0.6306838983671378,
            0.36445986154151877,
            0.46035368691990586,
            0.2186881886333183,
            0.35578396677206403,
            0.21160636972005467,
            679240.0,
            679791.0,
            647796.0,
            370372.0,
            238938.0,
            273257.0,
            390229.0,
            420020.0,
            877824.0,
            556169.0,
            586324.0,
            482132.0
        ],
        "NH": [
            0.5685617472943442,
            0.6147111187780118,
            0.36931610163286227,
            0.6355401384584812,
            0.5396463130800941,
            0.7813118113666817,
            0.644216033227936,
            0.7883936302799454,
            836539.0,
            806722.0,
            901682.0,
            1214781.0,
            1262058.0,
            1312694.0,
            1102033.0,
            1148543.0,
            696486.0,
            1029517.0,
            878133.0,
            984569.0
        ]
    },
    "cohesion_parameters": {
        "H": {
            "H": 0.77,
            "NH": 0.23
        },
        "NH": {
            "H": 0.52,
            "NH": 0.48
        }
    },
    "alphas": {
        "H": {
            "H": 1,
            "NH": 1
        },
        "NH": {
            "H": 1,
            "NH": 1
        }
    },
    "slate_to_candidates": {
        "H": [
            "H1",
            "H2",
            "H3",
            "H4",
            "H5"
        ],
        "NH": [
            "NH1",
            "NH2",
            "NH3",
            "NH4",
            "NH5"
        ]
    }
}