{
    "bloc_voter_props": {
        "H": [
            0.36858020683547565,
            0.5814186708916647,
            0.2972582842282329,
            0.441244879632601,
            0.2845919168430572,
            0.4415332980815351,
            0.18243490795329356,
            0.4387271965038874,
            381873.0,
            340621.0,
            757303.0,
            314231.0,
            534129.0,
            297453.0,
            897554.0,
            734012.0,
            331001.0,
            626866.0,
            445180.0,
            587778.0
        ],
        "NH": [
            0.6314197931645243,
            0.4185813291083354,
            0.702741715771767,
            0.558755120367399,
            0.7154080831569428,
            0.5584667019184649,
            0.8175650920467065,
            0.5612728034961126,
            1205313.0,
            1244864.0,
            851635.0,
            1158282.0,
            962171.0,
            1240463.0,
            633643.0,
            756138.0,
            1186984.0,
            899714.0,
            1131431.0,
            971896.0
        ]
    },
    "cohesion_parameters": {
        "H": {
            "H": 0.77,
            "NH": 0.23
        },
        "NH": {
            "H": 0.52,
            "NH": 0.48
        }
    },
    "alphas": {
        "H": {
            "H": 1,
            "NH": 1
        },
        "NH": {
            "H": 1,
            "NH": 1
        }
    },
    "slate_to_candidates": {
        "H": [
            "H1",
            "H2",
            "H3",
            "H4",
            "H5"
        ],
        "NH": [
            "NH1",
            "NH2",
            "NH3",
            "NH4",
            "NH5"
        ]
    }
}