{
    "bloc_voter_props": {
        "H": [
            0.6020043851794616,
            0.1865735127249149,
            0.4450797319220589,
            0.31022094227712294,
            0.19327869065756464,
            0.519244978298173,
            0.4276120405430028,
            0.2024979923473003,
            612198.0,
            317250.0,
            719588.0,
            280668.0,
            573166.0,
            513707.0,
            792478.0,
            543258.0,
            502257.0,
            550624.0,
            579803.0,
            550596.0
        ],
        "NH": [
            0.3979956148205383,
            0.8134264872750852,
            0.554920268077941,
            0.6897790577228771,
            0.8067213093424354,
            0.480755021701827,
            0.5723879594569972,
            0.7975020076526997,
            895546.0,
            1160472.0,
            864901.0,
            1248540.0,
            919906.0,
            1048037.0,
            738932.0,
            1071432.0,
            1047156.0,
            1047827.0,
            908204.0,
            1016939.0
        ]
    },
    "cohesion_parameters": {
        "H": {
            "H": 0.77,
            "NH": 0.23
        },
        "NH": {
            "H": 0.52,
            "NH": 0.48
        }
    },
    "alphas": {
        "H": {
            "H": 1,
            "NH": 1
        },
        "NH": {
            "H": 1,
            "NH": 1
        }
    },
    "slate_to_candidates": {
        "H": [
            "H1",
            "H2",
            "H3",
            "H4",
            "H5"
        ],
        "NH": [
            "NH1",
            "NH2",
            "NH3",
            "NH4",
            "NH5"
        ]
    }
}