{
    "bloc_voter_props": {
        "H": [
            0.6020043851794616,
            0.2176454571261391,
            0.4450797319220589,
            0.33799937986545114,
            0.16320865611148824,
            0.519244978298173,
            0.4276120405430028,
            0.2024979923473003,
            612198.0,
            294097.0,
            685079.0,
            303821.0,
            573166.0,
            513707.0,
            792478.0,
            543258.0,
            502257.0,
            550624.0,
            579803.0,
            550596.0
        ],
        "NH": [
            0.3979956148205383,
            0.7823545428738609,
            0.554920268077941,
            0.6620006201345489,
            0.8367913438885117,
            0.480755021701827,
            0.5723879594569972,
            0.7975020076526997,
            895546.0,
            1243046.0,
            929099.0,
            1165966.0,
            919906.0,
            1048037.0,
            738932.0,
            1071432.0,
            1047156.0,
            1047827.0,
            908204.0,
            1016939.0
        ]
    },
    "cohesion_parameters": {
        "H": {
            "H": 0.77,
            "NH": 0.23
        },
        "NH": {
            "H": 0.52,
            "NH": 0.48
        }
    },
    "alphas": {
        "H": {
            "H": 1,
            "NH": 1
        },
        "NH": {
            "H": 1,
            "NH": 1
        }
    },
    "slate_to_candidates": {
        "H": [
            "H1",
            "H2",
            "H3",
            "H4",
            "H5"
        ],
        "NH": [
            "NH1",
            "NH2",
            "NH3",
            "NH4",
            "NH5"
        ]
    }
}