{
    "bloc_voter_props": {
        "H": [
            0.23258480860866546,
            0.44101729386784005,
            0.3455207883879712,
            0.4752247801263975,
            0.5159887236253506,
            0.3881370317608467,
            0.5303547971836906,
            0.38589322066549003,
            568503.0,
            264048.0,
            724200.0,
            267487.0,
            312965.0,
            465851.0,
            450845.0,
            342756.0,
            351720.0,
            534003.0,
            777687.0,
            784183.0
        ],
        "NH": [
            0.7674151913913345,
            0.55898270613216,
            0.6544792116120288,
            0.5247752198736025,
            0.48401127637464936,
            0.6118629682391533,
            0.4696452028163094,
            0.61410677933451,
            928798.0,
            1230589.0,
            826004.0,
            1289563.0,
            1279385.0,
            1132379.0,
            1127737.0,
            1130654.0,
            1235856.0,
            962233.0,
            834056.0,
            697803.0
        ]
    },
    "cohesion_parameters": {
        "H": {
            "H": 0.77,
            "NH": 0.23
        },
        "NH": {
            "H": 0.52,
            "NH": 0.48
        }
    },
    "alphas": {
        "H": {
            "H": 1,
            "NH": 1
        },
        "NH": {
            "H": 1,
            "NH": 1
        }
    },
    "slate_to_candidates": {
        "H": [
            "H1",
            "H2",
            "H3",
            "H4",
            "H5"
        ],
        "NH": [
            "NH1",
            "NH2",
            "NH3",
            "NH4",
            "NH5"
        ]
    }
}