{
    "bloc_voter_props": {
        "H": [
            0.4054040185043118,
            0.4649272080212073,
            0.2541801330813905,
            0.3682322579105459,
            0.5030873285352396,
            0.298522852479687,
            0.2292382607512177,
            0.49389973320265707,
            323450.0,
            353365.0,
            529279.0,
            916246.0,
            379135.0,
            804438.0,
            283043.0,
            294557.0,
            465682.0,
            661952.0,
            825122.0,
            453800.0
        ],
        "NH": [
            0.5945959814956883,
            0.5350727919787928,
            0.7458198669186095,
            0.6317677420894541,
            0.49691267146476037,
            0.701477147520313,
            0.7707617392487823,
            0.5061002667973429,
            1275393.0,
            1144321.0,
            1079144.0,
            665023.0,
            1208321.0,
            811983.0,
            1231824.0,
            1219475.0,
            1015339.0,
            822585.0,
            732286.0,
            1037694.0
        ]
    },
    "cohesion_parameters": {
        "H": {
            "H": 0.77,
            "NH": 0.23
        },
        "NH": {
            "H": 0.52,
            "NH": 0.48
        }
    },
    "alphas": {
        "H": {
            "H": 1,
            "NH": 1
        },
        "NH": {
            "H": 1,
            "NH": 1
        }
    },
    "slate_to_candidates": {
        "H": [
            "H1",
            "H2",
            "H3",
            "H4",
            "H5"
        ],
        "NH": [
            "NH1",
            "NH2",
            "NH3",
            "NH4",
            "NH5"
        ]
    }
}