{
    "bloc_voter_props": {
        "H": [
            0.455042854065887,
            0.4849416614466506,
            0.36799054145352766,
            0.29959667775667187,
            0.43764570833084976,
            0.5153472890547569,
            0.4244607610976417,
            0.20630042209673863,
            310339.0,
            288648.0,
            761996.0,
            370102.0,
            529030.0,
            324397.0,
            441394.0,
            480780.0,
            333099.0,
            475738.0,
            773806.0,
            910023.0
        ],
        "NH": [
            0.5449571459341129,
            0.5150583385533495,
            0.6320094585464724,
            0.7004033222433281,
            0.5623542916691503,
            0.4846527109452431,
            0.5755392389023584,
            0.7936995779032614,
            1206325.0,
            1252949.0,
            809303.0,
            1113923.0,
            950993.0,
            1241027.0,
            1061343.0,
            1109514.0,
            1239223.0,
            1018392.0,
            804926.0,
            612211.0
        ]
    },
    "cohesion_parameters": {
        "H": {
            "H": 0.77,
            "NH": 0.23
        },
        "NH": {
            "H": 0.52,
            "NH": 0.48
        }
    },
    "alphas": {
        "H": {
            "H": 1,
            "NH": 1
        },
        "NH": {
            "H": 1,
            "NH": 1
        }
    },
    "slate_to_candidates": {
        "H": [
            "H1",
            "H2",
            "H3",
            "H4",
            "H5"
        ],
        "NH": [
            "NH1",
            "NH2",
            "NH3",
            "NH4",
            "NH5"
        ]
    }
}