{
    "bloc_voter_props": {
        "H": [
            0.44905763830464185,
            0.2858524814200313,
            0.5347602406990338,
            0.4967845680925741,
            0.5094324898293375,
            0.3581909911630479,
            0.5443458633257802,
            0.30688009192819,
            366826.0,
            266778.0,
            907754.0,
            426750.0,
            333952.0,
            533299.0,
            310909.0,
            487316.0,
            303176.0,
            451654.0,
            621093.0,
            489017.0
        ],
        "NH": [
            0.5509423616953582,
            0.7141475185799687,
            0.46523975930096617,
            0.5032154319074259,
            0.4905675101706624,
            0.641809008836952,
            0.4556541366742198,
            0.69311990807181,
            1162122.0,
            1283711.0,
            674435.0,
            1137489.0,
            1189505.0,
            1022231.0,
            1176773.0,
            980922.0,
            1278779.0,
            1119924.0,
            843903.0,
            981638.0
        ]
    },
    "cohesion_parameters": {
        "H": {
            "H": 0.77,
            "NH": 0.23
        },
        "NH": {
            "H": 0.52,
            "NH": 0.48
        }
    },
    "alphas": {
        "H": {
            "H": 1,
            "NH": 1
        },
        "NH": {
            "H": 1,
            "NH": 1
        }
    },
    "slate_to_candidates": {
        "H": [
            "H1",
            "H2",
            "H3",
            "H4",
            "H5"
        ],
        "NH": [
            "NH1",
            "NH2",
            "NH3",
            "NH4",
            "NH5"
        ]
    }
}