{
    "bloc_voter_props": {
        "H": [
            0.4276038977993658,
            0.38528888122198823,
            0.6306838983671378,
            0.40538629257675346,
            0.41126054012609375,
            0.2186881886333183,
            0.35578396677206403,
            0.21213223674330606,
            811766.0,
            679791.0,
            647796.0,
            370372.0,
            238938.0,
            273866.0,
            390229.0,
            438825.0,
            688757.0,
            541499.0,
            668096.0,
            482132.0
        ],
        "NH": [
            0.5723961022006342,
            0.6147111187780118,
            0.36931610163286227,
            0.5946137074232466,
            0.5887394598739063,
            0.7813118113666817,
            0.644216033227936,
            0.7878677632566939,
            667455.0,
            806722.0,
            901682.0,
            1214781.0,
            1262058.0,
            1318918.0,
            1102033.0,
            1124878.0,
            911274.0,
            1060819.0,
            804859.0,
            984569.0
        ]
    },
    "cohesion_parameters": {
        "H": {
            "H": 0.77,
            "NH": 0.23
        },
        "NH": {
            "H": 0.52,
            "NH": 0.48
        }
    },
    "alphas": {
        "H": {
            "H": 1,
            "NH": 1
        },
        "NH": {
            "H": 1,
            "NH": 1
        }
    },
    "slate_to_candidates": {
        "H": [
            "H1",
            "H2",
            "H3",
            "H4",
            "H5"
        ],
        "NH": [
            "NH1",
            "NH2",
            "NH3",
            "NH4",
            "NH5"
        ]
    }
}