{
    "bloc_voter_props": {
        "H": [
            0.48976379244423524,
            0.5189022241430898,
            0.3642478189439401,
            0.25401648028784585,
            0.3195853117007072,
            0.4894235146062602,
            0.21164593412442254,
            0.36603437329737254,
            307196.0,
            450390.0,
            450821.0,
            295740.0,
            598432.0,
            561642.0,
            848898.0,
            297362.0,
            290623.0,
            737798.0,
            754460.0,
            676140.0
        ],
        "NH": [
            0.5102362075557647,
            0.48109777585691016,
            0.6357521810560599,
            0.7459835197121542,
            0.6804146882992927,
            0.5105764853937398,
            0.7883540658755774,
            0.6339656267026275,
            1174506.0,
            1131841.0,
            1043436.0,
            1178318.0,
            938650.0,
            918602.0,
            705768.0,
            1285279.0,
            1277415.0,
            816886.0,
            820442.0,
            922562.0
        ]
    },
    "cohesion_parameters": {
        "H": {
            "H": 0.77,
            "NH": 0.23
        },
        "NH": {
            "H": 0.52,
            "NH": 0.48
        }
    },
    "alphas": {
        "H": {
            "H": 1,
            "NH": 1
        },
        "NH": {
            "H": 1,
            "NH": 1
        }
    },
    "slate_to_candidates": {
        "H": [
            "H1",
            "H2",
            "H3",
            "H4",
            "H5"
        ],
        "NH": [
            "NH1",
            "NH2",
            "NH3",
            "NH4",
            "NH5"
        ]
    }
}