{
    "bloc_voter_props": {
        "H": [
            0.6444999282310198,
            0.2277849718808905,
            0.49032162480324143,
            0.33799937986545114,
            0.16536923081897875,
            0.519244978298173,
            0.4276120405430028,
            0.19127479737880773,
            465068.0,
            294097.0,
            685079.0,
            309701.0,
            557335.0,
            513707.0,
            808309.0,
            543258.0,
            537286.0,
            493599.0,
            601799.0,
            550596.0
        ],
        "NH": [
            0.35550007176898024,
            0.7722150281191095,
            0.5096783751967585,
            0.6620006201345489,
            0.8346307691810212,
            0.480755021701827,
            0.5723879594569972,
            0.8087252026211923,
            1018555.0,
            1243046.0,
            929099.0,
            1216583.0,
            908999.0,
            1048037.0,
            749839.0,
            1071432.0,
            1071560.0,
            1045038.0,
            886589.0,
            1016939.0
        ]
    },
    "cohesion_parameters": {
        "H": {
            "H": 0.77,
            "NH": 0.23
        },
        "NH": {
            "H": 0.52,
            "NH": 0.48
        }
    },
    "alphas": {
        "H": {
            "H": 1,
            "NH": 1
        },
        "NH": {
            "H": 1,
            "NH": 1
        }
    },
    "slate_to_candidates": {
        "H": [
            "H1",
            "H2",
            "H3",
            "H4",
            "H5"
        ],
        "NH": [
            "NH1",
            "NH2",
            "NH3",
            "NH4",
            "NH5"
        ]
    }
}