{
    "bloc_voter_props": {
        "H": [
            0.2499613815291849,
            0.4516724927777572,
            0.6017679373135161,
            0.36856539872704347,
            0.4848793830940123,
            0.21911595577122792,
            0.3384790366795256,
            0.25794111129131503,
            344586.0,
            371974.0,
            518415.0,
            650239.0,
            731033.0,
            270940.0,
            684567.0,
            587106.0,
            823322.0,
            457803.0,
            677788.0,
            279329.0
        ],
        "NH": [
            0.7500386184708151,
            0.5483275072222428,
            0.3982320626864839,
            0.6314346012729565,
            0.5151206169059878,
            0.7808840442287721,
            0.6615209633204744,
            0.742058888708685,
            1152145.0,
            1203464.0,
            1067369.0,
            960692.0,
            737249.0,
            1199390.0,
            888188.0,
            1004581.0,
            718088.0,
            1134696.0,
            793710.0,
            1337129.0
        ]
    },
    "cohesion_parameters": {
        "H": {
            "H": 0.77,
            "NH": 0.23
        },
        "NH": {
            "H": 0.52,
            "NH": 0.48
        }
    },
    "alphas": {
        "H": {
            "H": 1,
            "NH": 1
        },
        "NH": {
            "H": 1,
            "NH": 1
        }
    },
    "slate_to_candidates": {
        "H": [
            "H1",
            "H2",
            "H3",
            "H4",
            "H5"
        ],
        "NH": [
            "NH1",
            "NH2",
            "NH3",
            "NH4",
            "NH5"
        ]
    }
}