{
    "bloc_voter_props": {
        "H": [
            0.551931110855545,
            0.2858524814200313,
            0.4302926437785616,
            0.6554392685162781,
            0.41783202784002227,
            0.36608817254764053,
            0.46029725168538455,
            0.42111933523246203,
            299057.0,
            266778.0,
            692961.0,
            426750.0,
            293045.0,
            729119.0,
            445027.0,
            610206.0,
            310909.0,
            419511.0,
            417157.0,
            540011.0
        ],
        "NH": [
            0.44806888914445503,
            0.7141475185799687,
            0.5697073562214384,
            0.3445607314837219,
            0.5821679721599777,
            0.6339118274523594,
            0.5397027483146154,
            0.578880664767538,
            1234386.0,
            1283711.0,
            887160.0,
            1137489.0,
            1193075.0,
            771724.0,
            1162312.0,
            869120.0,
            1220323.0,
            1109232.0,
            1167072.0,
            1069250.0
        ]
    },
    "cohesion_parameters": {
        "H": {
            "H": 0.77,
            "NH": 0.23
        },
        "NH": {
            "H": 0.52,
            "NH": 0.48
        }
    },
    "alphas": {
        "H": {
            "H": 1,
            "NH": 1
        },
        "NH": {
            "H": 1,
            "NH": 1
        }
    },
    "slate_to_candidates": {
        "H": [
            "H1",
            "H2",
            "H3",
            "H4",
            "H5"
        ],
        "NH": [
            "NH1",
            "NH2",
            "NH3",
            "NH4",
            "NH5"
        ]
    }
}