{
    "bloc_voter_props": {
        "H": [
            0.4845689937508477,
            0.2054400407741281,
            0.6523292015586047,
            0.3323726110562263,
            0.16536923081897875,
            0.519244978298173,
            0.39962270853222,
            0.21462475616301005,
            550396.0,
            294097.0,
            685079.0,
            309701.0,
            557335.0,
            513707.0,
            808309.0,
            543258.0,
            518297.0,
            414267.0,
            651826.0,
            571573.0
        ],
        "NH": [
            0.5154310062491523,
            0.7945599592258719,
            0.3476707984413952,
            0.6676273889437737,
            0.8346307691810212,
            0.480755021701827,
            0.6003772914677801,
            0.78537524383699,
            1037944.0,
            1243046.0,
            929099.0,
            1216583.0,
            908999.0,
            1048037.0,
            749839.0,
            1071432.0,
            1025019.0,
            1115958.0,
            874436.0,
            954166.0
        ]
    },
    "cohesion_parameters": {
        "H": {
            "H": 0.77,
            "NH": 0.23
        },
        "NH": {
            "H": 0.52,
            "NH": 0.48
        }
    },
    "alphas": {
        "H": {
            "H": 1,
            "NH": 1
        },
        "NH": {
            "H": 1,
            "NH": 1
        }
    },
    "slate_to_candidates": {
        "H": [
            "H1",
            "H2",
            "H3",
            "H4",
            "H5"
        ],
        "NH": [
            "NH1",
            "NH2",
            "NH3",
            "NH4",
            "NH5"
        ]
    }
}