{
    "bloc_voter_props": {
        "H": [
            0.33219072520050114,
            0.2530359750793814,
            0.3067826176863967,
            0.5718598118161576,
            0.4275068617004101,
            0.39724386655070587,
            0.32691088670046975,
            0.38615150625717104,
            323450.0,
            280155.0,
            688917.0,
            413373.0,
            399083.0,
            963461.0,
            338989.0,
            836973.0,
            288505.0,
            639754.0,
            417157.0,
            738596.0
        ],
        "NH": [
            0.6678092747994989,
            0.7469640249206185,
            0.6932173823136033,
            0.42814018818384236,
            0.5724931382995899,
            0.6027561334492941,
            0.6730891132995303,
            0.6138484937428289,
            1275393.0,
            1336532.0,
            859939.0,
            1084668.0,
            1133004.0,
            525341.0,
            1222383.0,
            710668.0,
            1175809.0,
            872759.0,
            1167072.0,
            836232.0
        ]
    },
    "cohesion_parameters": {
        "H": {
            "H": 0.77,
            "NH": 0.23
        },
        "NH": {
            "H": 0.52,
            "NH": 0.48
        }
    },
    "alphas": {
        "H": {
            "H": 1,
            "NH": 1
        },
        "NH": {
            "H": 1,
            "NH": 1
        }
    },
    "slate_to_candidates": {
        "H": [
            "H1",
            "H2",
            "H3",
            "H4",
            "H5"
        ],
        "NH": [
            "NH1",
            "NH2",
            "NH3",
            "NH4",
            "NH5"
        ]
    }
}