{
    "bloc_voter_props": {
        "H": [
            0.33219072520050114,
            0.2530359750793814,
            0.3067826176863967,
            0.5718598118161576,
            0.4275068617004101,
            0.6368279802614493,
            0.18801721440912805,
            0.4077208274288566,
            323450.0,
            280155.0,
            688917.0,
            416546.0,
            410459.0,
            574723.0,
            324440.0,
            731788.0,
            600732.0,
            639754.0,
            417157.0,
            679110.0
        ],
        "NH": [
            0.6678092747994989,
            0.7469640249206185,
            0.6932173823136033,
            0.42814018818384236,
            0.5724931382995899,
            0.3631720197385508,
            0.811982785590872,
            0.5922791725711434,
            1275393.0,
            1336532.0,
            859939.0,
            1103813.0,
            1191634.0,
            934625.0,
            1144608.0,
            811743.0,
            872250.0,
            872759.0,
            1167072.0,
            791516.0
        ]
    },
    "cohesion_parameters": {
        "H": {
            "H": 0.77,
            "NH": 0.23
        },
        "NH": {
            "H": 0.52,
            "NH": 0.48
        }
    },
    "alphas": {
        "H": {
            "H": 1,
            "NH": 1
        },
        "NH": {
            "H": 1,
            "NH": 1
        }
    },
    "slate_to_candidates": {
        "H": [
            "H1",
            "H2",
            "H3",
            "H4",
            "H5"
        ],
        "NH": [
            "NH1",
            "NH2",
            "NH3",
            "NH4",
            "NH5"
        ]
    }
}