{
    "bloc_voter_props": {
        "H": [
            0.48976379244423524,
            0.3002329087830969,
            0.5684027267725141,
            0.271379184350319,
            0.3195853117007072,
            0.44360174186497336,
            0.2530250428396736,
            0.36603437329737254,
            281672.0,
            436090.0,
            398579.0,
            295087.0,
            598432.0,
            561642.0,
            736156.0,
            267489.0,
            290623.0,
            843010.0,
            765157.0,
            746337.0
        ],
        "NH": [
            0.5102362075557647,
            0.6997670912169031,
            0.4315972732274858,
            0.728620815649681,
            0.6804146882992927,
            0.5563982581350266,
            0.7469749571603265,
            0.6339656267026275,
            1297807.0,
            1065764.0,
            1081028.0,
            1210053.0,
            938650.0,
            918602.0,
            819264.0,
            1228297.0,
            1277415.0,
            730157.0,
            770279.0,
            812371.0
        ]
    },
    "cohesion_parameters": {
        "H": {
            "H": 0.77,
            "NH": 0.23
        },
        "NH": {
            "H": 0.52,
            "NH": 0.48
        }
    },
    "alphas": {
        "H": {
            "H": 1,
            "NH": 1
        },
        "NH": {
            "H": 1,
            "NH": 1
        }
    },
    "slate_to_candidates": {
        "H": [
            "H1",
            "H2",
            "H3",
            "H4",
            "H5"
        ],
        "NH": [
            "NH1",
            "NH2",
            "NH3",
            "NH4",
            "NH5"
        ]
    }
}