{
    "bloc_voter_props": {
        "H": [
            0.28434713531802513,
            0.4242487267382756,
            0.4716124937237701,
            0.49888160205747784,
            0.2886121717883708,
            0.488118165189893,
            0.49651484160638565,
            0.26010780386721527,
            452265.0,
            258586.0,
            639418.0,
            267487.0,
            480938.0,
            969259.0,
            445533.0,
            358393.0,
            295122.0,
            508245.0,
            760984.0,
            532943.0
        ],
        "NH": [
            0.7156528646819749,
            0.5757512732617244,
            0.5283875062762299,
            0.5011183979425221,
            0.7113878282116293,
            0.5118818348101071,
            0.5034851583936144,
            0.7398921961327848,
            1057634.0,
            1208302.0,
            892952.0,
            1289563.0,
            1125958.0,
            586203.0,
            1128440.0,
            1189371.0,
            1223314.0,
            1058952.0,
            724770.0,
            1037148.0
        ]
    },
    "cohesion_parameters": {
        "H": {
            "H": 0.77,
            "NH": 0.23
        },
        "NH": {
            "H": 0.52,
            "NH": 0.48
        }
    },
    "alphas": {
        "H": {
            "H": 1,
            "NH": 1
        },
        "NH": {
            "H": 1,
            "NH": 1
        }
    },
    "slate_to_candidates": {
        "H": [
            "H1",
            "H2",
            "H3",
            "H4",
            "H5"
        ],
        "NH": [
            "NH1",
            "NH2",
            "NH3",
            "NH4",
            "NH5"
        ]
    }
}