{
    "bloc_voter_props": {
        "H": [
            0.234280139707347,
            0.1865735127249149,
            0.5042524484256944,
            0.27179258054332295,
            0.19327869065756464,
            0.519244978298173,
            0.4720653248700201,
            0.2024979923473003,
            944389.0,
            296138.0,
            719588.0,
            301780.0,
            573166.0,
            513707.0,
            695529.0,
            543258.0,
            665430.0,
            591424.0,
            539003.0,
            588119.0
        ],
        "NH": [
            0.765719860292653,
            0.8134264872750852,
            0.4957475515743056,
            0.728207419456677,
            0.8067213093424354,
            0.480755021701827,
            0.5279346751299799,
            0.7975020076526997,
            522966.0,
            1224287.0,
            864901.0,
            1184725.0,
            919906.0,
            1048037.0,
            772117.0,
            1071432.0,
            938302.0,
            899490.0,
            1056541.0,
            971045.0
        ]
    },
    "cohesion_parameters": {
        "H": {
            "H": 0.77,
            "NH": 0.23
        },
        "NH": {
            "H": 0.52,
            "NH": 0.48
        }
    },
    "alphas": {
        "H": {
            "H": 1,
            "NH": 1
        },
        "NH": {
            "H": 1,
            "NH": 1
        }
    },
    "slate_to_candidates": {
        "H": [
            "H1",
            "H2",
            "H3",
            "H4",
            "H5"
        ],
        "NH": [
            "NH1",
            "NH2",
            "NH3",
            "NH4",
            "NH5"
        ]
    }
}