{
    "bloc_voter_props": {
        "H": [
            0.32622979679648323,
            0.2530359750793814,
            0.3130819814317047,
            0.6560633064122843,
            0.48872667139144815,
            0.36608817254764053,
            0.46029725168538455,
            0.4189952438565091,
            299057.0,
            280155.0,
            695616.0,
            413373.0,
            399829.0,
            632776.0,
            338243.0,
            610206.0,
            310909.0,
            647998.0,
            417157.0,
            890227.0
        ],
        "NH": [
            0.6737702032035168,
            0.7469640249206185,
            0.6869180185682954,
            0.3439366935877158,
            0.5112733286085519,
            0.6339118274523594,
            0.5397027483146154,
            0.5810047561434909,
            1234386.0,
            1336532.0,
            887413.0,
            1084668.0,
            1174885.0,
            881466.0,
            1180502.0,
            869120.0,
            1220323.0,
            872156.0,
            1167072.0,
            721744.0
        ]
    },
    "cohesion_parameters": {
        "H": {
            "H": 0.77,
            "NH": 0.23
        },
        "NH": {
            "H": 0.52,
            "NH": 0.48
        }
    },
    "alphas": {
        "H": {
            "H": 1,
            "NH": 1
        },
        "NH": {
            "H": 1,
            "NH": 1
        }
    },
    "slate_to_candidates": {
        "H": [
            "H1",
            "H2",
            "H3",
            "H4",
            "H5"
        ],
        "NH": [
            "NH1",
            "NH2",
            "NH3",
            "NH4",
            "NH5"
        ]
    }
}