{
    "bloc_voter_props": {
        "H": [
            0.28434713531802513,
            0.4242487267382756,
            0.29475807962425166,
            0.5075338909757703,
            0.4742067743161573,
            0.45304870746670006,
            0.5303547971836906,
            0.3672271436626014,
            568503.0,
            264048.0,
            636290.0,
            267487.0,
            312965.0,
            959043.0,
            445533.0,
            358393.0,
            341395.0,
            508245.0,
            779477.0,
            350005.0
        ],
        "NH": [
            0.7156528646819749,
            0.5757512732617244,
            0.7052419203757483,
            0.4924661090242297,
            0.5257932256838427,
            0.5469512925333,
            0.4696452028163094,
            0.6327728563373985,
            928798.0,
            1230589.0,
            864348.0,
            1289563.0,
            1279385.0,
            555257.0,
            1128440.0,
            1189371.0,
            1176436.0,
            1058952.0,
            770037.0,
            1186976.0
        ]
    },
    "cohesion_parameters": {
        "H": {
            "H": 0.77,
            "NH": 0.23
        },
        "NH": {
            "H": 0.52,
            "NH": 0.48
        }
    },
    "alphas": {
        "H": {
            "H": 1,
            "NH": 1
        },
        "NH": {
            "H": 1,
            "NH": 1
        }
    },
    "slate_to_candidates": {
        "H": [
            "H1",
            "H2",
            "H3",
            "H4",
            "H5"
        ],
        "NH": [
            "NH1",
            "NH2",
            "NH3",
            "NH4",
            "NH5"
        ]
    }
}