{
    "bloc_voter_props": {
        "H": [
            0.5536680504405741,
            0.39753596378420003,
            0.3642544943957445,
            0.37925410488227107,
            0.3730814921153346,
            0.4183118934374924,
            0.17066233109841292,
            0.4399466072456982,
            381873.0,
            307717.0,
            667861.0,
            293374.0,
            534129.0,
            370068.0,
            730525.0,
            593139.0,
            333507.0,
            626866.0,
            445180.0,
            861216.0
        ],
        "NH": [
            0.44633194955942584,
            0.6024640362158,
            0.6357455056042556,
            0.6207458951177289,
            0.6269185078846654,
            0.5816881065625076,
            0.8293376689015871,
            0.5600533927543019,
            1205313.0,
            1304989.0,
            948693.0,
            1196502.0,
            962171.0,
            1124725.0,
            742891.0,
            893718.0,
            1148478.0,
            899714.0,
            1131431.0,
            749970.0
        ]
    },
    "cohesion_parameters": {
        "H": {
            "H": 0.77,
            "NH": 0.23
        },
        "NH": {
            "H": 0.52,
            "NH": 0.48
        }
    },
    "alphas": {
        "H": {
            "H": 1,
            "NH": 1
        },
        "NH": {
            "H": 1,
            "NH": 1
        }
    },
    "slate_to_candidates": {
        "H": [
            "H1",
            "H2",
            "H3",
            "H4",
            "H5"
        ],
        "NH": [
            "NH1",
            "NH2",
            "NH3",
            "NH4",
            "NH5"
        ]
    }
}