{
    "bloc_voter_props": {
        "H": [
            0.24569108097582668,
            0.5350100045487173,
            0.6154715185343288,
            0.4012599678421659,
            0.34765092166757355,
            0.14987130324484604,
            0.4269775706630742,
            0.2936810734684196,
            338798.0,
            734079.0,
            654288.0,
            356419.0,
            597354.0,
            395018.0,
            707149.0,
            585177.0,
            626576.0,
            321930.0,
            700140.0,
            284305.0
        ],
        "NH": [
            0.7543089190241733,
            0.4649899954512827,
            0.3845284814656712,
            0.5987400321578341,
            0.6523490783324265,
            0.8501286967551539,
            0.5730224293369258,
            0.7063189265315805,
            1211749.0,
            734819.0,
            923549.0,
            1215982.0,
            890413.0,
            1156543.0,
            786501.0,
            992730.0,
            888523.0,
            1278516.0,
            829342.0,
            1332782.0
        ]
    },
    "cohesion_parameters": {
        "H": {
            "H": 0.77,
            "NH": 0.23
        },
        "NH": {
            "H": 0.52,
            "NH": 0.48
        }
    },
    "alphas": {
        "H": {
            "H": 1,
            "NH": 1
        },
        "NH": {
            "H": 1,
            "NH": 1
        }
    },
    "slate_to_candidates": {
        "H": [
            "H1",
            "H2",
            "H3",
            "H4",
            "H5"
        ],
        "NH": [
            "NH1",
            "NH2",
            "NH3",
            "NH4",
            "NH5"
        ]
    }
}