{
    "bloc_voter_props": {
        "H": [
            0.3930201026949022,
            0.30499153196722095,
            0.46345587318037446,
            0.22584394045848924,
            0.5243000592433669,
            0.3796819790261767,
            0.173591363230263,
            0.5009173070907416,
            348504.0,
            274617.0,
            765946.0,
            313791.0,
            444105.0,
            293860.0,
            951512.0,
            474696.0,
            455856.0,
            751372.0,
            647525.0,
            632301.0
        ],
        "NH": [
            0.6069798973050978,
            0.695008468032779,
            0.5365441268196256,
            0.7741560595415108,
            0.47569994075663313,
            0.6203180209738233,
            0.826408636769737,
            0.49908269290925844,
            1229474.0,
            1250830.0,
            800347.0,
            1219765.0,
            1146943.0,
            1261032.0,
            582867.0,
            1040677.0,
            1133575.0,
            837827.0,
            828643.0,
            881626.0
        ]
    },
    "cohesion_parameters": {
        "H": {
            "H": 0.77,
            "NH": 0.23
        },
        "NH": {
            "H": 0.52,
            "NH": 0.48
        }
    },
    "alphas": {
        "H": {
            "H": 1,
            "NH": 1
        },
        "NH": {
            "H": 1,
            "NH": 1
        }
    },
    "slate_to_candidates": {
        "H": [
            "H1",
            "H2",
            "H3",
            "H4",
            "H5"
        ],
        "NH": [
            "NH1",
            "NH2",
            "NH3",
            "NH4",
            "NH5"
        ]
    }
}