{
    "bloc_voter_props": {
        "H": [
            0.22989846900129304,
            0.20122995407807964,
            0.5042524484256944,
            0.27179258054332295,
            0.19144408030289917,
            0.519244978298173,
            0.4720653248700201,
            0.18967669083561156,
            594320.0,
            522727.0,
            1069657.0,
            325634.0,
            573166.0,
            263264.0,
            695529.0,
            543258.0,
            665430.0,
            591424.0,
            539003.0,
            606268.0
        ],
        "NH": [
            0.7701015309987069,
            0.7987700459219204,
            0.4957475515743056,
            0.728207419456677,
            0.8085559196971008,
            0.480755021701827,
            0.5279346751299799,
            0.8103233091643884,
            889481.0,
            1034661.0,
            498386.0,
            1203256.0,
            919906.0,
            1219132.0,
            772117.0,
            1071432.0,
            938302.0,
            899490.0,
            1056541.0,
            1001030.0
        ]
    },
    "cohesion_parameters": {
        "H": {
            "H": 0.77,
            "NH": 0.23
        },
        "NH": {
            "H": 0.52,
            "NH": 0.48
        }
    },
    "alphas": {
        "H": {
            "H": 1,
            "NH": 1
        },
        "NH": {
            "H": 1,
            "NH": 1
        }
    },
    "slate_to_candidates": {
        "H": [
            "H1",
            "H2",
            "H3",
            "H4",
            "H5"
        ],
        "NH": [
            "NH1",
            "NH2",
            "NH3",
            "NH4",
            "NH5"
        ]
    }
}