{
    "bloc_voter_props": {
        "H": [
            0.5536680504405741,
            0.39753596378420003,
            0.2972582842282329,
            0.441244879632601,
            0.46329984469519353,
            0.4415332980815351,
            0.1770790362567749,
            0.5015042628577385,
            381873.0,
            414557.0,
            490307.0,
            293374.0,
            534129.0,
            272550.0,
            897554.0,
            674251.0,
            331001.0,
            626866.0,
            445180.0,
            587778.0
        ],
        "NH": [
            0.44633194955942584,
            0.6024640362158,
            0.702741715771767,
            0.558755120367399,
            0.5367001553048064,
            0.5584667019184649,
            0.8229209637432251,
            0.4984957371422614,
            1205313.0,
            1195559.0,
            1124571.0,
            1196502.0,
            962171.0,
            1334689.0,
            633643.0,
            893805.0,
            1186984.0,
            899714.0,
            1131431.0,
            971896.0
        ]
    },
    "cohesion_parameters": {
        "H": {
            "H": 0.77,
            "NH": 0.23
        },
        "NH": {
            "H": 0.52,
            "NH": 0.48
        }
    },
    "alphas": {
        "H": {
            "H": 1,
            "NH": 1
        },
        "NH": {
            "H": 1,
            "NH": 1
        }
    },
    "slate_to_candidates": {
        "H": [
            "H1",
            "H2",
            "H3",
            "H4",
            "H5"
        ],
        "NH": [
            "NH1",
            "NH2",
            "NH3",
            "NH4",
            "NH5"
        ]
    }
}