{
    "bloc_voter_props": {
        "H": [
            0.3306574455321782,
            0.2502547340922738,
            0.5802138460168346,
            0.4752247801263975,
            0.3049349959870989,
            0.3581909911630479,
            0.5303547971836906,
            0.3869461975255191,
            588450.0,
            338413.0,
            803469.0,
            265758.0,
            295190.0,
            593430.0,
            452574.0,
            288130.0,
            329809.0,
            748925.0,
            681156.0,
            640752.0
        ],
        "NH": [
            0.6693425544678219,
            0.7497452659077262,
            0.41978615398316543,
            0.5247752198736025,
            0.695065004012901,
            0.641809008836952,
            0.4696452028163094,
            0.6130538024744808,
            1024132.0,
            1136985.0,
            798015.0,
            1293648.0,
            1249071.0,
            1016998.0,
            1123652.0,
            1247577.0,
            1147517.0,
            754076.0,
            791434.0,
            924222.0
        ]
    },
    "cohesion_parameters": {
        "H": {
            "H": 0.77,
            "NH": 0.23
        },
        "NH": {
            "H": 0.52,
            "NH": 0.48
        }
    },
    "alphas": {
        "H": {
            "H": 1,
            "NH": 1
        },
        "NH": {
            "H": 1,
            "NH": 1
        }
    },
    "slate_to_candidates": {
        "H": [
            "H1",
            "H2",
            "H3",
            "H4",
            "H5"
        ],
        "NH": [
            "NH1",
            "NH2",
            "NH3",
            "NH4",
            "NH5"
        ]
    }
}