{
    "bloc_voter_props": {
        "H": [
            0.4995475141460543,
            0.5866394128659861,
            0.2896477491056828,
            0.2430167485949434,
            0.32911813245801225,
            0.5274712312416474,
            0.2727893202845072,
            0.3790249509591893,
            358910.0,
            339336.0,
            645185.0,
            267903.0,
            748639.0,
            688898.0,
            564852.0,
            311520.0,
            271011.0,
            524350.0,
            768637.0,
            620969.0
        ],
        "NH": [
            0.5004524858539457,
            0.41336058713401386,
            0.7103522508943172,
            0.7569832514050566,
            0.6708818675419878,
            0.47252876875835265,
            0.7272106797154928,
            0.6209750490408107,
            1172909.0,
            1181181.0,
            886937.0,
            1290073.0,
            807231.0,
            846006.0,
            990289.0,
            1232027.0,
            1221502.0,
            980873.0,
            788636.0,
            986997.0
        ]
    },
    "cohesion_parameters": {
        "H": {
            "H": 0.77,
            "NH": 0.23
        },
        "NH": {
            "H": 0.52,
            "NH": 0.48
        }
    },
    "alphas": {
        "H": {
            "H": 1,
            "NH": 1
        },
        "NH": {
            "H": 1,
            "NH": 1
        }
    },
    "slate_to_candidates": {
        "H": [
            "H1",
            "H2",
            "H3",
            "H4",
            "H5"
        ],
        "NH": [
            "NH1",
            "NH2",
            "NH3",
            "NH4",
            "NH5"
        ]
    }
}