{
    "bloc_voter_props": {
        "H": [
            0.43143825270565583,
            0.38528888122198823,
            0.6306838983671378,
            0.36445986154151877,
            0.46215977832217214,
            0.2186881886333183,
            0.3973723673675797,
            0.2044511217570151,
            679240.0,
            679791.0,
            647796.0,
            370372.0,
            238938.0,
            273257.0,
            390229.0,
            538288.0,
            886654.0,
            437901.0,
            547331.0,
            495786.0
        ],
        "NH": [
            0.5685617472943442,
            0.6147111187780118,
            0.36931610163286227,
            0.6355401384584812,
            0.5378402216778279,
            0.7813118113666817,
            0.6026276326324204,
            0.7955488782429849,
            836539.0,
            806722.0,
            901682.0,
            1214781.0,
            1262058.0,
            1312694.0,
            1102033.0,
            1058733.0,
            712993.0,
            1119327.0,
            981121.0,
            981762.0
        ]
    },
    "cohesion_parameters": {
        "H": {
            "H": 0.77,
            "NH": 0.23
        },
        "NH": {
            "H": 0.52,
            "NH": 0.48
        }
    },
    "alphas": {
        "H": {
            "H": 1,
            "NH": 1
        },
        "NH": {
            "H": 1,
            "NH": 1
        }
    },
    "slate_to_candidates": {
        "H": [
            "H1",
            "H2",
            "H3",
            "H4",
            "H5"
        ],
        "NH": [
            "NH1",
            "NH2",
            "NH3",
            "NH4",
            "NH5"
        ]
    }
}