{
    "bloc_voter_props": {
        "H": [
            0.39385164335534695,
            0.398524112968905,
            0.4966141391850062,
            0.49585620795579954,
            0.38157727006428577,
            0.17149098387478612,
            0.3632336225965629,
            0.44467129719409704,
            621723.0,
            417854.0,
            654316.0,
            297292.0,
            337014.0,
            356472.0,
            787277.0,
            470096.0,
            821535.0,
            432091.0,
            581176.0,
            369262.0
        ],
        "NH": [
            0.606148356644653,
            0.601475887031095,
            0.5033858608149938,
            0.5041437920442005,
            0.6184227299357142,
            0.8285090161252139,
            0.6367663774034371,
            0.555328702805903,
            925311.0,
            1098731.0,
            822371.0,
            1275806.0,
            1271134.0,
            1251276.0,
            701713.0,
            1144014.0,
            715421.0,
            1125549.0,
            1006050.0,
            1175646.0
        ]
    },
    "cohesion_parameters": {
        "H": {
            "H": 0.77,
            "NH": 0.23
        },
        "NH": {
            "H": 0.52,
            "NH": 0.48
        }
    },
    "alphas": {
        "H": {
            "H": 1,
            "NH": 1
        },
        "NH": {
            "H": 1,
            "NH": 1
        }
    },
    "slate_to_candidates": {
        "H": [
            "H1",
            "H2",
            "H3",
            "H4",
            "H5"
        ],
        "NH": [
            "NH1",
            "NH2",
            "NH3",
            "NH4",
            "NH5"
        ]
    }
}