{
    "bloc_voter_props": {
        "H": [
            0.24569108097582668,
            0.5350100045487173,
            0.6154715185343288,
            0.4012599678421659,
            0.42046696805225997,
            0.20343371194796755,
            0.35124369621915313,
            0.28668700501833516,
            334504.0,
            748797.0,
            354051.0,
            268363.0,
            582636.0,
            395018.0,
            707149.0,
            585177.0,
            626576.0,
            622167.0,
            700140.0,
            284305.0
        ],
        "NH": [
            0.7543089190241733,
            0.4649899954512827,
            0.3845284814656712,
            0.5987400321578341,
            0.57953303194774,
            0.7965662880520324,
            0.6487563037808468,
            0.7133129949816649,
            1163319.0,
            737597.0,
            1218993.0,
            1283015.0,
            887635.0,
            1156543.0,
            786501.0,
            992730.0,
            888523.0,
            983072.0,
            829342.0,
            1332782.0
        ]
    },
    "cohesion_parameters": {
        "H": {
            "H": 0.77,
            "NH": 0.23
        },
        "NH": {
            "H": 0.52,
            "NH": 0.48
        }
    },
    "alphas": {
        "H": {
            "H": 1,
            "NH": 1
        },
        "NH": {
            "H": 1,
            "NH": 1
        }
    },
    "slate_to_candidates": {
        "H": [
            "H1",
            "H2",
            "H3",
            "H4",
            "H5"
        ],
        "NH": [
            "NH1",
            "NH2",
            "NH3",
            "NH4",
            "NH5"
        ]
    }
}