{
    "bloc_voter_props": {
        "H": [
            0.4461549156206425,
            0.3917870318775463,
            0.3915725447629106,
            0.34808526850845156,
            0.27653383808112764,
            0.41935924550449805,
            0.2117960468835001,
            0.48888393267818697,
            329212.0,
            281263.0,
            787263.0,
            287451.0,
            628746.0,
            397585.0,
            870269.0,
            352494.0,
            579934.0,
            596446.0,
            475600.0,
            776289.0
        ],
        "NH": [
            0.5538450843793575,
            0.6082129681224536,
            0.6084274552370894,
            0.6519147314915484,
            0.7234661619188724,
            0.580640754495502,
            0.7882039531164999,
            0.511116067321813,
            1207154.0,
            1328556.0,
            721048.0,
            1184783.0,
            931856.0,
            1193804.0,
            699106.0,
            1148715.0,
            924805.0,
            916260.0,
            1114885.0,
            782062.0
        ]
    },
    "cohesion_parameters": {
        "H": {
            "H": 0.77,
            "NH": 0.23
        },
        "NH": {
            "H": 0.52,
            "NH": 0.48
        }
    },
    "alphas": {
        "H": {
            "H": 1,
            "NH": 1
        },
        "NH": {
            "H": 1,
            "NH": 1
        }
    },
    "slate_to_candidates": {
        "H": [
            "H1",
            "H2",
            "H3",
            "H4",
            "H5"
        ],
        "NH": [
            "NH1",
            "NH2",
            "NH3",
            "NH4",
            "NH5"
        ]
    }
}