{
    "bloc_voter_props": {
        "H": [
            0.234280139707347,
            0.1865735127249149,
            0.5130882317901309,
            0.32119080541305023,
            0.19327869065756464,
            0.519244978298173,
            0.4720653248700201,
            0.2024979923473003,
            933309.0,
            296138.0,
            719588.0,
            301780.0,
            573166.0,
            513707.0,
            695529.0,
            543258.0,
            562846.0,
            550624.0,
            579803.0,
            588119.0
        ],
        "NH": [
            0.765719860292653,
            0.8134264872750852,
            0.4869117682098692,
            0.6788091945869498,
            0.8067213093424354,
            0.480755021701827,
            0.5279346751299799,
            0.7975020076526997,
            537812.0,
            1224287.0,
            864901.0,
            1184725.0,
            919906.0,
            1048037.0,
            772117.0,
            1071432.0,
            951441.0,
            1047827.0,
            908204.0,
            971045.0
        ]
    },
    "cohesion_parameters": {
        "H": {
            "H": 0.77,
            "NH": 0.23
        },
        "NH": {
            "H": 0.52,
            "NH": 0.48
        }
    },
    "alphas": {
        "H": {
            "H": 1,
            "NH": 1
        },
        "NH": {
            "H": 1,
            "NH": 1
        }
    },
    "slate_to_candidates": {
        "H": [
            "H1",
            "H2",
            "H3",
            "H4",
            "H5"
        ],
        "NH": [
            "NH1",
            "NH2",
            "NH3",
            "NH4",
            "NH5"
        ]
    }
}