{
    "bloc_voter_props": {
        "H": [
            0.28403162476961946,
            0.5350100045487173,
            0.589561761922369,
            0.3486256189526359,
            0.34765092166757355,
            0.14987130324484604,
            0.4269775706630742,
            0.2936810734684196,
            338798.0,
            640779.0,
            654288.0,
            316040.0,
            731033.0,
            395018.0,
            707149.0,
            585177.0,
            699476.0,
            321930.0,
            700140.0,
            284305.0
        ],
        "NH": [
            0.7159683752303805,
            0.4649899954512827,
            0.410438238077631,
            0.6513743810473641,
            0.6523490783324265,
            0.8501286967551539,
            0.5730224293369258,
            0.7063189265315805,
            1211749.0,
            938658.0,
            923549.0,
            1165307.0,
            737249.0,
            1156543.0,
            786501.0,
            992730.0,
            802381.0,
            1278516.0,
            829342.0,
            1332782.0
        ]
    },
    "cohesion_parameters": {
        "H": {
            "H": 0.77,
            "NH": 0.23
        },
        "NH": {
            "H": 0.52,
            "NH": 0.48
        }
    },
    "alphas": {
        "H": {
            "H": 1,
            "NH": 1
        },
        "NH": {
            "H": 1,
            "NH": 1
        }
    },
    "slate_to_candidates": {
        "H": [
            "H1",
            "H2",
            "H3",
            "H4",
            "H5"
        ],
        "NH": [
            "NH1",
            "NH2",
            "NH3",
            "NH4",
            "NH5"
        ]
    }
}