{
    "bloc_voter_props": {
        "H": [
            0.3774205203221737,
            0.4096432354141776,
            0.5205891109200943,
            0.4084942013754448,
            0.34042666601893534,
            0.2965921162933547,
            0.42967706192706356,
            0.21412048108949552,
            265444.0,
            314622.0,
            720644.0,
            232477.0,
            444105.0,
            335079.0,
            659605.0,
            722280.0,
            671477.0,
            487401.0,
            521050.0,
            903338.0
        ],
        "NH": [
            0.6225794796778262,
            0.5903567645858224,
            0.47941088907990576,
            0.5915057986245552,
            0.6595733339810647,
            0.7034078837066453,
            0.5703229380729364,
            0.7858795189105044,
            1241736.0,
            1161892.0,
            812338.0,
            1287671.0,
            1146943.0,
            1211305.0,
            902576.0,
            825608.0,
            849433.0,
            1078126.0,
            970737.0,
            619102.0
        ]
    },
    "cohesion_parameters": {
        "H": {
            "H": 0.77,
            "NH": 0.23
        },
        "NH": {
            "H": 0.52,
            "NH": 0.48
        }
    },
    "alphas": {
        "H": {
            "H": 1,
            "NH": 1
        },
        "NH": {
            "H": 1,
            "NH": 1
        }
    },
    "slate_to_candidates": {
        "H": [
            "H1",
            "H2",
            "H3",
            "H4",
            "H5"
        ],
        "NH": [
            "NH1",
            "NH2",
            "NH3",
            "NH4",
            "NH5"
        ]
    }
}