{
    "bloc_voter_props": {
        "H": [
            0.4276038977993658,
            0.3826835175934355,
            0.25793831119358257,
            0.4067306046582252,
            0.4667372677385193,
            0.18441791988617276,
            0.35578396677206403,
            0.22090541458333074,
            657710.0,
            640026.0,
            652822.0,
            354157.0,
            309322.0,
            273866.0,
            964722.0,
            471071.0,
            837948.0,
            497915.0,
            689766.0,
            482132.0
        ],
        "NH": [
            0.5723961022006342,
            0.6173164824065646,
            0.7420616888064174,
            0.5932693953417748,
            0.5332627322614807,
            0.8155820801138273,
            0.644216033227936,
            0.7790945854166692,
            888028.0,
            969203.0,
            908849.0,
            1213000.0,
            1283514.0,
            1318918.0,
            593078.0,
            1132444.0,
            704276.0,
            1009177.0,
            810343.0,
            984569.0
        ]
    },
    "cohesion_parameters": {
        "H": {
            "H": 0.77,
            "NH": 0.23
        },
        "NH": {
            "H": 0.52,
            "NH": 0.48
        }
    },
    "alphas": {
        "H": {
            "H": 1,
            "NH": 1
        },
        "NH": {
            "H": 1,
            "NH": 1
        }
    },
    "slate_to_candidates": {
        "H": [
            "H1",
            "H2",
            "H3",
            "H4",
            "H5"
        ],
        "NH": [
            "NH1",
            "NH2",
            "NH3",
            "NH4",
            "NH5"
        ]
    }
}