{
    "bloc_voter_props": {
        "H": [
            0.4054040185043118,
            0.4649272080212073,
            0.5143341673906145,
            0.4924911803133189,
            0.6039852554776226,
            0.3172881771371379,
            0.2292382607512177,
            0.2542930024563834,
            323450.0,
            353365.0,
            472651.0,
            916246.0,
            379135.0,
            565299.0,
            454829.0,
            294557.0,
            293896.0,
            403118.0,
            684560.0,
            695557.0
        ],
        "NH": [
            0.5945959814956883,
            0.5350727919787928,
            0.4856658326093855,
            0.507508819686681,
            0.39601474452237734,
            0.682711822862862,
            0.7707617392487823,
            0.7457069975436166,
            1275393.0,
            1144321.0,
            1047636.0,
            665023.0,
            1208321.0,
            946147.0,
            1042642.0,
            1219475.0,
            1204521.0,
            1153744.0,
            803220.0,
            813691.0
        ]
    },
    "cohesion_parameters": {
        "H": {
            "H": 0.77,
            "NH": 0.23
        },
        "NH": {
            "H": 0.52,
            "NH": 0.48
        }
    },
    "alphas": {
        "H": {
            "H": 1,
            "NH": 1
        },
        "NH": {
            "H": 1,
            "NH": 1
        }
    },
    "slate_to_candidates": {
        "H": [
            "H1",
            "H2",
            "H3",
            "H4",
            "H5"
        ],
        "NH": [
            "NH1",
            "NH2",
            "NH3",
            "NH4",
            "NH5"
        ]
    }
}