{
    "bloc_voter_props": {
        "H": [
            0.44555185780141515,
            0.2530359750793814,
            0.31165168172892843,
            0.5718598118161576,
            0.27690419386958987,
            0.6392725379730283,
            0.18801721440912805,
            0.4028739922796905,
            323450.0,
            280155.0,
            519966.0,
            399346.0,
            376452.0,
            574723.0,
            550080.0,
            803891.0,
            354196.0,
            660280.0,
            650034.0,
            679110.0
        ],
        "NH": [
            0.5544481421985848,
            0.7469640249206185,
            0.6883483182710716,
            0.42814018818384236,
            0.7230958061304101,
            0.3607274620269717,
            0.811982785590872,
            0.5971260077203095,
            1275393.0,
            1336532.0,
            1068608.0,
            1146968.0,
            1199049.0,
            934625.0,
            960292.0,
            702615.0,
            1115124.0,
            905858.0,
            933026.0,
            791516.0
        ]
    },
    "cohesion_parameters": {
        "H": {
            "H": 0.77,
            "NH": 0.23
        },
        "NH": {
            "H": 0.52,
            "NH": 0.48
        }
    },
    "alphas": {
        "H": {
            "H": 1,
            "NH": 1
        },
        "NH": {
            "H": 1,
            "NH": 1
        }
    },
    "slate_to_candidates": {
        "H": [
            "H1",
            "H2",
            "H3",
            "H4",
            "H5"
        ],
        "NH": [
            "NH1",
            "NH2",
            "NH3",
            "NH4",
            "NH5"
        ]
    }
}