{
    "bloc_voter_props": {
        "H": [
            0.22722141674246588,
            0.4242487267382756,
            0.49889570935445077,
            0.47163547078275314,
            0.34420298858176485,
            0.47905359794788716,
            0.2728984812064835,
            0.26010780386721527,
            452265.0,
            258586.0,
            952858.0,
            267487.0,
            480938.0,
            655819.0,
            800219.0,
            358393.0,
            295122.0,
            508245.0,
            760984.0,
            532943.0
        ],
        "NH": [
            0.7727785832575341,
            0.5757512732617244,
            0.5011042906455493,
            0.5283645292172469,
            0.6557970114182351,
            0.5209464020521128,
            0.7271015187935165,
            0.7398921961327848,
            1057634.0,
            1208302.0,
            664870.0,
            1289563.0,
            1125958.0,
            814285.0,
            787037.0,
            1189371.0,
            1223314.0,
            1058952.0,
            724770.0,
            1037148.0
        ]
    },
    "cohesion_parameters": {
        "H": {
            "H": 0.77,
            "NH": 0.23
        },
        "NH": {
            "H": 0.52,
            "NH": 0.48
        }
    },
    "alphas": {
        "H": {
            "H": 1,
            "NH": 1
        },
        "NH": {
            "H": 1,
            "NH": 1
        }
    },
    "slate_to_candidates": {
        "H": [
            "H1",
            "H2",
            "H3",
            "H4",
            "H5"
        ],
        "NH": [
            "NH1",
            "NH2",
            "NH3",
            "NH4",
            "NH5"
        ]
    }
}