{
    "bloc_voter_props": {
        "H": [
            0.3620948980545942,
            0.31549380732892296,
            0.22811068242514168,
            0.4007737202790963,
            0.4154539210992663,
            0.28635987168588967,
            0.25985964870225986,
            0.7001983719816677,
            323450.0,
            343752.0,
            699652.0,
            862397.0,
            269652.0,
            538841.0,
            486635.0,
            404040.0,
            285637.0,
            518578.0,
            825122.0,
            782228.0
        ],
        "NH": [
            0.6379051019454058,
            0.684506192671077,
            0.7718893175748583,
            0.5992262797209037,
            0.5845460789007336,
            0.7136401283141103,
            0.7401403512977401,
            0.2998016280183323,
            1275393.0,
            1193077.0,
            883666.0,
            748631.0,
            1328883.0,
            949891.0,
            989716.0,
            1098913.0,
            1191487.0,
            1025131.0,
            732286.0,
            813878.0
        ]
    },
    "cohesion_parameters": {
        "H": {
            "H": 0.77,
            "NH": 0.23
        },
        "NH": {
            "H": 0.52,
            "NH": 0.48
        }
    },
    "alphas": {
        "H": {
            "H": 1,
            "NH": 1
        },
        "NH": {
            "H": 1,
            "NH": 1
        }
    },
    "slate_to_candidates": {
        "H": [
            "H1",
            "H2",
            "H3",
            "H4",
            "H5"
        ],
        "NH": [
            "NH1",
            "NH2",
            "NH3",
            "NH4",
            "NH5"
        ]
    }
}