{
    "bloc_voter_props": {
        "H": [
            0.22722141674246588,
            0.5907586142872615,
            0.515211112815008,
            0.4666986083199134,
            0.34420298858176485,
            0.32852913543363504,
            0.2728984812064835,
            0.26010780386721527,
            361857.0,
            288639.0,
            468805.0,
            267487.0,
            572662.0,
            655819.0,
            798903.0,
            358393.0,
            265069.0,
            710909.0,
            764572.0,
            756564.0
        ],
        "NH": [
            0.7727785832575341,
            0.4092413857127385,
            0.4847888871849921,
            0.5333013916800866,
            0.6557970114182351,
            0.671470864566365,
            0.7271015187935165,
            0.7398921961327848,
            1165467.0,
            1207373.0,
            1085899.0,
            1289563.0,
            1016194.0,
            814285.0,
            788968.0,
            1189371.0,
            1224243.0,
            890210.0,
            764359.0,
            815457.0
        ]
    },
    "cohesion_parameters": {
        "H": {
            "H": 0.77,
            "NH": 0.23
        },
        "NH": {
            "H": 0.52,
            "NH": 0.48
        }
    },
    "alphas": {
        "H": {
            "H": 1,
            "NH": 1
        },
        "NH": {
            "H": 1,
            "NH": 1
        }
    },
    "slate_to_candidates": {
        "H": [
            "H1",
            "H2",
            "H3",
            "H4",
            "H5"
        ],
        "NH": [
            "NH1",
            "NH2",
            "NH3",
            "NH4",
            "NH5"
        ]
    }
}