{
    "bloc_voter_props": {
        "H": [
            0.42815216605100154,
            0.222556078082638,
            0.4966141391850062,
            0.42368540403166827,
            0.2859579898066002,
            0.38983649758991856,
            0.3444385564024314,
            0.5150907477604765,
            646716.0,
            535849.0,
            654316.0,
            325634.0,
            275233.0,
            299863.0,
            755304.0,
            619670.0,
            820794.0,
            468460.0,
            431602.0,
            356238.0
        ],
        "NH": [
            0.5718478339489985,
            0.777443921917362,
            0.5033858608149938,
            0.5763145959683318,
            0.7140420101933997,
            0.6101635024100814,
            0.6555614435975686,
            0.4849092522395235,
            898133.0,
            1051270.0,
            822371.0,
            1203256.0,
            1303147.0,
            1277909.0,
            716519.0,
            977132.0,
            712509.0,
            1005954.0,
            1172932.0,
            1235397.0
        ]
    },
    "cohesion_parameters": {
        "H": {
            "H": 0.77,
            "NH": 0.23
        },
        "NH": {
            "H": 0.52,
            "NH": 0.48
        }
    },
    "alphas": {
        "H": {
            "H": 1,
            "NH": 1
        },
        "NH": {
            "H": 1,
            "NH": 1
        }
    },
    "slate_to_candidates": {
        "H": [
            "H1",
            "H2",
            "H3",
            "H4",
            "H5"
        ],
        "NH": [
            "NH1",
            "NH2",
            "NH3",
            "NH4",
            "NH5"
        ]
    }
}