{
    "bloc_voter_props": {
        "H": [
            0.36337776757100954,
            0.22374936671623985,
            0.3719643786251246,
            0.4967845680925741,
            0.5911624637255204,
            0.3581909911630479,
            0.5443458633257802,
            0.30688009192819,
            318869.0,
            426724.0,
            556209.0,
            266804.0,
            295190.0,
            567785.0,
            362025.0,
            367436.0,
            458659.0,
            772899.0,
            845463.0,
            632998.0
        ],
        "NH": [
            0.6366222324289905,
            0.7762506332837602,
            0.6280356213748753,
            0.5032154319074259,
            0.40883753627447955,
            0.641809008836952,
            0.4556541366742198,
            0.69311990807181,
            1223790.0,
            1151307.0,
            1053448.0,
            1269893.0,
            1249071.0,
            973096.0,
            1185320.0,
            1119414.0,
            1010506.0,
            736034.0,
            643141.0,
            906906.0
        ]
    },
    "cohesion_parameters": {
        "H": {
            "H": 0.77,
            "NH": 0.23
        },
        "NH": {
            "H": 0.52,
            "NH": 0.48
        }
    },
    "alphas": {
        "H": {
            "H": 1,
            "NH": 1
        },
        "NH": {
            "H": 1,
            "NH": 1
        }
    },
    "slate_to_candidates": {
        "H": [
            "H1",
            "H2",
            "H3",
            "H4",
            "H5"
        ],
        "NH": [
            "NH1",
            "NH2",
            "NH3",
            "NH4",
            "NH5"
        ]
    }
}