{
    "bloc_voter_props": {
        "H": [
            0.45621541338833993,
            0.4841738679423494,
            0.375315924626111,
            0.29959667775667187,
            0.4154656654197232,
            0.44019771718152584,
            0.4038504427129964,
            0.20630042209673863,
            314348.0,
            373759.0,
            761591.0,
            370102.0,
            529030.0,
            320388.0,
            897554.0,
            802393.0,
            250681.0,
            475738.0,
            596308.0,
            455547.0
        ],
        "NH": [
            0.5437845866116601,
            0.5158261320576506,
            0.6246840753738889,
            0.7004033222433281,
            0.5845343345802768,
            0.5598022828184741,
            0.5961495572870036,
            0.7936995779032614,
            1233431.0,
            1215601.0,
            730336.0,
            1113923.0,
            950993.0,
            1213921.0,
            633643.0,
            734145.0,
            1296431.0,
            1018392.0,
            1012753.0,
            1074261.0
        ]
    },
    "cohesion_parameters": {
        "H": {
            "H": 0.77,
            "NH": 0.23
        },
        "NH": {
            "H": 0.52,
            "NH": 0.48
        }
    },
    "alphas": {
        "H": {
            "H": 1,
            "NH": 1
        },
        "NH": {
            "H": 1,
            "NH": 1
        }
    },
    "slate_to_candidates": {
        "H": [
            "H1",
            "H2",
            "H3",
            "H4",
            "H5"
        ],
        "NH": [
            "NH1",
            "NH2",
            "NH3",
            "NH4",
            "NH5"
        ]
    }
}