{
    "bloc_voter_props": {
        "H": [
            0.2499613815291849,
            0.539968277130136,
            0.364478520147369,
            0.38964800393674903,
            0.4682132480969848,
            0.18800124468677482,
            0.3928652629850055,
            0.2082673949824282,
            324210.0,
            349746.0,
            560284.0,
            264682.0,
            519310.0,
            419302.0,
            766672.0,
            743645.0,
            942307.0,
            457803.0,
            638204.0,
            656042.0
        ],
        "NH": [
            0.7500386184708151,
            0.4600317228698641,
            0.635521479852631,
            0.610351996063251,
            0.5317867519030152,
            0.8119987553132252,
            0.6071347370149944,
            0.7917326050175718,
            1142541.0,
            1260437.0,
            973789.0,
            1317486.0,
            1068855.0,
            1053127.0,
            773661.0,
            797075.0,
            600995.0,
            1134696.0,
            863842.0,
            889633.0
        ]
    },
    "cohesion_parameters": {
        "H": {
            "H": 0.77,
            "NH": 0.23
        },
        "NH": {
            "H": 0.52,
            "NH": 0.48
        }
    },
    "alphas": {
        "H": {
            "H": 1,
            "NH": 1
        },
        "NH": {
            "H": 1,
            "NH": 1
        }
    },
    "slate_to_candidates": {
        "H": [
            "H1",
            "H2",
            "H3",
            "H4",
            "H5"
        ],
        "NH": [
            "NH1",
            "NH2",
            "NH3",
            "NH4",
            "NH5"
        ]
    }
}