{
    "bloc_voter_props": {
        "H": [
            0.28434713531802513,
            0.4242487267382756,
            0.29475807962425166,
            0.49888160205747784,
            0.47430863583623406,
            0.4529339965649377,
            0.5303547971836906,
            0.37616455647324964,
            452265.0,
            258586.0,
            639418.0,
            267487.0,
            480938.0,
            969259.0,
            445533.0,
            358393.0,
            295122.0,
            508245.0,
            760984.0,
            350005.0
        ],
        "NH": [
            0.7156528646819749,
            0.5757512732617244,
            0.7052419203757483,
            0.5011183979425221,
            0.5256913641637659,
            0.5470660034350623,
            0.4696452028163094,
            0.6238354435267504,
            1057634.0,
            1208302.0,
            892952.0,
            1289563.0,
            1125958.0,
            586203.0,
            1128440.0,
            1189371.0,
            1223314.0,
            1058952.0,
            724770.0,
            1186976.0
        ]
    },
    "cohesion_parameters": {
        "H": {
            "H": 0.77,
            "NH": 0.23
        },
        "NH": {
            "H": 0.52,
            "NH": 0.48
        }
    },
    "alphas": {
        "H": {
            "H": 1,
            "NH": 1
        },
        "NH": {
            "H": 1,
            "NH": 1
        }
    },
    "slate_to_candidates": {
        "H": [
            "H1",
            "H2",
            "H3",
            "H4",
            "H5"
        ],
        "NH": [
            "NH1",
            "NH2",
            "NH3",
            "NH4",
            "NH5"
        ]
    }
}