{
    "bloc_voter_props": {
        "H": [
            0.43267389223338765,
            0.20122995407807964,
            0.31317685416817487,
            0.29670475270057517,
            0.19144408030289917,
            0.5023339227728101,
            0.4328274334273549,
            0.3814363111291439,
            715544.0,
            564775.0,
            948433.0,
            325634.0,
            313804.0,
            379903.0,
            827485.0,
            543258.0,
            605380.0,
            653594.0,
            536883.0,
            396222.0
        ],
        "NH": [
            0.5673261077666123,
            0.7987700459219204,
            0.6868231458318251,
            0.7032952472994248,
            0.8085559196971008,
            0.49766607722719,
            0.567172566572645,
            0.6185636888708561,
            796465.0,
            1052846.0,
            591402.0,
            1203256.0,
            1294447.0,
            1189700.0,
            743155.0,
            1071432.0,
            926031.0,
            913396.0,
            1054906.0,
            1096398.0
        ]
    },
    "cohesion_parameters": {
        "H": {
            "H": 0.77,
            "NH": 0.23
        },
        "NH": {
            "H": 0.52,
            "NH": 0.48
        }
    },
    "alphas": {
        "H": {
            "H": 1,
            "NH": 1
        },
        "NH": {
            "H": 1,
            "NH": 1
        }
    },
    "slate_to_candidates": {
        "H": [
            "H1",
            "H2",
            "H3",
            "H4",
            "H5"
        ],
        "NH": [
            "NH1",
            "NH2",
            "NH3",
            "NH4",
            "NH5"
        ]
    }
}