{
    "bloc_voter_props": {
        "H": [
            0.4574697614432435,
            0.2858524814200313,
            0.5171349907907231,
            0.4967845680925741,
            0.5124889966832196,
            0.37080442610548436,
            0.4707308315011623,
            0.40883031792122704,
            366826.0,
            266778.0,
            742561.0,
            426750.0,
            333952.0,
            587958.0,
            310909.0,
            610206.0,
            303176.0,
            451654.0,
            523302.0,
            511927.0
        ],
        "NH": [
            0.5425302385567565,
            0.7141475185799687,
            0.48286500920927683,
            0.5032154319074259,
            0.4875110033167804,
            0.6291955738945156,
            0.5292691684988376,
            0.591169682078773,
            1162122.0,
            1283711.0,
            725169.0,
            1137489.0,
            1189505.0,
            960729.0,
            1176773.0,
            869120.0,
            1278779.0,
            1119924.0,
            957448.0,
            1030794.0
        ]
    },
    "cohesion_parameters": {
        "H": {
            "H": 0.77,
            "NH": 0.23
        },
        "NH": {
            "H": 0.52,
            "NH": 0.48
        }
    },
    "alphas": {
        "H": {
            "H": 1,
            "NH": 1
        },
        "NH": {
            "H": 1,
            "NH": 1
        }
    },
    "slate_to_candidates": {
        "H": [
            "H1",
            "H2",
            "H3",
            "H4",
            "H5"
        ],
        "NH": [
            "NH1",
            "NH2",
            "NH3",
            "NH4",
            "NH5"
        ]
    }
}