{
    "bloc_voter_props": {
        "H": [
            0.2857513115947486,
            0.539968277130136,
            0.20898461451081787,
            0.38964800393674903,
            0.44776122414120073,
            0.18800124468677482,
            0.3928652629850055,
            0.43510084056513326,
            324210.0,
            349746.0,
            707106.0,
            264682.0,
            519310.0,
            419302.0,
            766672.0,
            744156.0,
            942307.0,
            457803.0,
            491382.0,
            537499.0
        ],
        "NH": [
            0.7142486884052514,
            0.4600317228698641,
            0.7910153854891822,
            0.610351996063251,
            0.5522387758587993,
            0.8119987553132252,
            0.6071347370149944,
            0.5648991594348667,
            1142541.0,
            1260437.0,
            759951.0,
            1317486.0,
            1068855.0,
            1053127.0,
            773661.0,
            811425.0,
            600995.0,
            1134696.0,
            1077680.0,
            1024568.0
        ]
    },
    "cohesion_parameters": {
        "H": {
            "H": 0.77,
            "NH": 0.23
        },
        "NH": {
            "H": 0.52,
            "NH": 0.48
        }
    },
    "alphas": {
        "H": {
            "H": 1,
            "NH": 1
        },
        "NH": {
            "H": 1,
            "NH": 1
        }
    },
    "slate_to_candidates": {
        "H": [
            "H1",
            "H2",
            "H3",
            "H4",
            "H5"
        ],
        "NH": [
            "NH1",
            "NH2",
            "NH3",
            "NH4",
            "NH5"
        ]
    }
}