{
    "bloc_voter_props": {
        "H": [
            0.4276038977993658,
            0.38528888122198823,
            0.25793831119358257,
            0.4067306046582252,
            0.44898957882982643,
            0.21761629387613127,
            0.35578396677206403,
            0.21213223674330606,
            811766.0,
            628688.0,
            652822.0,
            372387.0,
            238938.0,
            273866.0,
            964722.0,
            535672.0,
            688757.0,
            444652.0,
            694329.0,
            482132.0
        ],
        "NH": [
            0.5723961022006342,
            0.6147111187780118,
            0.7420616888064174,
            0.5932693953417748,
            0.5510104211701735,
            0.7823837061238688,
            0.644216033227936,
            0.7878677632566939,
            667455.0,
            925127.0,
            908849.0,
            1214089.0,
            1262058.0,
            1318918.0,
            593078.0,
            1046473.0,
            911274.0,
            1139224.0,
            789203.0,
            984569.0
        ]
    },
    "cohesion_parameters": {
        "H": {
            "H": 0.77,
            "NH": 0.23
        },
        "NH": {
            "H": 0.52,
            "NH": 0.48
        }
    },
    "alphas": {
        "H": {
            "H": 1,
            "NH": 1
        },
        "NH": {
            "H": 1,
            "NH": 1
        }
    },
    "slate_to_candidates": {
        "H": [
            "H1",
            "H2",
            "H3",
            "H4",
            "H5"
        ],
        "NH": [
            "NH1",
            "NH2",
            "NH3",
            "NH4",
            "NH5"
        ]
    }
}