{
    "bloc_voter_props": {
        "H": [
            0.553807855734977,
            0.2858524814200313,
            0.42210423589733936,
            0.4410313512946863,
            0.28226761312973875,
            0.36608817254764053,
            0.4707308315011623,
            0.42111933523246203,
            299057.0,
            266778.0,
            738032.0,
            426750.0,
            407477.0,
            955715.0,
            297420.0,
            610206.0,
            310909.0,
            419511.0,
            607711.0,
            544070.0
        ],
        "NH": [
            0.4461921442650229,
            0.7141475185799687,
            0.5778957641026606,
            0.5589686487053137,
            0.7177323868702613,
            0.6339118274523594,
            0.5292691684988376,
            0.578880664767538,
            1234386.0,
            1283711.0,
            773088.0,
            1137489.0,
            1135981.0,
            516851.0,
            1216489.0,
            869120.0,
            1220323.0,
            1109232.0,
            919881.0,
            1041486.0
        ]
    },
    "cohesion_parameters": {
        "H": {
            "H": 0.77,
            "NH": 0.23
        },
        "NH": {
            "H": 0.52,
            "NH": 0.48
        }
    },
    "alphas": {
        "H": {
            "H": 1,
            "NH": 1
        },
        "NH": {
            "H": 1,
            "NH": 1
        }
    },
    "slate_to_candidates": {
        "H": [
            "H1",
            "H2",
            "H3",
            "H4",
            "H5"
        ],
        "NH": [
            "NH1",
            "NH2",
            "NH3",
            "NH4",
            "NH5"
        ]
    }
}