{
    "bloc_voter_props": {
        "H": [
            0.46893159125524053,
            0.2858524814200313,
            0.47609024870598987,
            0.5278163795785509,
            0.330559380817586,
            0.3705817557223405,
            0.4707308315011623,
            0.40883031792122704,
            298494.0,
            266778.0,
            750131.0,
            426750.0,
            344714.0,
            881486.0,
            360746.0,
            610206.0,
            310909.0,
            451654.0,
            523302.0,
            511927.0
        ],
        "NH": [
            0.5310684087447595,
            0.7141475185799687,
            0.5239097512940101,
            0.4721836204214491,
            0.669440619182414,
            0.6294182442776596,
            0.5292691684988376,
            0.591169682078773,
            1219296.0,
            1283711.0,
            770477.0,
            1137489.0,
            1187951.0,
            637879.0,
            1179609.0,
            869120.0,
            1220323.0,
            1119924.0,
            957448.0,
            1030794.0
        ]
    },
    "cohesion_parameters": {
        "H": {
            "H": 0.77,
            "NH": 0.23
        },
        "NH": {
            "H": 0.52,
            "NH": 0.48
        }
    },
    "alphas": {
        "H": {
            "H": 1,
            "NH": 1
        },
        "NH": {
            "H": 1,
            "NH": 1
        }
    },
    "slate_to_candidates": {
        "H": [
            "H1",
            "H2",
            "H3",
            "H4",
            "H5"
        ],
        "NH": [
            "NH1",
            "NH2",
            "NH3",
            "NH4",
            "NH5"
        ]
    }
}