{
    "bloc_voter_props": {
        "H": [
            0.3774205203221737,
            0.3290246074892243,
            0.4869963971492591,
            0.3163798836951517,
            0.39953981082862944,
            0.26133655233298764,
            0.37665456519526347,
            0.19941297259772975,
            326997.0,
            329342.0,
            716607.0,
            241306.0,
            444105.0,
            335079.0,
            980116.0,
            759379.0,
            836615.0,
            445391.0,
            638020.0,
            635481.0
        ],
        "NH": [
            0.6225794796778262,
            0.6709753925107756,
            0.5130036028507409,
            0.6836201163048483,
            0.6004601891713706,
            0.7386634476670124,
            0.6233454348047366,
            0.8005870274022703,
            1198945.0,
            1182698.0,
            761705.0,
            1242675.0,
            1146943.0,
            1211305.0,
            588549.0,
            803285.0,
            761219.0,
            1110048.0,
            870710.0,
            892380.0
        ]
    },
    "cohesion_parameters": {
        "H": {
            "H": 0.77,
            "NH": 0.23
        },
        "NH": {
            "H": 0.52,
            "NH": 0.48
        }
    },
    "alphas": {
        "H": {
            "H": 1,
            "NH": 1
        },
        "NH": {
            "H": 1,
            "NH": 1
        }
    },
    "slate_to_candidates": {
        "H": [
            "H1",
            "H2",
            "H3",
            "H4",
            "H5"
        ],
        "NH": [
            "NH1",
            "NH2",
            "NH3",
            "NH4",
            "NH5"
        ]
    }
}