{
    "bloc_voter_props": {
        "H": [
            0.5603540782849165,
            0.38528888122198823,
            0.6306838983671378,
            0.43710393181827434,
            0.46035368691990586,
            0.2186881886333183,
            0.35578396677206403,
            0.21213223674330606,
            577750.0,
            679791.0,
            647796.0,
            370372.0,
            238938.0,
            273866.0,
            390229.0,
            420020.0,
            688757.0,
            560304.0,
            586324.0,
            482132.0
        ],
        "NH": [
            0.43964592171508354,
            0.6147111187780118,
            0.36931610163286227,
            0.5628960681817257,
            0.5396463130800941,
            0.7813118113666817,
            0.644216033227936,
            0.7878677632566939,
            953395.0,
            806722.0,
            901682.0,
            1214781.0,
            1262058.0,
            1318918.0,
            1102033.0,
            1148543.0,
            911274.0,
            1037154.0,
            878133.0,
            984569.0
        ]
    },
    "cohesion_parameters": {
        "H": {
            "H": 0.77,
            "NH": 0.23
        },
        "NH": {
            "H": 0.52,
            "NH": 0.48
        }
    },
    "alphas": {
        "H": {
            "H": 1,
            "NH": 1
        },
        "NH": {
            "H": 1,
            "NH": 1
        }
    },
    "slate_to_candidates": {
        "H": [
            "H1",
            "H2",
            "H3",
            "H4",
            "H5"
        ],
        "NH": [
            "NH1",
            "NH2",
            "NH3",
            "NH4",
            "NH5"
        ]
    }
}