{
    "bloc_voter_props": {
        "H": [
            0.38827148270799905,
            0.46390569623363787,
            0.4402863445003081,
            0.5877586163579239,
            0.42046696805225997,
            0.41090495884877787,
            0.3520529751724076,
            0.28668700501833516,
            360675.0,
            748797.0,
            732394.0,
            297158.0,
            251091.0,
            315365.0,
            406358.0,
            558874.0,
            845049.0,
            410556.0,
            557995.0,
            337787.0
        ],
        "NH": [
            0.611728517292001,
            0.5360943037663621,
            0.5597136554996919,
            0.41224138364207613,
            0.57953303194774,
            0.5890950411512221,
            0.6479470248275925,
            0.7133129949816649,
            1235446.0,
            737597.0,
            873313.0,
            1318096.0,
            1218886.0,
            1150218.0,
            1086101.0,
            1012759.0,
            717342.0,
            1157883.0,
            980581.0,
            1266980.0
        ]
    },
    "cohesion_parameters": {
        "H": {
            "H": 0.77,
            "NH": 0.23
        },
        "NH": {
            "H": 0.52,
            "NH": 0.48
        }
    },
    "alphas": {
        "H": {
            "H": 1,
            "NH": 1
        },
        "NH": {
            "H": 1,
            "NH": 1
        }
    },
    "slate_to_candidates": {
        "H": [
            "H1",
            "H2",
            "H3",
            "H4",
            "H5"
        ],
        "NH": [
            "NH1",
            "NH2",
            "NH3",
            "NH4",
            "NH5"
        ]
    }
}