{
    "bloc_voter_props": {
        "H": [
            0.5258486010509871,
            0.3917870318775463,
            0.3875927451497919,
            0.36533546829637803,
            0.36949431326103505,
            0.41935924550449805,
            0.2117960468835001,
            0.4711005132266668,
            381873.0,
            307717.0,
            638505.0,
            293374.0,
            519690.0,
            318329.0,
            730525.0,
            352494.0,
            574152.0,
            626866.0,
            445180.0,
            861216.0
        ],
        "NH": [
            0.4741513989490129,
            0.6082129681224536,
            0.6124072548502081,
            0.634664531703622,
            0.6305056867389649,
            0.580640754495502,
            0.7882039531164999,
            0.5288994867733332,
            1205313.0,
            1304989.0,
            871013.0,
            1196502.0,
            974413.0,
            1238817.0,
            742891.0,
            1148715.0,
            893481.0,
            899714.0,
            1131431.0,
            749970.0
        ]
    },
    "cohesion_parameters": {
        "H": {
            "H": 0.77,
            "NH": 0.23
        },
        "NH": {
            "H": 0.52,
            "NH": 0.48
        }
    },
    "alphas": {
        "H": {
            "H": 1,
            "NH": 1
        },
        "NH": {
            "H": 1,
            "NH": 1
        }
    },
    "slate_to_candidates": {
        "H": [
            "H1",
            "H2",
            "H3",
            "H4",
            "H5"
        ],
        "NH": [
            "NH1",
            "NH2",
            "NH3",
            "NH4",
            "NH5"
        ]
    }
}