{
    "bloc_voter_props": {
        "H": [
            0.2499613815291849,
            0.4516724927777572,
            0.6017679373135161,
            0.38964800393674903,
            0.5531277221432641,
            0.18338778179206847,
            0.47279252314029196,
            0.2580114550052335,
            288796.0,
            374665.0,
            441332.0,
            691200.0,
            701419.0,
            321409.0,
            729599.0,
            500722.0,
            593938.0,
            457803.0,
            778591.0,
            294158.0
        ],
        "NH": [
            0.7500386184708151,
            0.5483275072222428,
            0.3982320626864839,
            0.610351996063251,
            0.44687227785673583,
            0.8166122182079315,
            0.527207476859708,
            0.7419885449947665,
            1307140.0,
            1195202.0,
            1176129.0,
            924826.0,
            898696.0,
            1146578.0,
            763367.0,
            1015965.0,
            1006599.0,
            1134696.0,
            776107.0,
            1218000.0
        ]
    },
    "cohesion_parameters": {
        "H": {
            "H": 0.77,
            "NH": 0.23
        },
        "NH": {
            "H": 0.52,
            "NH": 0.48
        }
    },
    "alphas": {
        "H": {
            "H": 1,
            "NH": 1
        },
        "NH": {
            "H": 1,
            "NH": 1
        }
    },
    "slate_to_candidates": {
        "H": [
            "H1",
            "H2",
            "H3",
            "H4",
            "H5"
        ],
        "NH": [
            "NH1",
            "NH2",
            "NH3",
            "NH4",
            "NH5"
        ]
    }
}