{
    "bloc_voter_props": {
        "H": [
            0.23258480860866546,
            0.4057396382533236,
            0.3455207883879712,
            0.49222643151762135,
            0.5118564230296523,
            0.45304870746670006,
            0.5303547971836906,
            0.38589322066549003,
            568503.0,
            264048.0,
            621716.0,
            267487.0,
            312965.0,
            959043.0,
            445533.0,
            348068.0,
            351720.0,
            539184.0,
            777687.0,
            350005.0
        ],
        "NH": [
            0.7674151913913345,
            0.5942603617466764,
            0.6544792116120288,
            0.5077735684823786,
            0.4881435769703477,
            0.5469512925333,
            0.4696452028163094,
            0.61410677933451,
            928798.0,
            1230589.0,
            917338.0,
            1289563.0,
            1279385.0,
            555257.0,
            1128440.0,
            1129951.0,
            1235856.0,
            1029555.0,
            834056.0,
            1186976.0
        ]
    },
    "cohesion_parameters": {
        "H": {
            "H": 0.77,
            "NH": 0.23
        },
        "NH": {
            "H": 0.52,
            "NH": 0.48
        }
    },
    "alphas": {
        "H": {
            "H": 1,
            "NH": 1
        },
        "NH": {
            "H": 1,
            "NH": 1
        }
    },
    "slate_to_candidates": {
        "H": [
            "H1",
            "H2",
            "H3",
            "H4",
            "H5"
        ],
        "NH": [
            "NH1",
            "NH2",
            "NH3",
            "NH4",
            "NH5"
        ]
    }
}