{
    "bloc_voter_props": {
        "H": [
            0.3930201026949022,
            0.6345536694268653,
            0.24767091228228094,
            0.45417937825111754,
            0.5046938288341765,
            0.4500385924427304,
            0.173591363230263,
            0.43143859365620224,
            255373.0,
            396262.0,
            782040.0,
            342504.0,
            481129.0,
            293860.0,
            719188.0,
            399275.0,
            398629.0,
            510155.0,
            690786.0,
            632301.0
        ],
        "NH": [
            0.6069798973050978,
            0.3654463305731347,
            0.7523290877177191,
            0.5458206217488825,
            0.49530617116582354,
            0.5499614075572696,
            0.826408636769737,
            0.5685614063437977,
            1350322.0,
            1180634.0,
            791265.0,
            1132006.0,
            1126235.0,
            1261032.0,
            884295.0,
            1067229.0,
            1170682.0,
            1075702.0,
            862409.0,
            881626.0
        ]
    },
    "cohesion_parameters": {
        "H": {
            "H": 0.77,
            "NH": 0.23
        },
        "NH": {
            "H": 0.52,
            "NH": 0.48
        }
    },
    "alphas": {
        "H": {
            "H": 1,
            "NH": 1
        },
        "NH": {
            "H": 1,
            "NH": 1
        }
    },
    "slate_to_candidates": {
        "H": [
            "H1",
            "H2",
            "H3",
            "H4",
            "H5"
        ],
        "NH": [
            "NH1",
            "NH2",
            "NH3",
            "NH4",
            "NH5"
        ]
    }
}