{
    "bloc_voter_props": {
        "H": [
            0.23904997765109923,
            0.29072288095066745,
            0.3408746896760333,
            0.4752247801263975,
            0.49811242033720554,
            0.42549839912432486,
            0.5303547971836906,
            0.5278709376790696,
            588450.0,
            344564.0,
            679670.0,
            267487.0,
            289039.0,
            607719.0,
            450845.0,
            288130.0,
            329809.0,
            748925.0,
            807917.0,
            369099.0
        ],
        "NH": [
            0.7609500223489007,
            0.7092771190493325,
            0.6591253103239667,
            0.5247752198736025,
            0.5018875796627944,
            0.5745016008756751,
            0.4696452028163094,
            0.47212906232093044,
            1024132.0,
            1143912.0,
            869404.0,
            1289563.0,
            1242144.0,
            1005243.0,
            1127737.0,
            1247577.0,
            1147517.0,
            754076.0,
            678210.0,
            1106596.0
        ]
    },
    "cohesion_parameters": {
        "H": {
            "H": 0.77,
            "NH": 0.23
        },
        "NH": {
            "H": 0.52,
            "NH": 0.48
        }
    },
    "alphas": {
        "H": {
            "H": 1,
            "NH": 1
        },
        "NH": {
            "H": 1,
            "NH": 1
        }
    },
    "slate_to_candidates": {
        "H": [
            "H1",
            "H2",
            "H3",
            "H4",
            "H5"
        ],
        "NH": [
            "NH1",
            "NH2",
            "NH3",
            "NH4",
            "NH5"
        ]
    }
}