{
    "bloc_voter_props": {
        "H": [
            0.44505702505164724,
            0.49574787860061886,
            0.36799054145352766,
            0.29959667775667187,
            0.4154656654197232,
            0.5388151972133173,
            0.4038504427129964,
            0.20630042209673863,
            314348.0,
            288648.0,
            755306.0,
            370102.0,
            529030.0,
            320388.0,
            916390.0,
            480780.0,
            335792.0,
            475738.0,
            773806.0,
            435027.0
        ],
        "NH": [
            0.5549429749483528,
            0.5042521213993811,
            0.6320094585464724,
            0.7004033222433281,
            0.5845343345802768,
            0.46118480278668267,
            0.5961495572870036,
            0.7936995779032614,
            1233431.0,
            1252949.0,
            720178.0,
            1113923.0,
            950993.0,
            1213921.0,
            587834.0,
            1109514.0,
            1259083.0,
            1018392.0,
            804926.0,
            1085720.0
        ]
    },
    "cohesion_parameters": {
        "H": {
            "H": 0.77,
            "NH": 0.23
        },
        "NH": {
            "H": 0.52,
            "NH": 0.48
        }
    },
    "alphas": {
        "H": {
            "H": 1,
            "NH": 1
        },
        "NH": {
            "H": 1,
            "NH": 1
        }
    },
    "slate_to_candidates": {
        "H": [
            "H1",
            "H2",
            "H3",
            "H4",
            "H5"
        ],
        "NH": [
            "NH1",
            "NH2",
            "NH3",
            "NH4",
            "NH5"
        ]
    }
}