{
    "bloc_voter_props": {
        "H": [
            0.4428591661682156,
            0.38528888122198823,
            0.623267964899482,
            0.36445986154151877,
            0.30288098673117514,
            0.17514134156812844,
            0.4594669657573366,
            0.2044511217570151,
            851948.0,
            679791.0,
            601392.0,
            370372.0,
            320425.0,
            273257.0,
            589737.0,
            538288.0,
            676614.0,
            437901.0,
            547331.0,
            495786.0
        ],
        "NH": [
            0.5571408338317845,
            0.6147111187780118,
            0.376732035100518,
            0.6355401384584812,
            0.6971190132688249,
            0.8248586584318716,
            0.5405330342426634,
            0.7955488782429849,
            727095.0,
            806722.0,
            938914.0,
            1214781.0,
            1245216.0,
            1312694.0,
            889493.0,
            1058733.0,
            831602.0,
            1119327.0,
            981121.0,
            981762.0
        ]
    },
    "cohesion_parameters": {
        "H": {
            "H": 0.77,
            "NH": 0.23
        },
        "NH": {
            "H": 0.52,
            "NH": 0.48
        }
    },
    "alphas": {
        "H": {
            "H": 1,
            "NH": 1
        },
        "NH": {
            "H": 1,
            "NH": 1
        }
    },
    "slate_to_candidates": {
        "H": [
            "H1",
            "H2",
            "H3",
            "H4",
            "H5"
        ],
        "NH": [
            "NH1",
            "NH2",
            "NH3",
            "NH4",
            "NH5"
        ]
    }
}