{
    "bloc_voter_props": {
        "H": [
            0.49619170441894556,
            0.33751199663697584,
            0.5699207194709567,
            0.4713489843862369,
            0.3195853117007072,
            0.21129118712050599,
            0.2530250428396736,
            0.36603437329737254,
            248613.0,
            586472.0,
            393907.0,
            326093.0,
            533091.0,
            399963.0,
            736156.0,
            724586.0,
            259617.0,
            843010.0,
            477964.0,
            726034.0
        ],
        "NH": [
            0.5038082955810544,
            0.6624880033630242,
            0.43007928052904326,
            0.5286510156137632,
            0.6804146882992927,
            0.788708812879494,
            0.7469749571603265,
            0.6339656267026275,
            1277680.0,
            889180.0,
            1172555.0,
            1234109.0,
            981869.0,
            1184067.0,
            819264.0,
            811303.0,
            1253359.0,
            730157.0,
            1050018.0,
            878067.0
        ]
    },
    "cohesion_parameters": {
        "H": {
            "H": 0.77,
            "NH": 0.23
        },
        "NH": {
            "H": 0.52,
            "NH": 0.48
        }
    },
    "alphas": {
        "H": {
            "H": 1,
            "NH": 1
        },
        "NH": {
            "H": 1,
            "NH": 1
        }
    },
    "slate_to_candidates": {
        "H": [
            "H1",
            "H2",
            "H3",
            "H4",
            "H5"
        ],
        "NH": [
            "NH1",
            "NH2",
            "NH3",
            "NH4",
            "NH5"
        ]
    }
}