{
    "bloc_voter_props": {
        "H": [
            0.43143015808276,
            0.46390569623363787,
            0.3499028961705899,
            0.6019016226525291,
            0.42046696805225997,
            0.40978384048656274,
            0.3520529751724076,
            0.1797212723999607,
            360675.0,
            755898.0,
            736644.0,
            261002.0,
            309322.0,
            315365.0,
            406358.0,
            362313.0,
            837948.0,
            607117.0,
            557995.0,
            505653.0
        ],
        "NH": [
            0.56856984191724,
            0.5360943037663621,
            0.6500971038294101,
            0.39809837734747094,
            0.57953303194774,
            0.5902161595134373,
            0.6479470248275925,
            0.8202787276000393,
            1235446.0,
            750663.0,
            781349.0,
            1281100.0,
            1283514.0,
            1150218.0,
            1086101.0,
            1228592.0,
            704276.0,
            942050.0,
            980581.0,
            1080908.0
        ]
    },
    "cohesion_parameters": {
        "H": {
            "H": 0.77,
            "NH": 0.23
        },
        "NH": {
            "H": 0.52,
            "NH": 0.48
        }
    },
    "alphas": {
        "H": {
            "H": 1,
            "NH": 1
        },
        "NH": {
            "H": 1,
            "NH": 1
        }
    },
    "slate_to_candidates": {
        "H": [
            "H1",
            "H2",
            "H3",
            "H4",
            "H5"
        ],
        "NH": [
            "NH1",
            "NH2",
            "NH3",
            "NH4",
            "NH5"
        ]
    }
}