{
    "bloc_voter_props": {
        "H": [
            0.4461549156206425,
            0.406012214470983,
            0.33231489361702127,
            0.3944387839485124,
            0.27653383808112764,
            0.4223675234736903,
            0.22070747102676255,
            0.48888393267818697,
            315154.0,
            595107.0,
            805498.0,
            287451.0,
            666665.0,
            397585.0,
            870269.0,
            352494.0,
            266090.0,
            596446.0,
            481259.0,
            758894.0
        ],
        "NH": [
            0.5538450843793575,
            0.593987785529017,
            0.6676851063829787,
            0.6055612160514876,
            0.7234661619188724,
            0.5776324765263097,
            0.7792925289732374,
            0.511116067321813,
            1218749.0,
            989406.0,
            796423.0,
            1184783.0,
            937687.0,
            1193804.0,
            699106.0,
            1148715.0,
            1263955.0,
            916260.0,
            1130175.0,
            769534.0
        ]
    },
    "cohesion_parameters": {
        "H": {
            "H": 0.77,
            "NH": 0.23
        },
        "NH": {
            "H": 0.52,
            "NH": 0.48
        }
    },
    "alphas": {
        "H": {
            "H": 1,
            "NH": 1
        },
        "NH": {
            "H": 1,
            "NH": 1
        }
    },
    "slate_to_candidates": {
        "H": [
            "H1",
            "H2",
            "H3",
            "H4",
            "H5"
        ],
        "NH": [
            "NH1",
            "NH2",
            "NH3",
            "NH4",
            "NH5"
        ]
    }
}