{
    "bloc_voter_props": {
        "H": [
            0.3306574455321782,
            0.2502547340922738,
            0.29072288095066745,
            0.4752247801263975,
            0.5731131559624428,
            0.42549839912432486,
            0.5303547971836906,
            0.5278709376790696,
            588450.0,
            344564.0,
            679670.0,
            265758.0,
            289039.0,
            428317.0,
            452574.0,
            288130.0,
            329809.0,
            748925.0,
            681156.0,
            548501.0
        ],
        "NH": [
            0.6693425544678219,
            0.7497452659077262,
            0.7092771190493325,
            0.5247752198736025,
            0.4268868440375572,
            0.5745016008756751,
            0.4696452028163094,
            0.47212906232093044,
            1024132.0,
            1143912.0,
            869404.0,
            1293648.0,
            1242144.0,
            1074389.0,
            1123652.0,
            1247577.0,
            1147517.0,
            754076.0,
            791434.0,
            1037450.0
        ]
    },
    "cohesion_parameters": {
        "H": {
            "H": 0.77,
            "NH": 0.23
        },
        "NH": {
            "H": 0.52,
            "NH": 0.48
        }
    },
    "alphas": {
        "H": {
            "H": 1,
            "NH": 1
        },
        "NH": {
            "H": 1,
            "NH": 1
        }
    },
    "slate_to_candidates": {
        "H": [
            "H1",
            "H2",
            "H3",
            "H4",
            "H5"
        ],
        "NH": [
            "NH1",
            "NH2",
            "NH3",
            "NH4",
            "NH5"
        ]
    }
}