{
    "bloc_voter_props": {
        "H": [
            0.41149720523995875,
            0.31549380732892296,
            0.23105834653284468,
            0.4007737202790963,
            0.2524855557386373,
            0.3902718032588597,
            0.25985964870225986,
            0.709953652862491,
            323450.0,
            345043.0,
            757669.0,
            862397.0,
            270002.0,
            778498.0,
            494665.0,
            402399.0,
            277607.0,
            499933.0,
            767105.0,
            542571.0
        ],
        "NH": [
            0.5885027947600412,
            0.684506192671077,
            0.7689416534671553,
            0.5992262797209037,
            0.7475144442613627,
            0.6097281967411403,
            0.7401403512977401,
            0.29004634713750893,
            1275393.0,
            1234758.0,
            806473.0,
            748631.0,
            1316357.0,
            812577.0,
            986725.0,
            1069758.0,
            1194478.0,
            981774.0,
            809479.0,
            951192.0
        ]
    },
    "cohesion_parameters": {
        "H": {
            "H": 0.77,
            "NH": 0.23
        },
        "NH": {
            "H": 0.52,
            "NH": 0.48
        }
    },
    "alphas": {
        "H": {
            "H": 1,
            "NH": 1
        },
        "NH": {
            "H": 1,
            "NH": 1
        }
    },
    "slate_to_candidates": {
        "H": [
            "H1",
            "H2",
            "H3",
            "H4",
            "H5"
        ],
        "NH": [
            "NH1",
            "NH2",
            "NH3",
            "NH4",
            "NH5"
        ]
    }
}