{
    "bloc_voter_props": {
        "H": [
            0.17915835251635587,
            0.43913643517836515,
            0.16892110964447585,
            0.4364618345440746,
            0.39588630979548367,
            0.16452940257305068,
            0.1860230892064959,
            0.25731216043793215,
            260667.0,
            462763.0,
            267363.0,
            113869.0,
            243294.0,
            324079.0,
            361470.0,
            250613.0,
            370685.0,
            211309.0,
            155706.0,
            132472.0,
            303900.0,
            145810.0,
            332854.0,
            283671.0,
            342349.0,
            375446.0,
            311460.0,
            309538.0,
            215290.0,
            489369.0,
            608569.0,
            319774.0,
            202025.0,
            175706.0,
            142780.0,
            374913.0,
            186370.0,
            397124.0,
            324217.0,
            250089.0
        ],
        "NH": [
            0.8208416474836441,
            0.5608635648216349,
            0.8310788903555242,
            0.5635381654559254,
            0.6041136902045163,
            0.8354705974269493,
            0.8139769107935041,
            0.7426878395620679,
            512799.0,
            310608.0,
            479374.0,
            683342.0,
            496472.0,
            424852.0,
            380869.0,
            527762.0,
            389022.0,
            534944.0,
            586285.0,
            656746.0,
            484595.0,
            654501.0,
            461080.0,
            468785.0,
            454563.0,
            430131.0,
            487977.0,
            422608.0,
            591662.0,
            304801.0,
            186678.0,
            450170.0,
            546408.0,
            630981.0,
            641919.0,
            429663.0,
            577881.0,
            395250.0,
            421133.0,
            482839.0
        ]
    },
    "cohesion_parameters": {
        "H": {
            "H": 0.77,
            "NH": 0.23
        },
        "NH": {
            "H": 0.52,
            "NH": 0.48
        }
    },
    "alphas": {
        "H": {
            "H": 1,
            "NH": 1
        },
        "NH": {
            "H": 1,
            "NH": 1
        }
    },
    "slate_to_candidates": {
        "H": [
            "H1",
            "H2",
            "H3",
            "H4",
            "H5"
        ],
        "NH": [
            "NH1",
            "NH2",
            "NH3",
            "NH4",
            "NH5"
        ]
    }
}