{
    "bloc_voter_props": {
        "H": [
            0.3982548687326185,
            0.28531518009733864,
            0.16711274186002578,
            0.1916070388240742,
            0.3193272274557451,
            0.6018632225817203,
            0.48003213520902305,
            0.23419455777071654,
            208379.0,
            445734.0,
            138748.0,
            271764.0,
            304698.0,
            152340.0,
            313234.0,
            153339.0,
            198300.0,
            281484.0,
            122277.0,
            270576.0,
            331628.0,
            152924.0,
            330082.0,
            282256.0,
            571456.0,
            233392.0,
            297331.0,
            430718.0,
            400959.0,
            269153.0,
            352537.0,
            112028.0,
            109683.0,
            223241.0,
            171871.0,
            339321.0,
            289400.0,
            417420.0,
            315011.0,
            359229.0
        ],
        "NH": [
            0.6017451312673815,
            0.7146848199026613,
            0.8328872581399742,
            0.8083929611759257,
            0.6806727725442548,
            0.39813677741827963,
            0.519967864790977,
            0.7658054422292835,
            568028.0,
            359189.0,
            605642.0,
            519166.0,
            456141.0,
            592698.0,
            424236.0,
            595304.0,
            550233.0,
            499230.0,
            629686.0,
            476127.0,
            470424.0,
            609901.0,
            440986.0,
            461792.0,
            197128.0,
            518263.0,
            500847.0,
            373123.0,
            352708.0,
            519612.0,
            434463.0,
            662228.0,
            661064.0,
            509518.0,
            579996.0,
            444392.0,
            479024.0,
            375964.0,
            446790.0,
            426589.0
        ]
    },
    "cohesion_parameters": {
        "H": {
            "H": 0.77,
            "NH": 0.23
        },
        "NH": {
            "H": 0.52,
            "NH": 0.48
        }
    },
    "alphas": {
        "H": {
            "H": 1,
            "NH": 1
        },
        "NH": {
            "H": 1,
            "NH": 1
        }
    },
    "slate_to_candidates": {
        "H": [
            "H1",
            "H2",
            "H3",
            "H4",
            "H5"
        ],
        "NH": [
            "NH1",
            "NH2",
            "NH3",
            "NH4",
            "NH5"
        ]
    }
}