{
    "bloc_voter_props": {
        "H": [
            0.397526035944984,
            0.5982509835886535,
            0.1972820842921329,
            0.16681273162430782,
            0.24881180921849663,
            0.4892839720310044,
            0.3025638538678005,
            0.22580469654022953,
            368582.0,
            174329.0,
            136176.0,
            192593.0,
            207406.0,
            344619.0,
            340163.0,
            113219.0,
            127579.0,
            414258.0,
            338583.0,
            229193.0,
            364705.0,
            314393.0,
            640668.0,
            122243.0,
            340066.0,
            429731.0,
            328980.0,
            315912.0,
            290144.0,
            415672.0,
            301614.0,
            274212.0,
            149954.0,
            171456.0,
            186658.0,
            218429.0,
            298093.0,
            245226.0,
            195160.0,
            355384.0
        ],
        "NH": [
            0.6024739640550161,
            0.40174901641134647,
            0.8027179157078671,
            0.8331872683756921,
            0.7511881907815033,
            0.5107160279689956,
            0.6974361461321995,
            0.7741953034597705,
            440178.0,
            592585.0,
            670670.0,
            541697.0,
            601221.0,
            439684.0,
            448183.0,
            627822.0,
            662120.0,
            390490.0,
            426377.0,
            565365.0,
            433455.0,
            454402.0,
            135347.0,
            625047.0,
            446866.0,
            340282.0,
            457718.0,
            430576.0,
            491184.0,
            393210.0,
            442818.0,
            477880.0,
            631352.0,
            572941.0,
            583850.0,
            570782.0,
            459998.0,
            521053.0,
            543996.0,
            390689.0
        ]
    },
    "cohesion_parameters": {
        "H": {
            "H": 0.77,
            "NH": 0.23
        },
        "NH": {
            "H": 0.52,
            "NH": 0.48
        }
    },
    "alphas": {
        "H": {
            "H": 1,
            "NH": 1
        },
        "NH": {
            "H": 1,
            "NH": 1
        }
    },
    "slate_to_candidates": {
        "H": [
            "H1",
            "H2",
            "H3",
            "H4",
            "H5"
        ],
        "NH": [
            "NH1",
            "NH2",
            "NH3",
            "NH4",
            "NH5"
        ]
    }
}