{
    "bloc_voter_props": {
        "H": [
            0.7945771741247275,
            0.4354410748960682,
            0.16171252598469485,
            0.20557433727264798,
            0.5000037978048688,
            0.17637296729116428,
            0.3608247695345199,
            0.191964129505681,
            456942.0,
            227083.0,
            382823.0,
            330013.0,
            402928.0,
            246068.0,
            200917.0,
            128766.0,
            344361.0,
            255461.0,
            155155.0,
            271426.0,
            203943.0,
            164141.0,
            159049.0,
            261414.0,
            275088.0,
            283777.0,
            219768.0,
            375329.0,
            315654.0,
            205874.0,
            408298.0,
            153871.0,
            113622.0,
            190156.0,
            201544.0,
            359818.0,
            344343.0,
            370775.0,
            399717.0,
            310105.0
        ],
        "NH": [
            0.2054228258752725,
            0.5645589251039318,
            0.8382874740153051,
            0.794425662727352,
            0.4999962021951312,
            0.8236270327088357,
            0.6391752304654801,
            0.808035870494319,
            287403.0,
            519831.0,
            414580.0,
            427020.0,
            382506.0,
            508483.0,
            608263.0,
            606299.0,
            451733.0,
            521320.0,
            602448.0,
            500258.0,
            572069.0,
            600018.0,
            634948.0,
            509569.0,
            462600.0,
            448850.0,
            516307.0,
            421382.0,
            492866.0,
            602608.0,
            346913.0,
            639426.0,
            624669.0,
            560016.0,
            582163.0,
            373549.0,
            426105.0,
            391447.0,
            340367.0,
            468603.0
        ]
    },
    "cohesion_parameters": {
        "H": {
            "H": 0.77,
            "NH": 0.23
        },
        "NH": {
            "H": 0.52,
            "NH": 0.48
        }
    },
    "alphas": {
        "H": {
            "H": 1,
            "NH": 1
        },
        "NH": {
            "H": 1,
            "NH": 1
        }
    },
    "slate_to_candidates": {
        "H": [
            "H1",
            "H2",
            "H3",
            "H4",
            "H5"
        ],
        "NH": [
            "NH1",
            "NH2",
            "NH3",
            "NH4",
            "NH5"
        ]
    }
}