{
    "bloc_voter_props": {
        "H": [
            0.39275811342121,
            0.18192822810087925,
            0.17062152253384888,
            0.1916070388240742,
            0.45991671295795755,
            0.29806511289368737,
            0.3884169816207626,
            0.1628250404463144,
            484246.0,
            218234.0,
            347739.0,
            139975.0,
            365009.0,
            152340.0,
            313234.0,
            113038.0,
            151197.0,
            281484.0,
            243293.0,
            204425.0,
            315258.0,
            226874.0,
            332204.0,
            417045.0,
            608031.0,
            210156.0,
            278737.0,
            284307.0,
            400959.0,
            269153.0,
            410127.0,
            112028.0,
            201030.0,
            216982.0,
            171871.0,
            329012.0,
            236563.0,
            337121.0,
            330252.0,
            464807.0
        ],
        "NH": [
            0.60724188657879,
            0.8180717718991207,
            0.8293784774661511,
            0.8083929611759257,
            0.5400832870420424,
            0.7019348871063127,
            0.6115830183792375,
            0.8371749595536856,
            323736.0,
            583196.0,
            419930.0,
            616588.0,
            437472.0,
            592698.0,
            424236.0,
            641668.0,
            622031.0,
            499230.0,
            513162.0,
            543745.0,
            430965.0,
            524420.0,
            460951.0,
            326841.0,
            176186.0,
            557094.0,
            475056.0,
            452322.0,
            352708.0,
            519612.0,
            383631.0,
            662228.0,
            531307.0,
            554029.0,
            579996.0,
            421847.0,
            519197.0,
            447258.0,
            459083.0,
            328984.0
        ]
    },
    "cohesion_parameters": {
        "H": {
            "H": 0.77,
            "NH": 0.23
        },
        "NH": {
            "H": 0.52,
            "NH": 0.48
        }
    },
    "alphas": {
        "H": {
            "H": 1,
            "NH": 1
        },
        "NH": {
            "H": 1,
            "NH": 1
        }
    },
    "slate_to_candidates": {
        "H": [
            "H1",
            "H2",
            "H3",
            "H4",
            "H5"
        ],
        "NH": [
            "NH1",
            "NH2",
            "NH3",
            "NH4",
            "NH5"
        ]
    }
}