{
    "bloc_voter_props": {
        "H": [
            0.27912151309713085,
            0.27315185913888823,
            0.26443785488958993,
            0.1944947880351198,
            0.541530492286054,
            0.19320270356155714,
            0.2671337214282788,
            0.24522024017140864,
            562681.0,
            233756.0,
            376087.0,
            300501.0,
            212535.0,
            136803.0,
            358242.0,
            137826.0,
            218097.0,
            284185.0,
            170160.0,
            310248.0,
            301043.0,
            154837.0,
            296202.0,
            290926.0,
            294924.0,
            391117.0,
            225723.0,
            388544.0,
            208152.0,
            362438.0,
            531823.0,
            154005.0,
            113622.0,
            141080.0,
            161480.0,
            420735.0,
            324490.0,
            370775.0,
            449392.0,
            304157.0
        ],
        "NH": [
            0.7208784869028692,
            0.7268481408611118,
            0.7355621451104101,
            0.8055052119648802,
            0.45846950771394607,
            0.8067972964384429,
            0.7328662785717213,
            0.7547797598285914,
            182606.0,
            540060.0,
            410818.0,
            470863.0,
            525274.0,
            615932.0,
            430079.0,
            638857.0,
            568026.0,
            462636.0,
            585229.0,
            476391.0,
            473522.0,
            578139.0,
            437750.0,
            465726.0,
            495997.0,
            385075.0,
            571878.0,
            409260.0,
            579559.0,
            437836.0,
            245078.0,
            649042.0,
            624669.0,
            630191.0,
            577352.0,
            353229.0,
            414342.0,
            391447.0,
            310088.0,
            492778.0
        ]
    },
    "cohesion_parameters": {
        "H": {
            "H": 0.77,
            "NH": 0.23
        },
        "NH": {
            "H": 0.52,
            "NH": 0.48
        }
    },
    "alphas": {
        "H": {
            "H": 1,
            "NH": 1
        },
        "NH": {
            "H": 1,
            "NH": 1
        }
    },
    "slate_to_candidates": {
        "H": [
            "H1",
            "H2",
            "H3",
            "H4",
            "H5"
        ],
        "NH": [
            "NH1",
            "NH2",
            "NH3",
            "NH4",
            "NH5"
        ]
    }
}