{
    "bloc_voter_props": {
        "H": [
            0.39132130778756974,
            0.44718642898820893,
            0.19124274220775667,
            0.12597272156742492,
            0.24881180921849663,
            0.4892839720310044,
            0.3025638538678005,
            0.22835052208422701,
            368582.0,
            196013.0,
            133773.0,
            163274.0,
            207406.0,
            364031.0,
            340163.0,
            123456.0,
            151901.0,
            426026.0,
            338583.0,
            229193.0,
            363431.0,
            314393.0,
            651526.0,
            122243.0,
            431339.0,
            429731.0,
            328980.0,
            315912.0,
            290144.0,
            410893.0,
            301614.0,
            274212.0,
            168419.0,
            159056.0,
            186658.0,
            218429.0,
            288509.0,
            245226.0,
            183392.0,
            340751.0
        ],
        "NH": [
            0.6086786922124303,
            0.5528135710117911,
            0.8087572577922433,
            0.8740272784325751,
            0.7511881907815033,
            0.5107160279689956,
            0.6974361461321995,
            0.771649477915773,
            440178.0,
            543922.0,
            654664.0,
            572961.0,
            601221.0,
            383685.0,
            448183.0,
            646535.0,
            626200.0,
            371586.0,
            426377.0,
            565365.0,
            400542.0,
            454402.0,
            136601.0,
            625047.0,
            306062.0,
            340282.0,
            457718.0,
            430576.0,
            491184.0,
            382549.0,
            442818.0,
            477880.0,
            616247.0,
            587319.0,
            583850.0,
            570782.0,
            491657.0,
            521053.0,
            562900.0,
            457349.0
        ]
    },
    "cohesion_parameters": {
        "H": {
            "H": 0.77,
            "NH": 0.23
        },
        "NH": {
            "H": 0.52,
            "NH": 0.48
        }
    },
    "alphas": {
        "H": {
            "H": 1,
            "NH": 1
        },
        "NH": {
            "H": 1,
            "NH": 1
        }
    },
    "slate_to_candidates": {
        "H": [
            "H1",
            "H2",
            "H3",
            "H4",
            "H5"
        ],
        "NH": [
            "NH1",
            "NH2",
            "NH3",
            "NH4",
            "NH5"
        ]
    }
}