{
    "bloc_voter_props": {
        "H": [
            0.2644200110091602,
            0.3832506646975789,
            0.1696496364806652,
            0.384776314407717,
            0.5343163462284056,
            0.22313800750018647,
            0.45068637475167267,
            0.4204213457945383,
            251255.0,
            211521.0,
            475912.0,
            187091.0,
            232468.0,
            376809.0,
            268598.0,
            128517.0,
            307542.0,
            438637.0,
            105356.0,
            254568.0,
            195121.0,
            145810.0,
            317791.0,
            211697.0,
            340269.0,
            291770.0,
            322196.0,
            248582.0,
            388306.0,
            403220.0,
            484743.0,
            266068.0,
            194409.0,
            128345.0,
            178400.0,
            157917.0,
            148949.0,
            460580.0,
            368297.0,
            298827.0
        ],
        "NH": [
            0.7355799889908398,
            0.616749335302421,
            0.8303503635193348,
            0.615223685592283,
            0.4656836537715944,
            0.7768619924998135,
            0.5493136252483273,
            0.5795786542054616,
            509279.0,
            521442.0,
            329211.0,
            561305.0,
            554345.0,
            428829.0,
            506408.0,
            662362.0,
            424927.0,
            299257.0,
            691027.0,
            522146.0,
            609027.0,
            654501.0,
            427904.0,
            580457.0,
            406069.0,
            455078.0,
            453185.0,
            492298.0,
            419107.0,
            403301.0,
            302758.0,
            497336.0,
            572683.0,
            663544.0,
            578459.0,
            633655.0,
            611262.0,
            339620.0,
            410864.0,
            445249.0
        ]
    },
    "cohesion_parameters": {
        "H": {
            "H": 0.77,
            "NH": 0.23
        },
        "NH": {
            "H": 0.52,
            "NH": 0.48
        }
    },
    "alphas": {
        "H": {
            "H": 1,
            "NH": 1
        },
        "NH": {
            "H": 1,
            "NH": 1
        }
    },
    "slate_to_candidates": {
        "H": [
            "H1",
            "H2",
            "H3",
            "H4",
            "H5"
        ],
        "NH": [
            "NH1",
            "NH2",
            "NH3",
            "NH4",
            "NH5"
        ]
    }
}