{
    "bloc_voter_props": {
        "H": [
            0.41834115088601126,
            0.44117374349627525,
            0.1492521578043047,
            0.1932811804427936,
            0.22661743882911853,
            0.5954859049955809,
            0.5512389225864753,
            0.22902206425370755,
            394065.0,
            255799.0,
            130189.0,
            190724.0,
            419692.0,
            277777.0,
            325174.0,
            123473.0,
            140919.0,
            338877.0,
            260083.0,
            234520.0,
            650193.0,
            314393.0,
            317024.0,
            198654.0,
            366433.0,
            193422.0,
            329931.0,
            200816.0,
            320955.0,
            435787.0,
            317398.0,
            189317.0,
            227065.0,
            127761.0,
            169329.0,
            207378.0,
            218048.0,
            374761.0,
            303631.0,
            248841.0
        ],
        "NH": [
            0.5816588491139888,
            0.5588262565037247,
            0.8507478421956953,
            0.8067188195572064,
            0.7733825611708814,
            0.4045140950044191,
            0.4487610774135247,
            0.7709779357462925,
            389864.0,
            484392.0,
            611848.0,
            587386.0,
            365761.0,
            461095.0,
            407852.0,
            625516.0,
            592443.0,
            449701.0,
            495926.0,
            572895.0,
            154622.0,
            454402.0,
            486336.0,
            604413.0,
            420058.0,
            579042.0,
            470729.0,
            549747.0,
            483914.0,
            335825.0,
            426132.0,
            564715.0,
            560189.0,
            613517.0,
            564875.0,
            595759.0,
            554961.0,
            398467.0,
            503631.0,
            530636.0
        ]
    },
    "cohesion_parameters": {
        "H": {
            "H": 0.77,
            "NH": 0.23
        },
        "NH": {
            "H": 0.52,
            "NH": 0.48
        }
    },
    "alphas": {
        "H": {
            "H": 1,
            "NH": 1
        },
        "NH": {
            "H": 1,
            "NH": 1
        }
    },
    "slate_to_candidates": {
        "H": [
            "H1",
            "H2",
            "H3",
            "H4",
            "H5"
        ],
        "NH": [
            "NH1",
            "NH2",
            "NH3",
            "NH4",
            "NH5"
        ]
    }
}