{
    "bloc_voter_props": {
        "H": [
            0.4897921373882854,
            0.32992232178750663,
            0.1691951916455655,
            0.40432341103482045,
            0.6261068902279276,
            0.18952490767469238,
            0.4884266570410143,
            0.19015095618880493,
            452393.0,
            257637.0,
            200186.0,
            159162.0,
            347290.0,
            352916.0,
            151452.0,
            131719.0,
            340251.0,
            287358.0,
            170015.0,
            250985.0,
            179106.0,
            146191.0,
            261827.0,
            283671.0,
            308645.0,
            300268.0,
            189750.0,
            357111.0,
            324694.0,
            219214.0,
            352704.0,
            319774.0,
            157524.0,
            124953.0,
            210942.0,
            358643.0,
            186370.0,
            430845.0,
            330189.0,
            574977.0
        ],
        "NH": [
            0.5102078626117146,
            0.6700776782124933,
            0.8308048083544345,
            0.5956765889651796,
            0.3738931097720723,
            0.8104750923253076,
            0.5115733429589857,
            0.809849043811195,
            285913.0,
            514211.0,
            571762.0,
            608153.0,
            446750.0,
            448566.0,
            637048.0,
            640599.0,
            411379.0,
            467303.0,
            604524.0,
            551437.0,
            611514.0,
            646973.0,
            510469.0,
            468785.0,
            496803.0,
            481388.0,
            580801.0,
            443150.0,
            466257.0,
            529701.0,
            379879.0,
            450170.0,
            598820.0,
            675626.0,
            567695.0,
            418045.0,
            577881.0,
            319087.0,
            404200.0,
            165817.0
        ]
    },
    "cohesion_parameters": {
        "H": {
            "H": 0.77,
            "NH": 0.23
        },
        "NH": {
            "H": 0.52,
            "NH": 0.48
        }
    },
    "alphas": {
        "H": {
            "H": 1,
            "NH": 1
        },
        "NH": {
            "H": 1,
            "NH": 1
        }
    },
    "slate_to_candidates": {
        "H": [
            "H1",
            "H2",
            "H3",
            "H4",
            "H5"
        ],
        "NH": [
            "NH1",
            "NH2",
            "NH3",
            "NH4",
            "NH5"
        ]
    }
}