{
    "bloc_voter_props": {
        "H": [
            0.42896297950793294,
            0.20126342336145944,
            0.22867948907410046,
            0.4302888003092673,
            0.46903137553677793,
            0.1620607514776433,
            0.33063052081766453,
            0.22188955246746456,
            323169.0,
            316144.0,
            258791.0,
            132062.0,
            346195.0,
            447033.0,
            361403.0,
            147759.0,
            450592.0,
            476962.0,
            145033.0,
            246596.0,
            198610.0,
            152326.0,
            529878.0,
            360203.0,
            349029.0,
            304409.0,
            382545.0,
            320537.0,
            305119.0,
            306061.0,
            151621.0,
            337479.0,
            195805.0,
            135796.0,
            124602.0,
            152017.0,
            191466.0,
            284149.0,
            320414.0,
            259215.0
        ],
        "NH": [
            0.5710370204920671,
            0.7987365766385406,
            0.7713205109258995,
            0.5697111996907327,
            0.530968624463222,
            0.8379392485223567,
            0.6693694791823355,
            0.7781104475325354,
            420052.0,
            438464.0,
            546307.0,
            668312.0,
            428648.0,
            323679.0,
            414094.0,
            640586.0,
            325016.0,
            290376.0,
            636643.0,
            534092.0,
            590949.0,
            590316.0,
            219530.0,
            409117.0,
            429168.0,
            473240.0,
            411791.0,
            446206.0,
            428286.0,
            473870.0,
            606621.0,
            408509.0,
            567363.0,
            658865.0,
            658416.0,
            607854.0,
            562696.0,
            481583.0,
            426106.0,
            546113.0
        ]
    },
    "cohesion_parameters": {
        "H": {
            "H": 0.77,
            "NH": 0.23
        },
        "NH": {
            "H": 0.52,
            "NH": 0.48
        }
    },
    "alphas": {
        "H": {
            "H": 1,
            "NH": 1
        },
        "NH": {
            "H": 1,
            "NH": 1
        }
    },
    "slate_to_candidates": {
        "H": [
            "H1",
            "H2",
            "H3",
            "H4",
            "H5"
        ],
        "NH": [
            "NH1",
            "NH2",
            "NH3",
            "NH4",
            "NH5"
        ]
    }
}