{
    "bloc_voter_props": {
        "H": [
            0.39314442735183247,
            0.28531518009733864,
            0.16711274186002578,
            0.15163803103428575,
            0.2754095502491165,
            0.6018632225817203,
            0.48003213520902305,
            0.20043461395058054,
            208379.0,
            359923.0,
            233272.0,
            226375.0,
            304698.0,
            152340.0,
            313234.0,
            136672.0,
            226469.0,
            281484.0,
            122277.0,
            265419.0,
            297065.0,
            181722.0,
            330082.0,
            283168.0,
            576613.0,
            139123.0,
            383142.0,
            430718.0,
            400959.0,
            279914.0,
            424915.0,
            143854.0,
            126350.0,
            268630.0,
            171871.0,
            339321.0,
            289400.0,
            379605.0,
            315011.0,
            359229.0
        ],
        "NH": [
            0.6068555726481675,
            0.7146848199026613,
            0.8328872581399742,
            0.8483619689657143,
            0.7245904497508835,
            0.39813677741827963,
            0.519967864790977,
            0.7995653860494194,
            568028.0,
            444766.0,
            520129.0,
            561081.0,
            456141.0,
            592698.0,
            424236.0,
            638446.0,
            515734.0,
            499230.0,
            629686.0,
            490104.0,
            489912.0,
            589241.0,
            440986.0,
            455731.0,
            183151.0,
            606841.0,
            415270.0,
            373123.0,
            352708.0,
            523357.0,
            381265.0,
            628544.0,
            617922.0,
            467603.0,
            579996.0,
            444392.0,
            479024.0,
            409674.0,
            446790.0,
            426589.0
        ]
    },
    "cohesion_parameters": {
        "H": {
            "H": 0.77,
            "NH": 0.23
        },
        "NH": {
            "H": 0.52,
            "NH": 0.48
        }
    },
    "alphas": {
        "H": {
            "H": 1,
            "NH": 1
        },
        "NH": {
            "H": 1,
            "NH": 1
        }
    },
    "slate_to_candidates": {
        "H": [
            "H1",
            "H2",
            "H3",
            "H4",
            "H5"
        ],
        "NH": [
            "NH1",
            "NH2",
            "NH3",
            "NH4",
            "NH5"
        ]
    }
}