{
    "bloc_voter_props": {
        "H": [
            0.1804559715001707,
            0.37910406961222504,
            0.17085537580822407,
            0.37767562566705576,
            0.3974648043349333,
            0.22313800750018647,
            0.3169171857322243,
            0.23850136761037483,
            260667.0,
            238116.0,
            337792.0,
            189592.0,
            205873.0,
            398471.0,
            361470.0,
            128517.0,
            307542.0,
            462641.0,
            155387.0,
            254568.0,
            200167.0,
            145810.0,
            317791.0,
            346789.0,
            327390.0,
            403207.0,
            322196.0,
            248582.0,
            371316.0,
            395533.0,
            598859.0,
            256656.0,
            144657.0,
            128345.0,
            173961.0,
            218887.0,
            148949.0,
            455729.0,
            368297.0,
            298827.0
        ],
        "NH": [
            0.8195440284998293,
            0.6208959303877749,
            0.8291446241917759,
            0.6223243743329442,
            0.6025351956650666,
            0.7768619924998135,
            0.6830828142677756,
            0.7614986323896251,
            512799.0,
            538763.0,
            458409.0,
            590282.0,
            537024.0,
            408172.0,
            380869.0,
            662362.0,
            424927.0,
            301029.0,
            584976.0,
            522146.0,
            594384.0,
            654501.0,
            427904.0,
            425139.0,
            407073.0,
            350384.0,
            453185.0,
            492298.0,
            435837.0,
            393906.0,
            171788.0,
            493816.0,
            622065.0,
            663544.0,
            603593.0,
            585488.0,
            611262.0,
            317841.0,
            410864.0,
            445249.0
        ]
    },
    "cohesion_parameters": {
        "H": {
            "H": 0.77,
            "NH": 0.23
        },
        "NH": {
            "H": 0.52,
            "NH": 0.48
        }
    },
    "alphas": {
        "H": {
            "H": 1,
            "NH": 1
        },
        "NH": {
            "H": 1,
            "NH": 1
        }
    },
    "slate_to_candidates": {
        "H": [
            "H1",
            "H2",
            "H3",
            "H4",
            "H5"
        ],
        "NH": [
            "NH1",
            "NH2",
            "NH3",
            "NH4",
            "NH5"
        ]
    }
}