{
    "bloc_voter_props": {
        "H": [
            0.4897921373882854,
            0.1839428596078657,
            0.17404529814306866,
            0.17901942473937427,
            0.6261068902279276,
            0.16005999542635763,
            0.4884266570410143,
            0.14598435232330223,
            452393.0,
            257072.0,
            379639.0,
            187657.0,
            339480.0,
            349184.0,
            282443.0,
            131719.0,
            265230.0,
            255461.0,
            170015.0,
            267969.0,
            162378.0,
            397995.0,
            200614.0,
            293503.0,
            308645.0,
            300268.0,
            219768.0,
            364921.0,
            324694.0,
            195066.0,
            238196.0,
            309942.0,
            157524.0,
            146993.0,
            203260.0,
            358643.0,
            186370.0,
            430845.0,
            330189.0,
            601004.0
        ],
        "NH": [
            0.5102078626117146,
            0.8160571403921343,
            0.8259547018569313,
            0.8209805752606257,
            0.3738931097720723,
            0.8399400045736424,
            0.5115733429589857,
            0.8540156476766978,
            285913.0,
            511631.0,
            414830.0,
            577735.0,
            452614.0,
            436317.0,
            499429.0,
            640599.0,
            488358.0,
            521320.0,
            604524.0,
            527604.0,
            644152.0,
            407360.0,
            562865.0,
            476522.0,
            496803.0,
            481388.0,
            516307.0,
            437286.0,
            466257.0,
            568656.0,
            496664.0,
            442433.0,
            598820.0,
            654304.0,
            600314.0,
            418045.0,
            577881.0,
            319087.0,
            404200.0,
            137339.0
        ]
    },
    "cohesion_parameters": {
        "H": {
            "H": 0.77,
            "NH": 0.23
        },
        "NH": {
            "H": 0.52,
            "NH": 0.48
        }
    },
    "alphas": {
        "H": {
            "H": 1,
            "NH": 1
        },
        "NH": {
            "H": 1,
            "NH": 1
        }
    },
    "slate_to_candidates": {
        "H": [
            "H1",
            "H2",
            "H3",
            "H4",
            "H5"
        ],
        "NH": [
            "NH1",
            "NH2",
            "NH3",
            "NH4",
            "NH5"
        ]
    }
}