{
    "bloc_voter_props": {
        "H": [
            0.291974776119962,
            0.333832209024155,
            0.1751375509719632,
            0.14784206038249006,
            0.36074225444957153,
            0.16689740263514566,
            0.2726822960734442,
            0.2815649328185406,
            565415.0,
            310059.0,
            339016.0,
            267540.0,
            232114.0,
            224981.0,
            429028.0,
            125929.0,
            179728.0,
            237573.0,
            173079.0,
            398370.0,
            146389.0,
            145125.0,
            471299.0,
            292741.0,
            216345.0,
            312752.0,
            279841.0,
            344099.0,
            333591.0,
            263162.0,
            539241.0,
            144491.0,
            226446.0,
            157387.0,
            240589.0,
            360536.0,
            320286.0,
            356025.0,
            324344.0,
            402931.0
        ],
        "NH": [
            0.708025223880038,
            0.666167790975845,
            0.8248624490280368,
            0.85215793961751,
            0.6392577455504285,
            0.8331025973648544,
            0.7273177039265558,
            0.7184350671814593,
            236923.0,
            477960.0,
            468043.0,
            507605.0,
            545015.0,
            575282.0,
            303865.0,
            636061.0,
            614307.0,
            533458.0,
            590213.0,
            334941.0,
            631019.0,
            602146.0,
            320792.0,
            443042.0,
            537022.0,
            451640.0,
            499332.0,
            403799.0,
            430990.0,
            477010.0,
            267575.0,
            637448.0,
            546509.0,
            612794.0,
            546948.0,
            380578.0,
            447065.0,
            431894.0,
            423711.0,
            366999.0
        ]
    },
    "cohesion_parameters": {
        "H": {
            "H": 0.77,
            "NH": 0.23
        },
        "NH": {
            "H": 0.52,
            "NH": 0.48
        }
    },
    "alphas": {
        "H": {
            "H": 1,
            "NH": 1
        },
        "NH": {
            "H": 1,
            "NH": 1
        }
    },
    "slate_to_candidates": {
        "H": [
            "H1",
            "H2",
            "H3",
            "H4",
            "H5"
        ],
        "NH": [
            "NH1",
            "NH2",
            "NH3",
            "NH4",
            "NH5"
        ]
    }
}