{
    "bloc_voter_props": {
        "H": [
            0.18102074388500655,
            0.43913643517836515,
            0.17085537580822407,
            0.37767562566705576,
            0.3974648043349333,
            0.22313800750018647,
            0.37960549823713585,
            0.19207607861014933,
            260667.0,
            462763.0,
            294743.0,
            189592.0,
            232558.0,
            297467.0,
            361470.0,
            250613.0,
            307542.0,
            211309.0,
            155706.0,
            132472.0,
            150224.0,
            145810.0,
            317791.0,
            283671.0,
            338824.0,
            492777.0,
            322196.0,
            248582.0,
            371316.0,
            385823.0,
            608569.0,
            319774.0,
            126302.0,
            128345.0,
            191997.0,
            218887.0,
            186370.0,
            397124.0,
            426902.0,
            298827.0
        ],
        "NH": [
            0.8189792561149934,
            0.5608635648216349,
            0.8291446241917759,
            0.6223243743329442,
            0.6025351956650666,
            0.7768619924998135,
            0.6203945017628641,
            0.8079239213898507,
            512799.0,
            310608.0,
            510447.0,
            590282.0,
            531264.0,
            440916.0,
            380869.0,
            527762.0,
            424927.0,
            534944.0,
            586285.0,
            656746.0,
            645086.0,
            654501.0,
            427904.0,
            468785.0,
            409284.0,
            315429.0,
            453185.0,
            492298.0,
            435837.0,
            379016.0,
            186678.0,
            450170.0,
            639468.0,
            663544.0,
            584881.0,
            585488.0,
            577881.0,
            395250.0,
            333455.0,
            445249.0
        ]
    },
    "cohesion_parameters": {
        "H": {
            "H": 0.77,
            "NH": 0.23
        },
        "NH": {
            "H": 0.52,
            "NH": 0.48
        }
    },
    "alphas": {
        "H": {
            "H": 1,
            "NH": 1
        },
        "NH": {
            "H": 1,
            "NH": 1
        }
    },
    "slate_to_candidates": {
        "H": [
            "H1",
            "H2",
            "H3",
            "H4",
            "H5"
        ],
        "NH": [
            "NH1",
            "NH2",
            "NH3",
            "NH4",
            "NH5"
        ]
    }
}