{
    "bloc_voter_props": {
        "H": [
            0.291974776119962,
            0.26476832443375997,
            0.1751375509719632,
            0.14784206038249006,
            0.5394937203627451,
            0.16689740263514566,
            0.2701709472821878,
            0.28809820409010695,
            579724.0,
            231711.0,
            348095.0,
            267540.0,
            287638.0,
            224981.0,
            273959.0,
            165906.0,
            181523.0,
            307624.0,
            173079.0,
            358147.0,
            137337.0,
            145125.0,
            467299.0,
            290926.0,
            484814.0,
            312752.0,
            279841.0,
            382195.0,
            319282.0,
            263162.0,
            270772.0,
            144491.0,
            226446.0,
            157387.0,
            198817.0,
            364536.0,
            325565.0,
            356025.0,
            390467.0,
            364835.0
        ],
        "NH": [
            0.708025223880038,
            0.73523167556624,
            0.8248624490280368,
            0.85215793961751,
            0.46050627963725493,
            0.8331025973648544,
            0.7298290527178122,
            0.7119017959098931,
            191630.0,
            523652.0,
            443575.0,
            507605.0,
            498243.0,
            575282.0,
            480670.0,
            578474.0,
            610813.0,
            458056.0,
            590213.0,
            388651.0,
            648364.0,
            602146.0,
            316885.0,
            465726.0,
            297203.0,
            451640.0,
            499332.0,
            373342.0,
            476283.0,
            477010.0,
            507394.0,
            637448.0,
            546509.0,
            612794.0,
            608029.0,
            384485.0,
            415051.0,
            431894.0,
            370774.0,
            397456.0
        ]
    },
    "cohesion_parameters": {
        "H": {
            "H": 0.77,
            "NH": 0.23
        },
        "NH": {
            "H": 0.52,
            "NH": 0.48
        }
    },
    "alphas": {
        "H": {
            "H": 1,
            "NH": 1
        },
        "NH": {
            "H": 1,
            "NH": 1
        }
    },
    "slate_to_candidates": {
        "H": [
            "H1",
            "H2",
            "H3",
            "H4",
            "H5"
        ],
        "NH": [
            "NH1",
            "NH2",
            "NH3",
            "NH4",
            "NH5"
        ]
    }
}