{
    "bloc_voter_props": {
        "H": [
            0.43199662407537404,
            0.46831159327630234,
            0.2129626480905507,
            0.18611145277334368,
            0.23595036765627272,
            0.5954859049955809,
            0.49217519019305966,
            0.22691409847867283,
            210610.0,
            255799.0,
            153152.0,
            322544.0,
            204290.0,
            277777.0,
            225944.0,
            106836.0,
            120641.0,
            426757.0,
            322478.0,
            234332.0,
            206023.0,
            188262.0,
            344577.0,
            315180.0,
            208977.0,
            361566.0,
            659523.0,
            375413.0,
            372489.0,
            410861.0,
            298739.0,
            207661.0,
            106771.0,
            141595.0,
            169329.0,
            341529.0,
            336531.0,
            295482.0,
            303713.0,
            243613.0
        ],
        "NH": [
            0.568003375924626,
            0.5316884067236977,
            0.7870373519094492,
            0.8138885472266563,
            0.7640496323437272,
            0.4045140950044191,
            0.5078248098069403,
            0.7730859015213272,
            573815.0,
            484392.0,
            582806.0,
            415399.0,
            547595.0,
            461095.0,
            508592.0,
            644017.0,
            619431.0,
            365714.0,
            454387.0,
            563210.0,
            572548.0,
            620732.0,
            457397.0,
            453103.0,
            595517.0,
            407587.0,
            131877.0,
            384293.0,
            387732.0,
            360781.0,
            456719.0,
            576736.0,
            669418.0,
            643813.0,
            564875.0,
            431940.0,
            455906.0,
            504056.0,
            504208.0,
            556852.0
        ]
    },
    "cohesion_parameters": {
        "H": {
            "H": 0.77,
            "NH": 0.23
        },
        "NH": {
            "H": 0.52,
            "NH": 0.48
        }
    },
    "alphas": {
        "H": {
            "H": 1,
            "NH": 1
        },
        "NH": {
            "H": 1,
            "NH": 1
        }
    },
    "slate_to_candidates": {
        "H": [
            "H1",
            "H2",
            "H3",
            "H4",
            "H5"
        ],
        "NH": [
            "NH1",
            "NH2",
            "NH3",
            "NH4",
            "NH5"
        ]
    }
}