{
    "bloc_voter_props": {
        "H": [
            0.39314442735183247,
            0.2634157933754717,
            0.16272499879865754,
            0.15163803103428575,
            0.2754095502491165,
            0.6018632225817203,
            0.48003213520902305,
            0.20043461395058054,
            208379.0,
            257063.0,
            244198.0,
            222856.0,
            304698.0,
            156028.0,
            313234.0,
            136672.0,
            128160.0,
            281484.0,
            122277.0,
            265419.0,
            297065.0,
            181722.0,
            309152.0,
            283168.0,
            597543.0,
            191123.0,
            486002.0,
            430718.0,
            389876.0,
            279914.0,
            435998.0,
            143854.0,
            224659.0,
            325492.0,
            174998.0,
            338289.0,
            289400.0,
            376949.0,
            261668.0,
            311715.0
        ],
        "NH": [
            0.6068555726481675,
            0.7365842066245283,
            0.8372750012013425,
            0.8483619689657143,
            0.7245904497508835,
            0.39813677741827963,
            0.519967864790977,
            0.7995653860494194,
            568028.0,
            546719.0,
            503264.0,
            537689.0,
            456141.0,
            595928.0,
            424236.0,
            638446.0,
            608976.0,
            499230.0,
            629686.0,
            490104.0,
            489912.0,
            589241.0,
            427551.0,
            455731.0,
            196586.0,
            587278.0,
            313317.0,
            373123.0,
            368968.0,
            523357.0,
            365005.0,
            628544.0,
            524680.0,
            440649.0,
            574818.0,
            444928.0,
            479024.0,
            405908.0,
            497136.0,
            442193.0
        ]
    },
    "cohesion_parameters": {
        "H": {
            "H": 0.77,
            "NH": 0.23
        },
        "NH": {
            "H": 0.52,
            "NH": 0.48
        }
    },
    "alphas": {
        "H": {
            "H": 1,
            "NH": 1
        },
        "NH": {
            "H": 1,
            "NH": 1
        }
    },
    "slate_to_candidates": {
        "H": [
            "H1",
            "H2",
            "H3",
            "H4",
            "H5"
        ],
        "NH": [
            "NH1",
            "NH2",
            "NH3",
            "NH4",
            "NH5"
        ]
    }
}