{
    "bloc_voter_props": {
        "H": [
            0.20403000774759225,
            0.3667700709936167,
            0.22380063749329007,
            0.38461123110151185,
            0.46903137553677793,
            0.16805961368761643,
            0.33063052081766453,
            0.22188955246746456,
            295434.0,
            226881.0,
            339932.0,
            263645.0,
            235995.0,
            447033.0,
            361403.0,
            147759.0,
            450592.0,
            476962.0,
            159154.0,
            115013.0,
            188243.0,
            189569.0,
            285625.0,
            360203.0,
            354477.0,
            298961.0,
            382545.0,
            318560.0,
            555912.0,
            325623.0,
            372963.0,
            270115.0,
            194409.0,
            132160.0,
            124602.0,
            152017.0,
            145134.0,
            325411.0,
            368297.0,
            247195.0
        ],
        "NH": [
            0.7959699922524077,
            0.6332299290063833,
            0.77619936250671,
            0.6153887688984881,
            0.530968624463222,
            0.8319403863123835,
            0.6693694791823355,
            0.7781104475325354,
            451267.0,
            522028.0,
            460571.0,
            525690.0,
            555525.0,
            323679.0,
            414094.0,
            640586.0,
            325016.0,
            290376.0,
            611070.0,
            676714.0,
            599945.0,
            557324.0,
            461160.0,
            409117.0,
            406138.0,
            496270.0,
            411791.0,
            439301.0,
            191519.0,
            407735.0,
            415274.0,
            520495.0,
            572683.0,
            645040.0,
            658416.0,
            607854.0,
            629766.0,
            430869.0,
            410864.0,
            511439.0
        ]
    },
    "cohesion_parameters": {
        "H": {
            "H": 0.77,
            "NH": 0.23
        },
        "NH": {
            "H": 0.52,
            "NH": 0.48
        }
    },
    "alphas": {
        "H": {
            "H": 1,
            "NH": 1
        },
        "NH": {
            "H": 1,
            "NH": 1
        }
    },
    "slate_to_candidates": {
        "H": [
            "H1",
            "H2",
            "H3",
            "H4",
            "H5"
        ],
        "NH": [
            "NH1",
            "NH2",
            "NH3",
            "NH4",
            "NH5"
        ]
    }
}