{
    "bloc_voter_props": {
        "H": [
            0.43199662407537404,
            0.46831159327630234,
            0.13995223208217636,
            0.17727138011657392,
            0.23595036765627272,
            0.5954859049955809,
            0.49217519019305966,
            0.22691409847867283,
            209330.0,
            255799.0,
            153152.0,
            322544.0,
            201667.0,
            277777.0,
            107052.0,
            161549.0,
            120641.0,
            426757.0,
            322478.0,
            196402.0,
            208646.0,
            201231.0,
            335897.0,
            315180.0,
            208977.0,
            399496.0,
            659523.0,
            375413.0,
            372489.0,
            410861.0,
            308699.0,
            207661.0,
            212867.0,
            144709.0,
            169156.0,
            341529.0,
            336531.0,
            295482.0,
            243408.0,
            303918.0
        ],
        "NH": [
            0.568003375924626,
            0.5316884067236977,
            0.8600477679178237,
            0.822728619883426,
            0.7640496323437272,
            0.4045140950044191,
            0.5078248098069403,
            0.7730859015213272,
            596930.0,
            484392.0,
            582806.0,
            415399.0,
            560367.0,
            461095.0,
            669859.0,
            581385.0,
            619431.0,
            365714.0,
            454387.0,
            565160.0,
            559776.0,
            570135.0,
            434724.0,
            453103.0,
            595517.0,
            405637.0,
            131877.0,
            384293.0,
            387732.0,
            360781.0,
            456277.0,
            576736.0,
            559325.0,
            621371.0,
            564298.0,
            431940.0,
            455906.0,
            504056.0,
            558533.0,
            502527.0
        ]
    },
    "cohesion_parameters": {
        "H": {
            "H": 0.77,
            "NH": 0.23
        },
        "NH": {
            "H": 0.52,
            "NH": 0.48
        }
    },
    "alphas": {
        "H": {
            "H": 1,
            "NH": 1
        },
        "NH": {
            "H": 1,
            "NH": 1
        }
    },
    "slate_to_candidates": {
        "H": [
            "H1",
            "H2",
            "H3",
            "H4",
            "H5"
        ],
        "NH": [
            "NH1",
            "NH2",
            "NH3",
            "NH4",
            "NH5"
        ]
    }
}