{
    "bloc_voter_props": {
        "H": [
            0.291974776119962,
            0.16682598513417132,
            0.2515511123180732,
            0.14784206038249006,
            0.403392463255367,
            0.16689740263514566,
            0.2671337214282788,
            0.39616607034698936,
            579724.0,
            231711.0,
            343993.0,
            183433.0,
            389171.0,
            224981.0,
            390336.0,
            165906.0,
            181523.0,
            307624.0,
            117526.0,
            368852.0,
            200863.0,
            145125.0,
            427835.0,
            290926.0,
            277881.0,
            285994.0,
            486774.0,
            382195.0,
            319282.0,
            263162.0,
            270772.0,
            163717.0,
            226446.0,
            193714.0,
            133597.0,
            404000.0,
            325565.0,
            356025.0,
            379762.0,
            290060.0
        ],
        "NH": [
            0.708025223880038,
            0.8331740148658286,
            0.7484488876819267,
            0.85215793961751,
            0.596607536744633,
            0.8331025973648544,
            0.7328662785717213,
            0.6038339296530106,
            191630.0,
            523652.0,
            423439.0,
            600139.0,
            384238.0,
            575282.0,
            417458.0,
            578474.0,
            610813.0,
            458056.0,
            630437.0,
            365925.0,
            555821.0,
            602146.0,
            315877.0,
            465726.0,
            486973.0,
            452119.0,
            309562.0,
            373342.0,
            476283.0,
            477010.0,
            507394.0,
            625035.0,
            546509.0,
            584983.0,
            636641.0,
            385493.0,
            415051.0,
            431894.0,
            393500.0,
            510982.0
        ]
    },
    "cohesion_parameters": {
        "H": {
            "H": 0.77,
            "NH": 0.23
        },
        "NH": {
            "H": 0.52,
            "NH": 0.48
        }
    },
    "alphas": {
        "H": {
            "H": 1,
            "NH": 1
        },
        "NH": {
            "H": 1,
            "NH": 1
        }
    },
    "slate_to_candidates": {
        "H": [
            "H1",
            "H2",
            "H3",
            "H4",
            "H5"
        ],
        "NH": [
            "NH1",
            "NH2",
            "NH3",
            "NH4",
            "NH5"
        ]
    }
}