{
    "bloc_voter_props": {
        "H": [
            0.39549692885499454,
            0.44718642898820893,
            0.19124274220775667,
            0.12597272156742492,
            0.24881180921849663,
            0.4892839720310044,
            0.3025638538678005,
            0.24100725285049787,
            332062.0,
            196298.0,
            145783.0,
            163274.0,
            207406.0,
            364031.0,
            340163.0,
            123456.0,
            160455.0,
            206888.0,
            338583.0,
            388718.0,
            203663.0,
            124512.0,
            253404.0,
            312124.0,
            431339.0,
            429731.0,
            365500.0,
            257314.0,
            389170.0,
            410893.0,
            301614.0,
            274212.0,
            164817.0,
            154104.0,
            186658.0,
            354509.0,
            609149.0,
            134190.0,
            402530.0,
            340751.0
        ],
        "NH": [
            0.6045030711450055,
            0.5528135710117911,
            0.8087572577922433,
            0.8740272784325751,
            0.7511881907815033,
            0.5107160279689956,
            0.6974361461321995,
            0.7589927471495022,
            454220.0,
            585709.0,
            620373.0,
            572961.0,
            601221.0,
            383685.0,
            448183.0,
            646535.0,
            591851.0,
            576554.0,
            426377.0,
            382524.0,
            591375.0,
            648889.0,
            552211.0,
            430560.0,
            306062.0,
            340282.0,
            443676.0,
            486701.0,
            408133.0,
            382549.0,
            442818.0,
            477880.0,
            612012.0,
            625903.0,
            583850.0,
            435902.0,
            154802.0,
            638395.0,
            357932.0,
            457349.0
        ]
    },
    "cohesion_parameters": {
        "H": {
            "H": 0.77,
            "NH": 0.23
        },
        "NH": {
            "H": 0.52,
            "NH": 0.48
        }
    },
    "alphas": {
        "H": {
            "H": 1,
            "NH": 1
        },
        "NH": {
            "H": 1,
            "NH": 1
        }
    },
    "slate_to_candidates": {
        "H": [
            "H1",
            "H2",
            "H3",
            "H4",
            "H5"
        ],
        "NH": [
            "NH1",
            "NH2",
            "NH3",
            "NH4",
            "NH5"
        ]
    }
}