{
    "bloc_voter_props": {
        "H": [
            0.7458752312591557,
            0.1679317832077758,
            0.26443785488958993,
            0.1944947880351198,
            0.541530492286054,
            0.19320270356155714,
            0.41690929970157703,
            0.191964129505681,
            464516.0,
            227083.0,
            376087.0,
            300501.0,
            212535.0,
            221761.0,
            240496.0,
            164749.0,
            218097.0,
            196354.0,
            155155.0,
            290395.0,
            345999.0,
            154837.0,
            304860.0,
            290926.0,
            275088.0,
            391117.0,
            224548.0,
            375329.0,
            202204.0,
            362438.0,
            370762.0,
            197246.0,
            113622.0,
            156085.0,
            134557.0,
            355131.0,
            344343.0,
            370775.0,
            449392.0,
            310105.0
        ],
        "NH": [
            0.2541247687408444,
            0.8320682167922242,
            0.7355621451104101,
            0.8055052119648802,
            0.45846950771394607,
            0.8067972964384429,
            0.583090700298423,
            0.808035870494319,
            284850.0,
            519831.0,
            410818.0,
            470863.0,
            525274.0,
            563788.0,
            554767.0,
            587193.0,
            568026.0,
            572139.0,
            602448.0,
            464628.0,
            453290.0,
            578139.0,
            444246.0,
            465726.0,
            462600.0,
            385075.0,
            562827.0,
            421382.0,
            603734.0,
            437836.0,
            381139.0,
            608349.0,
            624669.0,
            612972.0,
            629016.0,
            377798.0,
            426105.0,
            391447.0,
            310088.0,
            468603.0
        ]
    },
    "cohesion_parameters": {
        "H": {
            "H": 0.77,
            "NH": 0.23
        },
        "NH": {
            "H": 0.52,
            "NH": 0.48
        }
    },
    "alphas": {
        "H": {
            "H": 1,
            "NH": 1
        },
        "NH": {
            "H": 1,
            "NH": 1
        }
    },
    "slate_to_candidates": {
        "H": [
            "H1",
            "H2",
            "H3",
            "H4",
            "H5"
        ],
        "NH": [
            "NH1",
            "NH2",
            "NH3",
            "NH4",
            "NH5"
        ]
    }
}