{
    "bloc_voter_props": {
        "H": [
            0.20608036572679125,
            0.4761127881998401,
            0.22380063749329007,
            0.38461123110151185,
            0.46903137553677793,
            0.16805961368761643,
            0.33063052081766453,
            0.22188955246746456,
            295434.0,
            316144.0,
            258791.0,
            132062.0,
            125088.0,
            447033.0,
            361403.0,
            147759.0,
            450592.0,
            476962.0,
            145033.0,
            246596.0,
            188243.0,
            152326.0,
            546975.0,
            360203.0,
            349029.0,
            304409.0,
            382545.0,
            320537.0,
            288022.0,
            332163.0,
            372963.0,
            270115.0,
            199441.0,
            132160.0,
            124602.0,
            152017.0,
            191466.0,
            325411.0,
            368297.0,
            259215.0
        ],
        "NH": [
            0.7939196342732088,
            0.52388721180016,
            0.77619936250671,
            0.6153887688984881,
            0.530968624463222,
            0.8319403863123835,
            0.6693694791823355,
            0.7781104475325354,
            451267.0,
            438464.0,
            546307.0,
            668312.0,
            608367.0,
            323679.0,
            414094.0,
            640586.0,
            325016.0,
            290376.0,
            636643.0,
            534092.0,
            599945.0,
            590316.0,
            199836.0,
            409117.0,
            429168.0,
            473240.0,
            411791.0,
            446206.0,
            447980.0,
            412598.0,
            415274.0,
            520495.0,
            581188.0,
            645040.0,
            658416.0,
            607854.0,
            562696.0,
            430869.0,
            410864.0,
            546113.0
        ]
    },
    "cohesion_parameters": {
        "H": {
            "H": 0.77,
            "NH": 0.23
        },
        "NH": {
            "H": 0.52,
            "NH": 0.48
        }
    },
    "alphas": {
        "H": {
            "H": 1,
            "NH": 1
        },
        "NH": {
            "H": 1,
            "NH": 1
        }
    },
    "slate_to_candidates": {
        "H": [
            "H1",
            "H2",
            "H3",
            "H4",
            "H5"
        ],
        "NH": [
            "NH1",
            "NH2",
            "NH3",
            "NH4",
            "NH5"
        ]
    }
}