{
    "bloc_voter_props": {
        "H": [
            0.291974776119962,
            0.16682598513417132,
            0.2515511123180732,
            0.14784206038249006,
            0.403392463255367,
            0.16689740263514566,
            0.2671337214282788,
            0.39616607034698936,
            562681.0,
            231711.0,
            343993.0,
            183433.0,
            389171.0,
            224981.0,
            390336.0,
            137826.0,
            181523.0,
            307624.0,
            178691.0,
            324736.0,
            200863.0,
            145125.0,
            427835.0,
            290926.0,
            294924.0,
            285994.0,
            497084.0,
            382195.0,
            308777.0,
            263162.0,
            260462.0,
            163717.0,
            226446.0,
            132549.0,
            161677.0,
            404000.0,
            369681.0,
            356025.0,
            379762.0,
            300565.0
        ],
        "NH": [
            0.708025223880038,
            0.8331740148658286,
            0.7484488876819267,
            0.85215793961751,
            0.596607536744633,
            0.8331025973648544,
            0.7328662785717213,
            0.6038339296530106,
            182606.0,
            523652.0,
            423439.0,
            600139.0,
            384238.0,
            575282.0,
            417458.0,
            638857.0,
            610813.0,
            458056.0,
            591624.0,
            417716.0,
            555821.0,
            602146.0,
            315877.0,
            465726.0,
            495997.0,
            452119.0,
            286006.0,
            373342.0,
            495402.0,
            477010.0,
            530950.0,
            625035.0,
            546509.0,
            623796.0,
            576258.0,
            385493.0,
            363260.0,
            431894.0,
            393500.0,
            491863.0
        ]
    },
    "cohesion_parameters": {
        "H": {
            "H": 0.77,
            "NH": 0.23
        },
        "NH": {
            "H": 0.52,
            "NH": 0.48
        }
    },
    "alphas": {
        "H": {
            "H": 1,
            "NH": 1
        },
        "NH": {
            "H": 1,
            "NH": 1
        }
    },
    "slate_to_candidates": {
        "H": [
            "H1",
            "H2",
            "H3",
            "H4",
            "H5"
        ],
        "NH": [
            "NH1",
            "NH2",
            "NH3",
            "NH4",
            "NH5"
        ]
    }
}