{
    "bloc_voter_props": {
        "H": [
            0.39275811342121,
            0.21493387411723233,
            0.17842793873015117,
            0.14267702105585994,
            0.3769690568897043,
            0.29806511289368737,
            0.3618995016347649,
            0.1628250404463144,
            484246.0,
            282124.0,
            347739.0,
            152802.0,
            340782.0,
            256156.0,
            294217.0,
            156009.0,
            138332.0,
            187493.0,
            243293.0,
            460767.0,
            137859.0,
            214047.0,
            427040.0,
            417045.0,
            608031.0,
            210156.0,
            278737.0,
            284307.0,
            400959.0,
            252198.0,
            246044.0,
            217571.0,
            158059.0,
            152314.0,
            171871.0,
            329012.0,
            405707.0,
            345011.0,
            349269.0,
            324768.0
        ],
        "NH": [
            0.60724188657879,
            0.7850661258827677,
            0.8215720612698488,
            0.8573229789441401,
            0.6230309431102957,
            0.7019348871063127,
            0.6381004983652351,
            0.8371749595536856,
            323736.0,
            498366.0,
            419930.0,
            589747.0,
            465943.0,
            507338.0,
            440333.0,
            577100.0,
            595993.0,
            597668.0,
            513162.0,
            335106.0,
            608245.0,
            551261.0,
            373871.0,
            326841.0,
            176186.0,
            557094.0,
            475056.0,
            452322.0,
            352708.0,
            549140.0,
            530595.0,
            555804.0,
            595875.0,
            630573.0,
            579996.0,
            421847.0,
            397017.0,
            415796.0,
            442986.0,
            434603.0
        ]
    },
    "cohesion_parameters": {
        "H": {
            "H": 0.77,
            "NH": 0.23
        },
        "NH": {
            "H": 0.52,
            "NH": 0.48
        }
    },
    "alphas": {
        "H": {
            "H": 1,
            "NH": 1
        },
        "NH": {
            "H": 1,
            "NH": 1
        }
    },
    "slate_to_candidates": {
        "H": [
            "H1",
            "H2",
            "H3",
            "H4",
            "H5"
        ],
        "NH": [
            "NH1",
            "NH2",
            "NH3",
            "NH4",
            "NH5"
        ]
    }
}