{
    "bloc_voter_props": {
        "H": [
            0.5067062288004551,
            0.18846106424925058,
            0.16892110964447585,
            0.4364618345440746,
            0.4542258059526817,
            0.19202674309574974,
            0.1860230892064959,
            0.2621423066776351,
            326756.0,
            331338.0,
            149298.0,
            108202.0,
            245840.0,
            360149.0,
            361470.0,
            252719.0,
            463788.0,
            247632.0,
            159713.0,
            130366.0,
            296621.0,
            145810.0,
            324235.0,
            283671.0,
            177885.0,
            413470.0,
            388881.0,
            309538.0,
            297901.0,
            578258.0,
            357047.0,
            319774.0,
            202025.0,
            175706.0,
            124547.0,
            354208.0,
            186370.0,
            304021.0,
            255745.0,
            444305.0
        ],
        "NH": [
            0.49329377119954493,
            0.8115389357507494,
            0.8310788903555242,
            0.5635381654559254,
            0.5457741940473183,
            0.8079732569042503,
            0.8139769107935041,
            0.7378576933223648,
            478019.0,
            403490.0,
            646880.0,
            690574.0,
            490298.0,
            386042.0,
            380869.0,
            524945.0,
            342353.0,
            485963.0,
            588706.0,
            659563.0,
            473894.0,
            654501.0,
            470594.0,
            468785.0,
            612723.0,
            323330.0,
            417080.0,
            422608.0,
            448645.0,
            177541.0,
            432673.0,
            450170.0,
            546408.0,
            630981.0,
            675170.0,
            432650.0,
            577881.0,
            441919.0,
            512035.0,
            313961.0
        ]
    },
    "cohesion_parameters": {
        "H": {
            "H": 0.77,
            "NH": 0.23
        },
        "NH": {
            "H": 0.52,
            "NH": 0.48
        }
    },
    "alphas": {
        "H": {
            "H": 1,
            "NH": 1
        },
        "NH": {
            "H": 1,
            "NH": 1
        }
    },
    "slate_to_candidates": {
        "H": [
            "H1",
            "H2",
            "H3",
            "H4",
            "H5"
        ],
        "NH": [
            "NH1",
            "NH2",
            "NH3",
            "NH4",
            "NH5"
        ]
    }
}