{
    "bloc_voter_props": {
        "H": [
            0.31742107434083194,
            0.48082445804683527,
            0.1973601099547548,
            0.14784206038249006,
            0.19036254179203188,
            0.16689740263514566,
            0.2726822960734442,
            0.19287067585448145,
            541894.0,
            569169.0,
            328060.0,
            192113.0,
            225459.0,
            221470.0,
            297293.0,
            110058.0,
            179728.0,
            219946.0,
            189583.0,
            400935.0,
            282757.0,
            223681.0,
            400815.0,
            292741.0,
            273080.0,
            258293.0,
            318276.0,
            426160.0,
            347317.0,
            207818.0,
            265217.0,
            154606.0,
            226446.0,
            206195.0,
            239232.0,
            364047.0,
            452021.0,
            356025.0,
            324344.0,
            315026.0
        ],
        "NH": [
            0.6825789256591681,
            0.5191755419531647,
            0.8026398900452452,
            0.85215793961751,
            0.8096374582079682,
            0.8331025973648544,
            0.7273177039265558,
            0.8071293241455185,
            265137.0,
            239598.0,
            442730.0,
            606345.0,
            538622.0,
            574740.0,
            468043.0,
            649979.0,
            614307.0,
            569204.0,
            558183.0,
            387712.0,
            468986.0,
            566661.0,
            384247.0,
            443042.0,
            480186.0,
            516872.0,
            452910.0,
            332147.0,
            401311.0,
            527398.0,
            524145.0,
            648848.0,
            546509.0,
            534684.0,
            545501.0,
            381120.0,
            282887.0,
            431894.0,
            423711.0,
            447970.0
        ]
    },
    "cohesion_parameters": {
        "H": {
            "H": 0.77,
            "NH": 0.23
        },
        "NH": {
            "H": 0.52,
            "NH": 0.48
        }
    },
    "alphas": {
        "H": {
            "H": 1,
            "NH": 1
        },
        "NH": {
            "H": 1,
            "NH": 1
        }
    },
    "slate_to_candidates": {
        "H": [
            "H1",
            "H2",
            "H3",
            "H4",
            "H5"
        ],
        "NH": [
            "NH1",
            "NH2",
            "NH3",
            "NH4",
            "NH5"
        ]
    }
}