{
    "bloc_voter_props": {
        "H": [
            0.39314442735183247,
            0.39311762501860587,
            0.1682587461989741,
            0.14689949452178389,
            0.2754095502491165,
            0.5826426726519519,
            0.48003213520902305,
            0.19710502744078373,
            294867.0,
            205256.0,
            153152.0,
            222856.0,
            192275.0,
            238050.0,
            326183.0,
            161549.0,
            227404.0,
            376580.0,
            159873.0,
            602383.0,
            208614.0,
            315084.0,
            317661.0,
            315180.0,
            264304.0,
            320559.0,
            441457.0,
            393689.0,
            389876.0,
            359310.0,
            284011.0,
            144378.0,
            102425.0,
            161775.0,
            174998.0,
            341529.0,
            290444.0,
            379876.0,
            261668.0,
            294710.0
        ],
        "NH": [
            0.6068555726481675,
            0.6068823749813941,
            0.8317412538010259,
            0.8531005054782161,
            0.7245904497508835,
            0.41735732734804804,
            0.519967864790977,
            0.8028949725592163,
            478054.0,
            601102.0,
            582806.0,
            537689.0,
            574370.0,
            554694.0,
            458531.0,
            581385.0,
            522408.0,
            399058.0,
            644789.0,
            157252.0,
            583747.0,
            422437.0,
            435986.0,
            453103.0,
            543602.0,
            438121.0,
            339701.0,
            385466.0,
            368968.0,
            437480.0,
            517179.0,
            645130.0,
            704230.0,
            588244.0,
            574818.0,
            431940.0,
            482263.0,
            400437.0,
            497136.0,
            461698.0
        ]
    },
    "cohesion_parameters": {
        "H": {
            "H": 0.77,
            "NH": 0.23
        },
        "NH": {
            "H": 0.52,
            "NH": 0.48
        }
    },
    "alphas": {
        "H": {
            "H": 1,
            "NH": 1
        },
        "NH": {
            "H": 1,
            "NH": 1
        }
    },
    "slate_to_candidates": {
        "H": [
            "H1",
            "H2",
            "H3",
            "H4",
            "H5"
        ],
        "NH": [
            "NH1",
            "NH2",
            "NH3",
            "NH4",
            "NH5"
        ]
    }
}