{
    "bloc_voter_props": {
        "H": [
            0.20403000774759225,
            0.3815816903537162,
            0.22380063749329007,
            0.384776314407717,
            0.46903137553677793,
            0.16805961368761643,
            0.33063052081766453,
            0.22188955246746456,
            333850.0,
            223284.0,
            338915.0,
            127740.0,
            238622.0,
            436793.0,
            361403.0,
            147759.0,
            456084.0,
            478949.0,
            105356.0,
            254568.0,
            195121.0,
            185919.0,
            314634.0,
            367037.0,
            359130.0,
            304548.0,
            607950.0,
            251739.0,
            358829.0,
            336820.0,
            307234.0,
            266068.0,
            194409.0,
            138750.0,
            178400.0,
            145139.0,
            138544.0,
            327192.0,
            368297.0,
            247195.0
        ],
        "NH": [
            0.7959699922524077,
            0.6184183096462839,
            0.77619936250671,
            0.615223685592283,
            0.530968624463222,
            0.8319403863123835,
            0.6693694791823355,
            0.7781104475325354,
            405338.0,
            523316.0,
            464883.0,
            681199.0,
            546345.0,
            339455.0,
            414094.0,
            640586.0,
            341257.0,
            293956.0,
            691027.0,
            522146.0,
            609027.0,
            556383.0,
            427048.0,
            437050.0,
            396671.0,
            489961.0,
            165458.0,
            493154.0,
            444252.0,
            404506.0,
            441095.0,
            497336.0,
            572683.0,
            609219.0,
            578459.0,
            598772.0,
            665587.0,
            411167.0,
            410864.0,
            511439.0
        ]
    },
    "cohesion_parameters": {
        "H": {
            "H": 0.77,
            "NH": 0.23
        },
        "NH": {
            "H": 0.52,
            "NH": 0.48
        }
    },
    "alphas": {
        "H": {
            "H": 1,
            "NH": 1
        },
        "NH": {
            "H": 1,
            "NH": 1
        }
    },
    "slate_to_candidates": {
        "H": [
            "H1",
            "H2",
            "H3",
            "H4",
            "H5"
        ],
        "NH": [
            "NH1",
            "NH2",
            "NH3",
            "NH4",
            "NH5"
        ]
    }
}