{
    "bloc_voter_props": {
        "H": [
            0.31742107434083194,
            0.22159665991902833,
            0.17842793873015117,
            0.14784206038249006,
            0.3769690568897043,
            0.29806511289368737,
            0.3618995016347649,
            0.20199173410045212,
            484246.0,
            288397.0,
            347739.0,
            156625.0,
            349375.0,
            256156.0,
            414435.0,
            135751.0,
            180060.0,
            210266.0,
            226890.0,
            425467.0,
            137859.0,
            230713.0,
            427040.0,
            292741.0,
            601758.0,
            208310.0,
            278737.0,
            275714.0,
            436259.0,
            298983.0,
            223271.0,
            189930.0,
            141647.0,
            147292.0,
            169806.0,
            329012.0,
            405707.0,
            345011.0,
            346276.0,
            324768.0
        ],
        "NH": [
            0.6825789256591681,
            0.7784033400809717,
            0.8215720612698488,
            0.85215793961751,
            0.6230309431102957,
            0.7019348871063127,
            0.6381004983652351,
            0.7980082658995479,
            323736.0,
            493069.0,
            419930.0,
            598205.0,
            414922.0,
            507338.0,
            320503.0,
            666704.0,
            552526.0,
            554389.0,
            554865.0,
            374803.0,
            608245.0,
            504729.0,
            373871.0,
            443042.0,
            181483.0,
            573383.0,
            475056.0,
            503343.0,
            313011.0,
            470338.0,
            573874.0,
            603249.0,
            602885.0,
            629307.0,
            576780.0,
            421847.0,
            397017.0,
            415796.0,
            393055.0,
            434603.0
        ]
    },
    "cohesion_parameters": {
        "H": {
            "H": 0.77,
            "NH": 0.23
        },
        "NH": {
            "H": 0.52,
            "NH": 0.48
        }
    },
    "alphas": {
        "H": {
            "H": 1,
            "NH": 1
        },
        "NH": {
            "H": 1,
            "NH": 1
        }
    },
    "slate_to_candidates": {
        "H": [
            "H1",
            "H2",
            "H3",
            "H4",
            "H5"
        ],
        "NH": [
            "NH1",
            "NH2",
            "NH3",
            "NH4",
            "NH5"
        ]
    }
}