{
    "bloc_voter_props": {
        "H": [
            0.39314442735183247,
            0.39311762501860587,
            0.16272499879865754,
            0.15163803103428575,
            0.2754095502491165,
            0.5826426726519519,
            0.48003213520902305,
            0.22324111985849823,
            166538.0,
            197886.0,
            239144.0,
            222856.0,
            331441.0,
            148757.0,
            316147.0,
            147998.0,
            226713.0,
            373579.0,
            122277.0,
            584554.0,
            203009.0,
            161403.0,
            317661.0,
            315180.0,
            415863.0,
            299417.0,
            409319.0,
            393689.0,
            389876.0,
            280096.0,
            374420.0,
            143854.0,
            113981.0,
            325492.0,
            174998.0,
            349613.0,
            289400.0,
            380920.0,
            261668.0,
            203421.0
        ],
        "NH": [
            0.6068555726481675,
            0.6068823749813941,
            0.8372750012013425,
            0.8483619689657143,
            0.7245904497508835,
            0.41735732734804804,
            0.519967864790977,
            0.7767588801415017,
            614904.0,
            605074.0,
            557072.0,
            537689.0,
            445632.0,
            583795.0,
            428643.0,
            607295.0,
            518918.0,
            411949.0,
            629686.0,
            188889.0,
            547829.0,
            599920.0,
            435986.0,
            453103.0,
            384451.0,
            443742.0,
            354851.0,
            385466.0,
            368968.0,
            526549.0,
            419554.0,
            628544.0,
            642525.0,
            440649.0,
            574818.0,
            430784.0,
            479024.0,
            403676.0,
            497136.0,
            585729.0
        ]
    },
    "cohesion_parameters": {
        "H": {
            "H": 0.77,
            "NH": 0.23
        },
        "NH": {
            "H": 0.52,
            "NH": 0.48
        }
    },
    "alphas": {
        "H": {
            "H": 1,
            "NH": 1
        },
        "NH": {
            "H": 1,
            "NH": 1
        }
    },
    "slate_to_candidates": {
        "H": [
            "H1",
            "H2",
            "H3",
            "H4",
            "H5"
        ],
        "NH": [
            "NH1",
            "NH2",
            "NH3",
            "NH4",
            "NH5"
        ]
    }
}