{
    "bloc_voter_props": {
        "H": [
            0.39275811342121,
            0.18192822810087925,
            0.17062152253384888,
            0.1916070388240742,
            0.43799003620128224,
            0.29806511289368737,
            0.24537065732792016,
            0.1628250404463144,
            484246.0,
            218234.0,
            369339.0,
            245588.0,
            365009.0,
            152340.0,
            313234.0,
            109018.0,
            155217.0,
            281484.0,
            243293.0,
            297257.0,
            315258.0,
            121261.0,
            332204.0,
            417045.0,
            571653.0,
            210156.0,
            222283.0,
            284307.0,
            400959.0,
            269153.0,
            404363.0,
            112028.0,
            201030.0,
            216982.0,
            171871.0,
            367794.0,
            355475.0,
            337121.0,
            330252.0,
            443207.0
        ],
        "NH": [
            0.60724188657879,
            0.8180717718991207,
            0.8293784774661511,
            0.8083929611759257,
            0.5620099637987177,
            0.7019348871063127,
            0.7546293426720798,
            0.8371749595536856,
            323736.0,
            583196.0,
            402820.0,
            527382.0,
            437472.0,
            592698.0,
            424236.0,
            686692.0,
            577007.0,
            499230.0,
            513162.0,
            463193.0,
            430965.0,
            613626.0,
            460951.0,
            326841.0,
            197728.0,
            557094.0,
            534066.0,
            452322.0,
            352708.0,
            519612.0,
            369979.0,
            662228.0,
            531307.0,
            554029.0,
            579996.0,
            437582.0,
            421231.0,
            447258.0,
            459083.0,
            346094.0
        ]
    },
    "cohesion_parameters": {
        "H": {
            "H": 0.77,
            "NH": 0.23
        },
        "NH": {
            "H": 0.52,
            "NH": 0.48
        }
    },
    "alphas": {
        "H": {
            "H": 1,
            "NH": 1
        },
        "NH": {
            "H": 1,
            "NH": 1
        }
    },
    "slate_to_candidates": {
        "H": [
            "H1",
            "H2",
            "H3",
            "H4",
            "H5"
        ],
        "NH": [
            "NH1",
            "NH2",
            "NH3",
            "NH4",
            "NH5"
        ]
    }
}