{
    "bloc_voter_props": {
        "H": [
            0.31742107434083194,
            0.2713908255279614,
            0.18493579862599285,
            0.14784206038249006,
            0.3769690568897043,
            0.22489150756023857,
            0.2726822960734442,
            0.2858804329475323,
            364477.0,
            597587.0,
            406053.0,
            192113.0,
            323411.0,
            330085.0,
            332192.0,
            153003.0,
            180060.0,
            219946.0,
            128780.0,
            367153.0,
            137859.0,
            213677.0,
            429083.0,
            292741.0,
            426986.0,
            161464.0,
            318276.0,
            435762.0,
            319049.0,
            259444.0,
            213591.0,
            215409.0,
            140447.0,
            147292.0,
            240446.0,
            411255.0,
            405707.0,
            326094.0,
            324344.0,
            310119.0
        ],
        "NH": [
            0.6825789256591681,
            0.7286091744720387,
            0.8150642013740071,
            0.85215793961751,
            0.6230309431102957,
            0.7751084924397614,
            0.7273177039265558,
            0.7141195670524677,
            427546.0,
            210444.0,
            358616.0,
            606345.0,
            469981.0,
            446845.0,
            400915.0,
            645887.0,
            552526.0,
            569204.0,
            648658.0,
            436117.0,
            608245.0,
            543582.0,
            334848.0,
            443042.0,
            369312.0,
            583934.0,
            452910.0,
            343022.0,
            450710.0,
            492484.0,
            559059.0,
            558373.0,
            600532.0,
            629307.0,
            558048.0,
            341435.0,
            397017.0,
            422382.0,
            423711.0,
            425589.0
        ]
    },
    "cohesion_parameters": {
        "H": {
            "H": 0.77,
            "NH": 0.23
        },
        "NH": {
            "H": 0.52,
            "NH": 0.48
        }
    },
    "alphas": {
        "H": {
            "H": 1,
            "NH": 1
        },
        "NH": {
            "H": 1,
            "NH": 1
        }
    },
    "slate_to_candidates": {
        "H": [
            "H1",
            "H2",
            "H3",
            "H4",
            "H5"
        ],
        "NH": [
            "NH1",
            "NH2",
            "NH3",
            "NH4",
            "NH5"
        ]
    }
}