{
    "bloc_voter_props": {
        "H": [
            0.20403000774759225,
            0.3815816903537162,
            0.1696496364806652,
            0.384776314407717,
            0.47829417157958676,
            0.22313800750018647,
            0.33063052081766453,
            0.42799118512555917,
            333850.0,
            211521.0,
            604755.0,
            146982.0,
            291114.0,
            438851.0,
            361403.0,
            128517.0,
            307542.0,
            478949.0,
            105356.0,
            254568.0,
            195121.0,
            185919.0,
            314634.0,
            210710.0,
            359130.0,
            304548.0,
            334039.0,
            251739.0,
            388306.0,
            336820.0,
            245099.0,
            266068.0,
            194409.0,
            138750.0,
            178400.0,
            145139.0,
            138544.0,
            460580.0,
            368297.0,
            262349.0
        ],
        "NH": [
            0.7959699922524077,
            0.6184183096462839,
            0.8303503635193348,
            0.615223685592283,
            0.5217058284204132,
            0.7768619924998135,
            0.6693694791823355,
            0.5720088148744408,
            405338.0,
            521442.0,
            198045.0,
            659423.0,
            476695.0,
            357358.0,
            414094.0,
            662362.0,
            424927.0,
            293956.0,
            691027.0,
            522146.0,
            609027.0,
            556383.0,
            427048.0,
            592741.0,
            396671.0,
            489961.0,
            458947.0,
            493154.0,
            419107.0,
            404506.0,
            511113.0,
            497336.0,
            572683.0,
            609219.0,
            578459.0,
            598772.0,
            665587.0,
            339620.0,
            410864.0,
            499316.0
        ]
    },
    "cohesion_parameters": {
        "H": {
            "H": 0.77,
            "NH": 0.23
        },
        "NH": {
            "H": 0.52,
            "NH": 0.48
        }
    },
    "alphas": {
        "H": {
            "H": 1,
            "NH": 1
        },
        "NH": {
            "H": 1,
            "NH": 1
        }
    },
    "slate_to_candidates": {
        "H": [
            "H1",
            "H2",
            "H3",
            "H4",
            "H5"
        ],
        "NH": [
            "NH1",
            "NH2",
            "NH3",
            "NH4",
            "NH5"
        ]
    }
}