{
    "bloc_voter_props": {
        "H": [
            0.7458752312591557,
            0.24060326841710117,
            0.1800977239879915,
            0.20557433727264798,
            0.48440930764333695,
            0.26641581066316783,
            0.3608247695345199,
            0.191964129505681,
            456942.0,
            227083.0,
            382823.0,
            300501.0,
            322346.0,
            246068.0,
            349491.0,
            128766.0,
            275717.0,
            228388.0,
            155155.0,
            340070.0,
            200454.0,
            173704.0,
            162538.0,
            290926.0,
            275088.0,
            386482.0,
            200088.0,
            375329.0,
            347749.0,
            252627.0,
            408298.0,
            178379.0,
            113622.0,
            156085.0,
            112920.0,
            359818.0,
            344343.0,
            370775.0,
            399717.0,
            310105.0
        ],
        "NH": [
            0.2541247687408444,
            0.7593967315828989,
            0.8199022760120085,
            0.794425662727352,
            0.5155906923566631,
            0.7335841893368322,
            0.6391752304654801,
            0.808035870494319,
            287403.0,
            519831.0,
            414580.0,
            470863.0,
            455288.0,
            508483.0,
            455820.0,
            606299.0,
            517642.0,
            526284.0,
            602448.0,
            434349.0,
            605191.0,
            626926.0,
            601826.0,
            465726.0,
            462600.0,
            374185.0,
            606129.0,
            421382.0,
            451833.0,
            507822.0,
            346913.0,
            559562.0,
            624669.0,
            612972.0,
            660294.0,
            373549.0,
            426105.0,
            391447.0,
            340367.0,
            468603.0
        ]
    },
    "cohesion_parameters": {
        "H": {
            "H": 0.77,
            "NH": 0.23
        },
        "NH": {
            "H": 0.52,
            "NH": 0.48
        }
    },
    "alphas": {
        "H": {
            "H": 1,
            "NH": 1
        },
        "NH": {
            "H": 1,
            "NH": 1
        }
    },
    "slate_to_candidates": {
        "H": [
            "H1",
            "H2",
            "H3",
            "H4",
            "H5"
        ],
        "NH": [
            "NH1",
            "NH2",
            "NH3",
            "NH4",
            "NH5"
        ]
    }
}