{
    "bloc_voter_props": {
        "H": [
            0.3926047799340562,
            0.28531518009733864,
            0.16711274186002578,
            0.1916070388240742,
            0.3193272274557451,
            0.6018632225817203,
            0.48003213520902305,
            0.23419455777071654,
            208379.0,
            269980.0,
            138748.0,
            271764.0,
            304698.0,
            152340.0,
            313234.0,
            101582.0,
            198300.0,
            281484.0,
            217117.0,
            270576.0,
            331628.0,
            152924.0,
            332204.0,
            282110.0,
            571456.0,
            233392.0,
            473085.0,
            428596.0,
            400959.0,
            269153.0,
            404363.0,
            112028.0,
            161586.0,
            128401.0,
            171871.0,
            339321.0,
            289400.0,
            365594.0,
            330252.0,
            359229.0
        ],
        "NH": [
            0.6073952200659438,
            0.7146848199026613,
            0.8328872581399742,
            0.8083929611759257,
            0.6806727725442548,
            0.39813677741827963,
            0.519967864790977,
            0.7658054422292835,
            568028.0,
            528852.0,
            605642.0,
            519166.0,
            456141.0,
            592698.0,
            424236.0,
            633309.0,
            550233.0,
            499230.0,
            521378.0,
            476127.0,
            470424.0,
            609901.0,
            460951.0,
            466962.0,
            197128.0,
            518263.0,
            331184.0,
            353158.0,
            352708.0,
            519612.0,
            369979.0,
            662228.0,
            617889.0,
            617826.0,
            579996.0,
            444392.0,
            479024.0,
            440448.0,
            459083.0,
            426589.0
        ]
    },
    "cohesion_parameters": {
        "H": {
            "H": 0.77,
            "NH": 0.23
        },
        "NH": {
            "H": 0.52,
            "NH": 0.48
        }
    },
    "alphas": {
        "H": {
            "H": 1,
            "NH": 1
        },
        "NH": {
            "H": 1,
            "NH": 1
        }
    },
    "slate_to_candidates": {
        "H": [
            "H1",
            "H2",
            "H3",
            "H4",
            "H5"
        ],
        "NH": [
            "NH1",
            "NH2",
            "NH3",
            "NH4",
            "NH5"
        ]
    }
}