{
    "bloc_voter_props": {
        "H": [
            0.5067062288004551,
            0.18846106424925058,
            0.16892110964447585,
            0.4364618345440746,
            0.4542258059526817,
            0.18952490767469238,
            0.4884266570410143,
            0.2621423066776351,
            326756.0,
            257175.0,
            149298.0,
            108202.0,
            173498.0,
            360149.0,
            132756.0,
            243021.0,
            463788.0,
            247632.0,
            163271.0,
            140064.0,
            296621.0,
            145810.0,
            324235.0,
            283671.0,
            250227.0,
            353192.0,
            388881.0,
            309538.0,
            297901.0,
            578258.0,
            417325.0,
            319774.0,
            202025.0,
            175706.0,
            124547.0,
            354208.0,
            186370.0,
            304021.0,
            329908.0,
            444305.0
        ],
        "NH": [
            0.49329377119954493,
            0.8115389357507494,
            0.8310788903555242,
            0.5635381654559254,
            0.5457741940473183,
            0.8104750923253076,
            0.5115733429589857,
            0.7378576933223648,
            478019.0,
            499917.0,
            646880.0,
            690574.0,
            601371.0,
            386042.0,
            641095.0,
            526250.0,
            342353.0,
            485963.0,
            593982.0,
            658258.0,
            473894.0,
            654501.0,
            470594.0,
            468785.0,
            501650.0,
            427676.0,
            417080.0,
            422608.0,
            448645.0,
            177541.0,
            328327.0,
            450170.0,
            546408.0,
            630981.0,
            675170.0,
            432650.0,
            577881.0,
            441919.0,
            415608.0,
            313961.0
        ]
    },
    "cohesion_parameters": {
        "H": {
            "H": 0.77,
            "NH": 0.23
        },
        "NH": {
            "H": 0.52,
            "NH": 0.48
        }
    },
    "alphas": {
        "H": {
            "H": 1,
            "NH": 1
        },
        "NH": {
            "H": 1,
            "NH": 1
        }
    },
    "slate_to_candidates": {
        "H": [
            "H1",
            "H2",
            "H3",
            "H4",
            "H5"
        ],
        "NH": [
            "NH1",
            "NH2",
            "NH3",
            "NH4",
            "NH5"
        ]
    }
}