{
    "bloc_voter_props": {
        "H": [
            0.31742107434083194,
            0.22159665991902833,
            0.18493579862599285,
            0.14784206038249006,
            0.3769690568897043,
            0.22489150756023857,
            0.3618995016347649,
            0.16558466488493462,
            364477.0,
            597587.0,
            406053.0,
            156625.0,
            332030.0,
            256156.0,
            414435.0,
            152447.0,
            180060.0,
            219946.0,
            245908.0,
            367153.0,
            137859.0,
            211695.0,
            296324.0,
            292741.0,
            426986.0,
            208310.0,
            318276.0,
            423775.0,
            455176.0,
            259444.0,
            213591.0,
            215409.0,
            141003.0,
            147292.0,
            240446.0,
            329012.0,
            405707.0,
            326094.0,
            324344.0,
            310119.0
        ],
        "NH": [
            0.6825789256591681,
            0.7784033400809717,
            0.8150642013740071,
            0.85215793961751,
            0.6230309431102957,
            0.7751084924397614,
            0.6381004983652351,
            0.8344153351150654,
            427546.0,
            210444.0,
            358616.0,
            598205.0,
            443300.0,
            507338.0,
            320503.0,
            641043.0,
            552526.0,
            569204.0,
            501503.0,
            436117.0,
            608245.0,
            558091.0,
            471604.0,
            443042.0,
            369312.0,
            573383.0,
            452910.0,
            377232.0,
            306425.0,
            492484.0,
            559059.0,
            558373.0,
            605376.0,
            629307.0,
            558048.0,
            421847.0,
            397017.0,
            422382.0,
            423711.0,
            425589.0
        ]
    },
    "cohesion_parameters": {
        "H": {
            "H": 0.77,
            "NH": 0.23
        },
        "NH": {
            "H": 0.52,
            "NH": 0.48
        }
    },
    "alphas": {
        "H": {
            "H": 1,
            "NH": 1
        },
        "NH": {
            "H": 1,
            "NH": 1
        }
    },
    "slate_to_candidates": {
        "H": [
            "H1",
            "H2",
            "H3",
            "H4",
            "H5"
        ],
        "NH": [
            "NH1",
            "NH2",
            "NH3",
            "NH4",
            "NH5"
        ]
    }
}