{
    "bloc_voter_props": {
        "H": [
            0.4126689203015396,
            0.44117374349627525,
            0.18226596442601312,
            0.21551241165316326,
            0.238106290650198,
            0.5954859049955809,
            0.558327280083121,
            0.22691409847867283,
            216108.0,
            255799.0,
            130189.0,
            373286.0,
            204290.0,
            277777.0,
            225944.0,
            123473.0,
            185007.0,
            435796.0,
            271736.0,
            207179.0,
            347639.0,
            314726.0,
            647040.0,
            134794.0,
            208977.0,
            383221.0,
            336454.0,
            207658.0,
            376756.0,
            431467.0,
            298739.0,
            130983.0,
            183449.0,
            119265.0,
            169329.0,
            369327.0,
            336531.0,
            289456.0,
            303713.0,
            268335.0
        ],
        "NH": [
            0.5873310796984604,
            0.5588262565037247,
            0.8177340355739869,
            0.7844875883468367,
            0.761893709349802,
            0.4045140950044191,
            0.4416727199168789,
            0.7730859015213272,
            582438.0,
            484392.0,
            611848.0,
            389300.0,
            547595.0,
            461095.0,
            508592.0,
            625516.0,
            591809.0,
            366922.0,
            480486.0,
            542924.0,
            455553.0,
            449458.0,
            157077.0,
            667095.0,
            595517.0,
            419250.0,
            467820.0,
            548628.0,
            405281.0,
            325158.0,
            456719.0,
            625706.0,
            620448.0,
            663462.0,
            564875.0,
            428806.0,
            455906.0,
            515038.0,
            504208.0,
            499279.0
        ]
    },
    "cohesion_parameters": {
        "H": {
            "H": 0.77,
            "NH": 0.23
        },
        "NH": {
            "H": 0.52,
            "NH": 0.48
        }
    },
    "alphas": {
        "H": {
            "H": 1,
            "NH": 1
        },
        "NH": {
            "H": 1,
            "NH": 1
        }
    },
    "slate_to_candidates": {
        "H": [
            "H1",
            "H2",
            "H3",
            "H4",
            "H5"
        ],
        "NH": [
            "NH1",
            "NH2",
            "NH3",
            "NH4",
            "NH5"
        ]
    }
}