{
    "bloc_voter_props": {
        "H": [
            0.20308228523231872,
            0.4488238128322459,
            0.1696496364806652,
            0.384776314407717,
            0.47829417157958676,
            0.22313800750018647,
            0.39173651796486364,
            0.42799118512555917,
            251255.0,
            211521.0,
            604755.0,
            187091.0,
            232468.0,
            341966.0,
            318630.0,
            128517.0,
            307542.0,
            478949.0,
            105356.0,
            254568.0,
            195121.0,
            145810.0,
            314634.0,
            210710.0,
            359130.0,
            304548.0,
            322196.0,
            251739.0,
            388306.0,
            433705.0,
            315588.0,
            266068.0,
            194409.0,
            128345.0,
            178400.0,
            145139.0,
            148949.0,
            460580.0,
            368297.0,
            298827.0
        ],
        "NH": [
            0.7969177147676813,
            0.5511761871677541,
            0.8303503635193348,
            0.615223685592283,
            0.5217058284204132,
            0.7768619924998135,
            0.6082634820351364,
            0.5720088148744408,
            509279.0,
            521442.0,
            198045.0,
            561305.0,
            554345.0,
            455749.0,
            467972.0,
            662362.0,
            424927.0,
            293956.0,
            691027.0,
            522146.0,
            609027.0,
            654501.0,
            427048.0,
            592741.0,
            396671.0,
            489961.0,
            453185.0,
            493154.0,
            419107.0,
            306115.0,
            439225.0,
            497336.0,
            572683.0,
            663544.0,
            578459.0,
            598772.0,
            611262.0,
            339620.0,
            410864.0,
            445249.0
        ]
    },
    "cohesion_parameters": {
        "H": {
            "H": 0.77,
            "NH": 0.23
        },
        "NH": {
            "H": 0.52,
            "NH": 0.48
        }
    },
    "alphas": {
        "H": {
            "H": 1,
            "NH": 1
        },
        "NH": {
            "H": 1,
            "NH": 1
        }
    },
    "slate_to_candidates": {
        "H": [
            "H1",
            "H2",
            "H3",
            "H4",
            "H5"
        ],
        "NH": [
            "NH1",
            "NH2",
            "NH3",
            "NH4",
            "NH5"
        ]
    }
}