{
    "bloc_voter_props": {
        "H": [
            0.19986999857443105,
            0.19339242247333321,
            0.16892110964447585,
            0.4364618345440746,
            0.4542258059526817,
            0.16452940257305068,
            0.1860230892064959,
            0.2621423066776351,
            336404.0,
            462763.0,
            318917.0,
            108202.0,
            243294.0,
            444512.0,
            361470.0,
            250613.0,
            463788.0,
            212519.0,
            159713.0,
            132472.0,
            283153.0,
            145810.0,
            281346.0,
            283671.0,
            342349.0,
            351291.0,
            311460.0,
            309538.0,
            404103.0,
            578258.0,
            357047.0,
            319774.0,
            202025.0,
            175706.0,
            142780.0,
            374913.0,
            186370.0,
            304021.0,
            247270.0,
            250089.0
        ],
        "NH": [
            0.800130001425569,
            0.8066075775266668,
            0.8310788903555242,
            0.5635381654559254,
            0.5457741940473183,
            0.8354705974269493,
            0.8139769107935041,
            0.7378576933223648,
            425186.0,
            310608.0,
            487035.0,
            690574.0,
            496472.0,
            288230.0,
            380869.0,
            527762.0,
            342353.0,
            549473.0,
            588706.0,
            656746.0,
            477932.0,
            654501.0,
            466747.0,
            468785.0,
            454563.0,
            427976.0,
            487977.0,
            422608.0,
            401562.0,
            177541.0,
            432673.0,
            450170.0,
            546408.0,
            630981.0,
            641919.0,
            429663.0,
            577881.0,
            441919.0,
            494217.0,
            482839.0
        ]
    },
    "cohesion_parameters": {
        "H": {
            "H": 0.77,
            "NH": 0.23
        },
        "NH": {
            "H": 0.52,
            "NH": 0.48
        }
    },
    "alphas": {
        "H": {
            "H": 1,
            "NH": 1
        },
        "NH": {
            "H": 1,
            "NH": 1
        }
    },
    "slate_to_candidates": {
        "H": [
            "H1",
            "H2",
            "H3",
            "H4",
            "H5"
        ],
        "NH": [
            "NH1",
            "NH2",
            "NH3",
            "NH4",
            "NH5"
        ]
    }
}