{
    "bloc_voter_props": {
        "H": [
            0.31742107434083194,
            0.45988035445791614,
            0.2069533492435181,
            0.14784206038249006,
            0.29353035350683127,
            0.22489150756023857,
            0.2726822960734442,
            0.2858804329475323,
            541894.0,
            569169.0,
            406053.0,
            192113.0,
            323411.0,
            330085.0,
            332192.0,
            105057.0,
            228006.0,
            219946.0,
            128780.0,
            219255.0,
            201787.0,
            214570.0,
            400815.0,
            292741.0,
            277987.0,
            161464.0,
            318276.0,
            435762.0,
            347317.0,
            259444.0,
            213591.0,
            215409.0,
            122041.0,
            146399.0,
            240446.0,
            411255.0,
            405707.0,
            326094.0,
            324344.0,
            310119.0
        ],
        "NH": [
            0.6825789256591681,
            0.5401196455420839,
            0.793046650756482,
            0.85215793961751,
            0.7064696464931687,
            0.7751084924397614,
            0.7273177039265558,
            0.7141195670524677,
            265137.0,
            239598.0,
            358616.0,
            606345.0,
            469981.0,
            446845.0,
            400915.0,
            648157.0,
            550256.0,
            569204.0,
            648658.0,
            581811.0,
            543018.0,
            564463.0,
            384247.0,
            443042.0,
            502567.0,
            583934.0,
            452910.0,
            343022.0,
            401311.0,
            492484.0,
            559059.0,
            558373.0,
            614894.0,
            608426.0,
            558048.0,
            341435.0,
            397017.0,
            422382.0,
            423711.0,
            425589.0
        ]
    },
    "cohesion_parameters": {
        "H": {
            "H": 0.77,
            "NH": 0.23
        },
        "NH": {
            "H": 0.52,
            "NH": 0.48
        }
    },
    "alphas": {
        "H": {
            "H": 1,
            "NH": 1
        },
        "NH": {
            "H": 1,
            "NH": 1
        }
    },
    "slate_to_candidates": {
        "H": [
            "H1",
            "H2",
            "H3",
            "H4",
            "H5"
        ],
        "NH": [
            "NH1",
            "NH2",
            "NH3",
            "NH4",
            "NH5"
        ]
    }
}