{
    "bloc_voter_props": {
        "H": [
            0.3493710979602627,
            0.4763774153060724,
            0.21391359908764954,
            0.20651766303659297,
            0.23969943189573026,
            0.5954859049955809,
            0.5537892850844898,
            0.1408178310154602,
            378239.0,
            324712.0,
            130189.0,
            191282.0,
            419692.0,
            335967.0,
            329547.0,
            123473.0,
            91773.0,
            378126.0,
            298887.0,
            234520.0,
            633558.0,
            314393.0,
            311277.0,
            198654.0,
            340066.0,
            448742.0,
            328980.0,
            196292.0,
            338827.0,
            296771.0,
            218680.0,
            131051.0,
            177614.0,
            162560.0,
            169329.0,
            207378.0,
            209713.0,
            317640.0,
            249839.0,
            317077.0
        ],
        "NH": [
            0.6506289020397372,
            0.5236225846939276,
            0.7860864009123505,
            0.7934823369634071,
            0.7603005681042697,
            0.4045140950044191,
            0.44621071491551023,
            0.8591821689845398,
            379717.0,
            438080.0,
            611848.0,
            552038.0,
            365761.0,
            442809.0,
            404144.0,
            625516.0,
            652685.0,
            406963.0,
            455777.0,
            572895.0,
            141128.0,
            454402.0,
            476885.0,
            604413.0,
            446866.0,
            344192.0,
            457718.0,
            549501.0,
            455510.0,
            447803.0,
            575509.0,
            601177.0,
            610188.0,
            582143.0,
            564875.0,
            595759.0,
            535827.0,
            469609.0,
            538712.0,
            482268.0
        ]
    },
    "cohesion_parameters": {
        "H": {
            "H": 0.77,
            "NH": 0.23
        },
        "NH": {
            "H": 0.52,
            "NH": 0.48
        }
    },
    "alphas": {
        "H": {
            "H": 1,
            "NH": 1
        },
        "NH": {
            "H": 1,
            "NH": 1
        }
    },
    "slate_to_candidates": {
        "H": [
            "H1",
            "H2",
            "H3",
            "H4",
            "H5"
        ],
        "NH": [
            "NH1",
            "NH2",
            "NH3",
            "NH4",
            "NH5"
        ]
    }
}