{
    "bloc_voter_props": {
        "H": [
            0.4061133586694455,
            0.4763774153060724,
            0.21391359908764954,
            0.20651766303659297,
            0.23969943189573026,
            0.5954859049955809,
            0.5537892850844898,
            0.19913059575421077,
            394065.0,
            255799.0,
            130189.0,
            195655.0,
            419692.0,
            290670.0,
            325174.0,
            123473.0,
            91773.0,
            338877.0,
            260083.0,
            234520.0,
            633558.0,
            314393.0,
            313432.0,
            198654.0,
            340066.0,
            366528.0,
            329931.0,
            196292.0,
            378076.0,
            296771.0,
            299943.0,
            131051.0,
            285331.0,
            116278.0,
            169329.0,
            207378.0,
            218048.0,
            317640.0,
            293914.0,
            248841.0
        ],
        "NH": [
            0.5938866413305546,
            0.5236225846939276,
            0.7860864009123505,
            0.7934823369634071,
            0.7603005681042697,
            0.4045140950044191,
            0.44621071491551023,
            0.8008694042457892,
            389864.0,
            484392.0,
            611848.0,
            548330.0,
            365761.0,
            503922.0,
            407852.0,
            625516.0,
            652685.0,
            449701.0,
            495926.0,
            572895.0,
            141128.0,
            454402.0,
            462610.0,
            604413.0,
            446866.0,
            440409.0,
            470729.0,
            549501.0,
            412772.0,
            447803.0,
            466281.0,
            601177.0,
            523727.0,
            619645.0,
            564875.0,
            595759.0,
            554961.0,
            469609.0,
            461063.0,
            530636.0
        ]
    },
    "cohesion_parameters": {
        "H": {
            "H": 0.77,
            "NH": 0.23
        },
        "NH": {
            "H": 0.52,
            "NH": 0.48
        }
    },
    "alphas": {
        "H": {
            "H": 1,
            "NH": 1
        },
        "NH": {
            "H": 1,
            "NH": 1
        }
    },
    "slate_to_candidates": {
        "H": [
            "H1",
            "H2",
            "H3",
            "H4",
            "H5"
        ],
        "NH": [
            "NH1",
            "NH2",
            "NH3",
            "NH4",
            "NH5"
        ]
    }
}