{
    "bloc_voter_props": {
        "H": [
            0.27912151309713085,
            0.27315185913888823,
            0.2515511123180732,
            0.14784206038249006,
            0.541530492286054,
            0.19320270356155714,
            0.2671337214282788,
            0.24522024017140864,
            562681.0,
            233756.0,
            376087.0,
            300501.0,
            284048.0,
            136803.0,
            358242.0,
            137826.0,
            234068.0,
            358117.0,
            170160.0,
            328043.0,
            308532.0,
            162767.0,
            296202.0,
            290926.0,
            294924.0,
            391117.0,
            225723.0,
            388544.0,
            210604.0,
            290925.0,
            531823.0,
            146075.0,
            151483.0,
            141080.0,
            161480.0,
            420735.0,
            318752.0,
            284786.0,
            449392.0,
            294216.0
        ],
        "NH": [
            0.7208784869028692,
            0.7268481408611118,
            0.7484488876819267,
            0.85215793961751,
            0.45846950771394607,
            0.8067972964384429,
            0.7328662785717213,
            0.7547797598285914,
            182606.0,
            540060.0,
            410818.0,
            470863.0,
            451282.0,
            615932.0,
            430079.0,
            638857.0,
            574946.0,
            376183.0,
            585229.0,
            424602.0,
            499011.0,
            624239.0,
            437750.0,
            465726.0,
            495997.0,
            385075.0,
            571878.0,
            409260.0,
            590903.0,
            511828.0,
            245078.0,
            602942.0,
            589912.0,
            630191.0,
            577352.0,
            353229.0,
            480173.0,
            463858.0,
            310088.0,
            455945.0
        ]
    },
    "cohesion_parameters": {
        "H": {
            "H": 0.77,
            "NH": 0.23
        },
        "NH": {
            "H": 0.52,
            "NH": 0.48
        }
    },
    "alphas": {
        "H": {
            "H": 1,
            "NH": 1
        },
        "NH": {
            "H": 1,
            "NH": 1
        }
    },
    "slate_to_candidates": {
        "H": [
            "H1",
            "H2",
            "H3",
            "H4",
            "H5"
        ],
        "NH": [
            "NH1",
            "NH2",
            "NH3",
            "NH4",
            "NH5"
        ]
    }
}