{
    "bloc_voter_props": {
        "H": [
            0.7945771741247275,
            0.21070506248621151,
            0.17127487531318664,
            0.20557433727264798,
            0.49678312619559273,
            0.17637296729116428,
            0.35802315087899733,
            0.18556543919893773,
            456942.0,
            250276.0,
            435959.0,
            153008.0,
            331745.0,
            246068.0,
            361475.0,
            128766.0,
            358038.0,
            255461.0,
            163155.0,
            267969.0,
            162572.0,
            329962.0,
            200420.0,
            288258.0,
            275088.0,
            354960.0,
            219768.0,
            375329.0,
            324694.0,
            205874.0,
            359793.0,
            321273.0,
            118682.0,
            194299.0,
            201544.0,
            371260.0,
            135461.0,
            347582.0,
            399717.0,
            301065.0
        ],
        "NH": [
            0.2054228258752725,
            0.7892949375137885,
            0.8287251246868134,
            0.794425662727352,
            0.5032168738044073,
            0.8236270327088357,
            0.6419768491210026,
            0.8144345608010622,
            287403.0,
            487611.0,
            364129.0,
            590939.0,
            453424.0,
            508483.0,
            407248.0,
            606299.0,
            448627.0,
            521320.0,
            602690.0,
            527604.0,
            644758.0,
            423988.0,
            562259.0,
            467412.0,
            462600.0,
            377932.0,
            516307.0,
            421382.0,
            466257.0,
            602608.0,
            375295.0,
            475304.0,
            619284.0,
            606399.0,
            582163.0,
            406778.0,
            600976.0,
            423667.0,
            340367.0,
            495212.0
        ]
    },
    "cohesion_parameters": {
        "H": {
            "H": 0.77,
            "NH": 0.23
        },
        "NH": {
            "H": 0.52,
            "NH": 0.48
        }
    },
    "alphas": {
        "H": {
            "H": 1,
            "NH": 1
        },
        "NH": {
            "H": 1,
            "NH": 1
        }
    },
    "slate_to_candidates": {
        "H": [
            "H1",
            "H2",
            "H3",
            "H4",
            "H5"
        ],
        "NH": [
            "NH1",
            "NH2",
            "NH3",
            "NH4",
            "NH5"
        ]
    }
}