{
    "bloc_voter_props": {
        "H": [
            0.8371402859252575,
            0.39311762501860587,
            0.17229567692534892,
            0.14689949452178389,
            0.2754095502491165,
            0.5954859049955809,
            0.48003213520902305,
            0.14575697216396918,
            205194.0,
            303021.0,
            153152.0,
            322544.0,
            206068.0,
            286539.0,
            167732.0,
            161549.0,
            96916.0,
            368415.0,
            165133.0,
            233410.0,
            208646.0,
            315084.0,
            317661.0,
            315180.0,
            210041.0,
            319432.0,
            366506.0,
            401854.0,
            389876.0,
            429097.0,
            353734.0,
            207661.0,
            232913.0,
            168935.0,
            169156.0,
            341529.0,
            292828.0,
            389061.0,
            261330.0,
            230012.0
        ],
        "NH": [
            0.1628597140747426,
            0.6068823749813941,
            0.8277043230746511,
            0.8531005054782161,
            0.7245904497508835,
            0.4045140950044191,
            0.519967864790977,
            0.8542430278360308,
            577040.0,
            481944.0,
            582806.0,
            415399.0,
            577009.0,
            513753.0,
            604741.0,
            581385.0,
            650468.0,
            402530.0,
            620159.0,
            544242.0,
            559776.0,
            422437.0,
            435986.0,
            453103.0,
            598039.0,
            453859.0,
            386965.0,
            381994.0,
            368968.0,
            359519.0,
            448944.0,
            576736.0,
            576170.0,
            602547.0,
            564298.0,
            431940.0,
            493706.0,
            413504.0,
            498322.0,
            512528.0
        ]
    },
    "cohesion_parameters": {
        "H": {
            "H": 0.77,
            "NH": 0.23
        },
        "NH": {
            "H": 0.52,
            "NH": 0.48
        }
    },
    "alphas": {
        "H": {
            "H": 1,
            "NH": 1
        },
        "NH": {
            "H": 1,
            "NH": 1
        }
    },
    "slate_to_candidates": {
        "H": [
            "H1",
            "H2",
            "H3",
            "H4",
            "H5"
        ],
        "NH": [
            "NH1",
            "NH2",
            "NH3",
            "NH4",
            "NH5"
        ]
    }
}