{
    "bloc_voter_props": {
        "H": [
            0.36775065954315866,
            0.1679317832077758,
            0.26443785488958993,
            0.1944947880351198,
            0.541530492286054,
            0.19320270356155714,
            0.41690929970157703,
            0.191964129505681,
            464516.0,
            227083.0,
            376087.0,
            300501.0,
            212535.0,
            221761.0,
            240496.0,
            164749.0,
            218097.0,
            284185.0,
            170160.0,
            310248.0,
            307716.0,
            154837.0,
            304860.0,
            290926.0,
            223631.0,
            391117.0,
            224548.0,
            382798.0,
            202204.0,
            362438.0,
            631163.0,
            197246.0,
            113622.0,
            141080.0,
            134557.0,
            412077.0,
            324490.0,
            370775.0,
            449392.0,
            310105.0
        ],
        "NH": [
            0.6322493404568413,
            0.8320682167922242,
            0.7355621451104101,
            0.8055052119648802,
            0.45846950771394607,
            0.8067972964384429,
            0.583090700298423,
            0.808035870494319,
            284850.0,
            519831.0,
            410818.0,
            470863.0,
            525274.0,
            563788.0,
            554767.0,
            587193.0,
            568026.0,
            462636.0,
            585229.0,
            476391.0,
            493751.0,
            578139.0,
            444246.0,
            465726.0,
            551386.0,
            385075.0,
            562827.0,
            389573.0,
            603734.0,
            437836.0,
            151885.0,
            608349.0,
            624669.0,
            630191.0,
            629016.0,
            346733.0,
            414342.0,
            391447.0,
            310088.0,
            468603.0
        ]
    },
    "cohesion_parameters": {
        "H": {
            "H": 0.77,
            "NH": 0.23
        },
        "NH": {
            "H": 0.52,
            "NH": 0.48
        }
    },
    "alphas": {
        "H": {
            "H": 1,
            "NH": 1
        },
        "NH": {
            "H": 1,
            "NH": 1
        }
    },
    "slate_to_candidates": {
        "H": [
            "H1",
            "H2",
            "H3",
            "H4",
            "H5"
        ],
        "NH": [
            "NH1",
            "NH2",
            "NH3",
            "NH4",
            "NH5"
        ]
    }
}