{
    "bloc_voter_props": {
        "H": [
            0.7458752312591557,
            0.24060326841710117,
            0.26443785488958993,
            0.1944947880351198,
            0.4941631559906335,
            0.19320270356155714,
            0.21515823395854555,
            0.191964129505681,
            464516.0,
            227083.0,
            382823.0,
            300501.0,
            322346.0,
            221761.0,
            349491.0,
            107129.0,
            275717.0,
            196354.0,
            155155.0,
            370348.0,
            344992.0,
            154837.0,
            298124.0,
            290926.0,
            275088.0,
            386482.0,
            224548.0,
            375329.0,
            203211.0,
            252627.0,
            408298.0,
            197246.0,
            113622.0,
            156085.0,
            134557.0,
            359766.0,
            344343.0,
            370775.0,
            369439.0,
            310105.0
        ],
        "NH": [
            0.2541247687408444,
            0.7593967315828989,
            0.7355621451104101,
            0.8055052119648802,
            0.5058368440093665,
            0.8067972964384429,
            0.7848417660414544,
            0.808035870494319,
            284850.0,
            519831.0,
            414580.0,
            470863.0,
            455288.0,
            563788.0,
            455820.0,
            637577.0,
            517642.0,
            572139.0,
            602448.0,
            388073.0,
            451050.0,
            578139.0,
            440484.0,
            465726.0,
            462600.0,
            374185.0,
            562827.0,
            421382.0,
            605974.0,
            507822.0,
            346913.0,
            608349.0,
            624669.0,
            612972.0,
            629016.0,
            388688.0,
            426105.0,
            391447.0,
            386643.0,
            468603.0
        ]
    },
    "cohesion_parameters": {
        "H": {
            "H": 0.77,
            "NH": 0.23
        },
        "NH": {
            "H": 0.52,
            "NH": 0.48
        }
    },
    "alphas": {
        "H": {
            "H": 1,
            "NH": 1
        },
        "NH": {
            "H": 1,
            "NH": 1
        }
    },
    "slate_to_candidates": {
        "H": [
            "H1",
            "H2",
            "H3",
            "H4",
            "H5"
        ],
        "NH": [
            "NH1",
            "NH2",
            "NH3",
            "NH4",
            "NH5"
        ]
    }
}