{
    "bloc_voter_props": {
        "H": [
            0.3827421988614085,
            0.21070506248621151,
            0.17111578352997117,
            0.17901942473937427,
            0.4853178216681843,
            0.20411701113691172,
            0.35802315087899733,
            0.1857526644007169,
            456942.0,
            250276.0,
            385676.0,
            153008.0,
            331745.0,
            450175.0,
            361475.0,
            129191.0,
            333263.0,
            255461.0,
            170015.0,
            267969.0,
            162572.0,
            329962.0,
            200420.0,
            293503.0,
            275088.0,
            354960.0,
            219768.0,
            221948.0,
            324694.0,
            359255.0,
            238196.0,
            160740.0,
            118682.0,
            156929.0,
            201544.0,
            346986.0,
            325915.0,
            342337.0,
            424492.0,
            625010.0
        ],
        "NH": [
            0.6172578011385915,
            0.7892949375137885,
            0.8288842164700289,
            0.8209805752606257,
            0.5146821783318156,
            0.7958829888630883,
            0.6419768491210026,
            0.8142473355992831,
            287403.0,
            487611.0,
            409390.0,
            590939.0,
            453424.0,
            333801.0,
            407248.0,
            615009.0,
            471730.0,
            521320.0,
            604524.0,
            527604.0,
            644758.0,
            423988.0,
            562259.0,
            476522.0,
            462600.0,
            377932.0,
            516307.0,
            576389.0,
            466257.0,
            447601.0,
            496664.0,
            603047.0,
            619284.0,
            628448.0,
            582163.0,
            405246.0,
            447575.0,
            414557.0,
            317264.0,
            161254.0
        ]
    },
    "cohesion_parameters": {
        "H": {
            "H": 0.77,
            "NH": 0.23
        },
        "NH": {
            "H": 0.52,
            "NH": 0.48
        }
    },
    "alphas": {
        "H": {
            "H": 1,
            "NH": 1
        },
        "NH": {
            "H": 1,
            "NH": 1
        }
    },
    "slate_to_candidates": {
        "H": [
            "H1",
            "H2",
            "H3",
            "H4",
            "H5"
        ],
        "NH": [
            "NH1",
            "NH2",
            "NH3",
            "NH4",
            "NH5"
        ]
    }
}