{
    "bloc_voter_props": {
        "H": [
            0.39132130778756974,
            0.5982509835886535,
            0.19124274220775667,
            0.12597272156742492,
            0.24881180921849663,
            0.4892839720310044,
            0.3025638538678005,
            0.22835052208422701,
            368582.0,
            166694.0,
            133773.0,
            192593.0,
            207406.0,
            344619.0,
            340163.0,
            123456.0,
            151901.0,
            426026.0,
            338583.0,
            229193.0,
            364705.0,
            314393.0,
            651526.0,
            122243.0,
            340066.0,
            429731.0,
            328980.0,
            315912.0,
            290144.0,
            410893.0,
            301614.0,
            274212.0,
            149954.0,
            177521.0,
            186658.0,
            218429.0,
            287235.0,
            245226.0,
            183392.0,
            360163.0
        ],
        "NH": [
            0.6086786922124303,
            0.40174901641134647,
            0.8087572577922433,
            0.8740272784325751,
            0.7511881907815033,
            0.5107160279689956,
            0.6974361461321995,
            0.771649477915773,
            440178.0,
            575186.0,
            654664.0,
            541697.0,
            601221.0,
            439684.0,
            448183.0,
            646535.0,
            626200.0,
            371586.0,
            426377.0,
            565365.0,
            433455.0,
            454402.0,
            136601.0,
            625047.0,
            446866.0,
            340282.0,
            457718.0,
            430576.0,
            491184.0,
            382549.0,
            442818.0,
            477880.0,
            631352.0,
            572214.0,
            583850.0,
            570782.0,
            458744.0,
            521053.0,
            562900.0,
            401350.0
        ]
    },
    "cohesion_parameters": {
        "H": {
            "H": 0.77,
            "NH": 0.23
        },
        "NH": {
            "H": 0.52,
            "NH": 0.48
        }
    },
    "alphas": {
        "H": {
            "H": 1,
            "NH": 1
        },
        "NH": {
            "H": 1,
            "NH": 1
        }
    },
    "slate_to_candidates": {
        "H": [
            "H1",
            "H2",
            "H3",
            "H4",
            "H5"
        ],
        "NH": [
            "NH1",
            "NH2",
            "NH3",
            "NH4",
            "NH5"
        ]
    }
}