{
    "bloc_voter_props": {
        "H": [
            0.17915835251635587,
            0.43913643517836515,
            0.17085537580822407,
            0.4364618345440746,
            0.39588630979548367,
            0.22313800750018647,
            0.37960549823713585,
            0.25731216043793215,
            260667.0,
            462763.0,
            267363.0,
            189592.0,
            260970.0,
            309233.0,
            361470.0,
            250613.0,
            370685.0,
            211309.0,
            155706.0,
            132472.0,
            150224.0,
            145810.0,
            329915.0,
            283671.0,
            342318.0,
            492777.0,
            293784.0,
            244908.0,
            371316.0,
            385336.0,
            608569.0,
            319774.0,
            126302.0,
            128345.0,
            142780.0,
            218887.0,
            186370.0,
            397124.0,
            328704.0,
            314750.0
        ],
        "NH": [
            0.8208416474836441,
            0.5608635648216349,
            0.8291446241917759,
            0.5635381654559254,
            0.6041136902045163,
            0.7768619924998135,
            0.6203945017628641,
            0.7426878395620679,
            512799.0,
            310608.0,
            479374.0,
            590282.0,
            506652.0,
            475310.0,
            380869.0,
            527762.0,
            389022.0,
            534944.0,
            586285.0,
            656746.0,
            645086.0,
            654501.0,
            403388.0,
            468785.0,
            454177.0,
            315429.0,
            477797.0,
            487842.0,
            435837.0,
            421426.0,
            186678.0,
            450170.0,
            639468.0,
            663544.0,
            641919.0,
            585488.0,
            577881.0,
            395250.0,
            426444.0,
            417991.0
        ]
    },
    "cohesion_parameters": {
        "H": {
            "H": 0.77,
            "NH": 0.23
        },
        "NH": {
            "H": 0.52,
            "NH": 0.48
        }
    },
    "alphas": {
        "H": {
            "H": 1,
            "NH": 1
        },
        "NH": {
            "H": 1,
            "NH": 1
        }
    },
    "slate_to_candidates": {
        "H": [
            "H1",
            "H2",
            "H3",
            "H4",
            "H5"
        ],
        "NH": [
            "NH1",
            "NH2",
            "NH3",
            "NH4",
            "NH5"
        ]
    }
}