{
    "bloc_voter_props": {
        "H": [
            0.3493710979602627,
            0.5954205921716256,
            0.18091869978037728,
            0.1404126450705326,
            0.23969943189573026,
            0.44723562791684346,
            0.46160550482691576,
            0.20038446831802967,
            378239.0,
            324712.0,
            128491.0,
            191282.0,
            441657.0,
            335967.0,
            329547.0,
            123473.0,
            123503.0,
            381904.0,
            298887.0,
            234520.0,
            633558.0,
            314393.0,
            311277.0,
            198654.0,
            340066.0,
            448742.0,
            328980.0,
            196292.0,
            418238.0,
            296771.0,
            218680.0,
            131051.0,
            177614.0,
            172291.0,
            169329.0,
            207378.0,
            312804.0,
            315560.0,
            228559.0,
            213986.0
        ],
        "NH": [
            0.6506289020397372,
            0.40457940782837437,
            0.8190813002196228,
            0.8595873549294674,
            0.7603005681042697,
            0.5527643720831565,
            0.5383944951730842,
            0.7996155316819703,
            379717.0,
            438080.0,
            615630.0,
            552038.0,
            343742.0,
            442809.0,
            404144.0,
            625516.0,
            653053.0,
            401167.0,
            455777.0,
            572895.0,
            141128.0,
            454402.0,
            476885.0,
            604413.0,
            446866.0,
            344192.0,
            457718.0,
            549501.0,
            359960.0,
            447803.0,
            575509.0,
            601177.0,
            610188.0,
            594065.0,
            564875.0,
            595759.0,
            461792.0,
            471623.0,
            553710.0,
            556303.0
        ]
    },
    "cohesion_parameters": {
        "H": {
            "H": 0.77,
            "NH": 0.23
        },
        "NH": {
            "H": 0.52,
            "NH": 0.48
        }
    },
    "alphas": {
        "H": {
            "H": 1,
            "NH": 1
        },
        "NH": {
            "H": 1,
            "NH": 1
        }
    },
    "slate_to_candidates": {
        "H": [
            "H1",
            "H2",
            "H3",
            "H4",
            "H5"
        ],
        "NH": [
            "NH1",
            "NH2",
            "NH3",
            "NH4",
            "NH5"
        ]
    }
}