{
    "bloc_voter_props": {
        "H": [
            0.3926047799340562,
            0.18192822810087925,
            0.16711274186002578,
            0.1916070388240742,
            0.3193272274557451,
            0.42804334660792775,
            0.48003213520902305,
            0.23419455777071654,
            208379.0,
            264732.0,
            219548.0,
            239141.0,
            333782.0,
            152340.0,
            313234.0,
            135103.0,
            198300.0,
            281484.0,
            249740.0,
            270576.0,
            331628.0,
            152924.0,
            332204.0,
            417045.0,
            571456.0,
            167317.0,
            478333.0,
            373785.0,
            400959.0,
            269153.0,
            404363.0,
            112028.0,
            128065.0,
            128401.0,
            171871.0,
            339321.0,
            355475.0,
            365594.0,
            330252.0,
            384956.0
        ],
        "NH": [
            0.6073952200659438,
            0.8180717718991207,
            0.8328872581399742,
            0.8083929611759257,
            0.6806727725442548,
            0.5719566533920722,
            0.519967864790977,
            0.7658054422292835,
            568028.0,
            534918.0,
            532041.0,
            510020.0,
            446345.0,
            592698.0,
            424236.0,
            607957.0,
            550233.0,
            499230.0,
            530524.0,
            476127.0,
            470424.0,
            609901.0,
            460951.0,
            326841.0,
            197128.0,
            576056.0,
            325118.0,
            371817.0,
            352708.0,
            519612.0,
            369979.0,
            662228.0,
            643241.0,
            617826.0,
            579996.0,
            444392.0,
            421231.0,
            440448.0,
            459083.0,
            417726.0
        ]
    },
    "cohesion_parameters": {
        "H": {
            "H": 0.77,
            "NH": 0.23
        },
        "NH": {
            "H": 0.52,
            "NH": 0.48
        }
    },
    "alphas": {
        "H": {
            "H": 1,
            "NH": 1
        },
        "NH": {
            "H": 1,
            "NH": 1
        }
    },
    "slate_to_candidates": {
        "H": [
            "H1",
            "H2",
            "H3",
            "H4",
            "H5"
        ],
        "NH": [
            "NH1",
            "NH2",
            "NH3",
            "NH4",
            "NH5"
        ]
    }
}