{
    "bloc_voter_props": {
        "H": [
            0.31742107434083194,
            0.22159665991902833,
            0.17842793873015117,
            0.14267702105585994,
            0.3769690568897043,
            0.29806511289368737,
            0.3618995016347649,
            0.20199173410045212,
            484246.0,
            288397.0,
            347739.0,
            152802.0,
            340782.0,
            256156.0,
            414435.0,
            132758.0,
            138332.0,
            210266.0,
            222804.0,
            460767.0,
            137859.0,
            234536.0,
            427040.0,
            296827.0,
            601758.0,
            208310.0,
            278737.0,
            284307.0,
            400959.0,
            298983.0,
            223271.0,
            189930.0,
            181310.0,
            152314.0,
            171871.0,
            329012.0,
            405707.0,
            345011.0,
            349269.0,
            324768.0
        ],
        "NH": [
            0.6825789256591681,
            0.7784033400809717,
            0.8215720612698488,
            0.8573229789441401,
            0.6230309431102957,
            0.7019348871063127,
            0.6381004983652351,
            0.7980082658995479,
            323736.0,
            493069.0,
            419930.0,
            589747.0,
            465943.0,
            507338.0,
            320503.0,
            616773.0,
            595993.0,
            554389.0,
            551236.0,
            335106.0,
            608245.0,
            513187.0,
            373871.0,
            446671.0,
            181483.0,
            573383.0,
            475056.0,
            452322.0,
            352708.0,
            470338.0,
            573874.0,
            603249.0,
            556202.0,
            630573.0,
            579996.0,
            421847.0,
            397017.0,
            415796.0,
            442986.0,
            434603.0
        ]
    },
    "cohesion_parameters": {
        "H": {
            "H": 0.77,
            "NH": 0.23
        },
        "NH": {
            "H": 0.52,
            "NH": 0.48
        }
    },
    "alphas": {
        "H": {
            "H": 1,
            "NH": 1
        },
        "NH": {
            "H": 1,
            "NH": 1
        }
    },
    "slate_to_candidates": {
        "H": [
            "H1",
            "H2",
            "H3",
            "H4",
            "H5"
        ],
        "NH": [
            "NH1",
            "NH2",
            "NH3",
            "NH4",
            "NH5"
        ]
    }
}