{
    "bloc_voter_props": {
        "H": [
            0.18102074388500655,
            0.37910406961222504,
            0.17085537580822407,
            0.37767562566705576,
            0.3974648043349333,
            0.22313800750018647,
            0.37960549823713585,
            0.19207607861014933,
            260667.0,
            462763.0,
            337792.0,
            189592.0,
            205873.0,
            297467.0,
            361470.0,
            250613.0,
            307542.0,
            237994.0,
            155387.0,
            132472.0,
            150224.0,
            145810.0,
            317791.0,
            346789.0,
            338824.0,
            492777.0,
            322196.0,
            248582.0,
            371316.0,
            395533.0,
            598859.0,
            256656.0,
            126302.0,
            128345.0,
            192316.0,
            218887.0,
            186370.0,
            455729.0,
            368297.0,
            298827.0
        ],
        "NH": [
            0.8189792561149934,
            0.6208959303877749,
            0.8291446241917759,
            0.6223243743329442,
            0.6025351956650666,
            0.7768619924998135,
            0.6203945017628641,
            0.8079239213898507,
            512799.0,
            310608.0,
            458409.0,
            590282.0,
            537024.0,
            440916.0,
            380869.0,
            527762.0,
            424927.0,
            529184.0,
            584976.0,
            656746.0,
            645086.0,
            654501.0,
            427904.0,
            425139.0,
            409284.0,
            315429.0,
            453185.0,
            492298.0,
            435837.0,
            393906.0,
            171788.0,
            493816.0,
            639468.0,
            663544.0,
            586190.0,
            585488.0,
            577881.0,
            317841.0,
            410864.0,
            445249.0
        ]
    },
    "cohesion_parameters": {
        "H": {
            "H": 0.77,
            "NH": 0.23
        },
        "NH": {
            "H": 0.52,
            "NH": 0.48
        }
    },
    "alphas": {
        "H": {
            "H": 1,
            "NH": 1
        },
        "NH": {
            "H": 1,
            "NH": 1
        }
    },
    "slate_to_candidates": {
        "H": [
            "H1",
            "H2",
            "H3",
            "H4",
            "H5"
        ],
        "NH": [
            "NH1",
            "NH2",
            "NH3",
            "NH4",
            "NH5"
        ]
    }
}