{
    "bloc_voter_props": {
        "H": [
            0.39845140955593616,
            0.44718642898820893,
            0.24285580089518313,
            0.11635556534438772,
            0.24881180921849663,
            0.4892839720310044,
            0.3025638538678005,
            0.24100725285049787,
            342764.0,
            196298.0,
            145783.0,
            163274.0,
            207406.0,
            364031.0,
            340163.0,
            123456.0,
            160455.0,
            206888.0,
            338583.0,
            437095.0,
            203663.0,
            124512.0,
            253404.0,
            312124.0,
            431339.0,
            429731.0,
            354798.0,
            257314.0,
            142623.0,
            410893.0,
            301614.0,
            278510.0,
            173015.0,
            154104.0,
            146413.0,
            353564.0,
            561717.0,
            380737.0,
            325193.0,
            418088.0
        ],
        "NH": [
            0.6015485904440638,
            0.5528135710117911,
            0.7571441991048169,
            0.8836444346556123,
            0.7511881907815033,
            0.5107160279689956,
            0.6974361461321995,
            0.7589927471495022,
            455891.0,
            585709.0,
            620373.0,
            572961.0,
            601221.0,
            383685.0,
            448183.0,
            646535.0,
            591851.0,
            576554.0,
            426377.0,
            357031.0,
            591375.0,
            648889.0,
            552211.0,
            430560.0,
            306062.0,
            340282.0,
            442005.0,
            486701.0,
            638265.0,
            382549.0,
            442818.0,
            490185.0,
            610659.0,
            625903.0,
            617639.0,
            434322.0,
            181875.0,
            408263.0,
            427081.0,
            388200.0
        ]
    },
    "cohesion_parameters": {
        "H": {
            "H": 0.77,
            "NH": 0.23
        },
        "NH": {
            "H": 0.52,
            "NH": 0.48
        }
    },
    "alphas": {
        "H": {
            "H": 1,
            "NH": 1
        },
        "NH": {
            "H": 1,
            "NH": 1
        }
    },
    "slate_to_candidates": {
        "H": [
            "H1",
            "H2",
            "H3",
            "H4",
            "H5"
        ],
        "NH": [
            "NH1",
            "NH2",
            "NH3",
            "NH4",
            "NH5"
        ]
    }
}