{
    "bloc_voter_props": {
        "H": [
            0.397526035944984,
            0.5982509835886535,
            0.1972820842921329,
            0.18922073174161252,
            0.23969943189573026,
            0.5458285803795542,
            0.3025638538678005,
            0.22580469654022953,
            333769.0,
            130122.0,
            187956.0,
            191282.0,
            301391.0,
            326241.0,
            329547.0,
            113219.0,
            146561.0,
            375936.0,
            298887.0,
            229193.0,
            652569.0,
            314393.0,
            274095.0,
            134170.0,
            340066.0,
            429731.0,
            328980.0,
            196292.0,
            351877.0,
            344659.0,
            207629.0,
            313908.0,
            177614.0,
            143796.0,
            186658.0,
            218429.0,
            376802.0,
            193446.0,
            417341.0,
            282603.0
        ],
        "NH": [
            0.6024739640550161,
            0.40174901641134647,
            0.8027179157078671,
            0.8107792682583874,
            0.7603005681042697,
            0.4541714196204458,
            0.6974361461321995,
            0.7741953034597705,
            449580.0,
            616397.0,
            619170.0,
            552038.0,
            443553.0,
            481128.0,
            404144.0,
            627822.0,
            597115.0,
            385110.0,
            455777.0,
            565365.0,
            145038.0,
            454402.0,
            487006.0,
            658745.0,
            446866.0,
            340282.0,
            457718.0,
            549501.0,
            436326.0,
            410570.0,
            600486.0,
            448480.0,
            610188.0,
            594105.0,
            583850.0,
            570782.0,
            396756.0,
            572553.0,
            357262.0,
            467890.0
        ]
    },
    "cohesion_parameters": {
        "H": {
            "H": 0.77,
            "NH": 0.23
        },
        "NH": {
            "H": 0.52,
            "NH": 0.48
        }
    },
    "alphas": {
        "H": {
            "H": 1,
            "NH": 1
        },
        "NH": {
            "H": 1,
            "NH": 1
        }
    },
    "slate_to_candidates": {
        "H": [
            "H1",
            "H2",
            "H3",
            "H4",
            "H5"
        ],
        "NH": [
            "NH1",
            "NH2",
            "NH3",
            "NH4",
            "NH5"
        ]
    }
}