{
    "bloc_voter_props": {
        "H": [
            0.31742107434083194,
            0.22159665991902833,
            0.1833054734684537,
            0.14784206038249006,
            0.3769690568897043,
            0.29806511289368737,
            0.3618995016347649,
            0.16558466488493462,
            364477.0,
            597587.0,
            406053.0,
            156625.0,
            349375.0,
            256156.0,
            414435.0,
            130704.0,
            180060.0,
            210266.0,
            245908.0,
            367153.0,
            137859.0,
            211695.0,
            278979.0,
            292741.0,
            426986.0,
            208310.0,
            291371.0,
            423775.0,
            455176.0,
            286349.0,
            223271.0,
            215409.0,
            141647.0,
            147292.0,
            169806.0,
            329012.0,
            405707.0,
            326094.0,
            346276.0,
            310119.0
        ],
        "NH": [
            0.6825789256591681,
            0.7784033400809717,
            0.8166945265315463,
            0.85215793961751,
            0.6230309431102957,
            0.7019348871063127,
            0.6381004983652351,
            0.8344153351150654,
            427546.0,
            210444.0,
            358616.0,
            598205.0,
            414922.0,
            507338.0,
            320503.0,
            665444.0,
            552526.0,
            554389.0,
            501503.0,
            436117.0,
            608245.0,
            558091.0,
            499982.0,
            443042.0,
            369312.0,
            573383.0,
            466776.0,
            377232.0,
            306425.0,
            478618.0,
            573874.0,
            558373.0,
            602885.0,
            629307.0,
            576780.0,
            421847.0,
            397017.0,
            422382.0,
            393055.0,
            425589.0
        ]
    },
    "cohesion_parameters": {
        "H": {
            "H": 0.77,
            "NH": 0.23
        },
        "NH": {
            "H": 0.52,
            "NH": 0.48
        }
    },
    "alphas": {
        "H": {
            "H": 1,
            "NH": 1
        },
        "NH": {
            "H": 1,
            "NH": 1
        }
    },
    "slate_to_candidates": {
        "H": [
            "H1",
            "H2",
            "H3",
            "H4",
            "H5"
        ],
        "NH": [
            "NH1",
            "NH2",
            "NH3",
            "NH4",
            "NH5"
        ]
    }
}