{
    "bloc_voter_props": {
        "H": [
            0.20403000774759225,
            0.3815816903537162,
            0.16557162869651157,
            0.384776314407717,
            0.46903137553677793,
            0.2245106259827209,
            0.33063052081766453,
            0.2527975270479135,
            333850.0,
            212814.0,
            634232.0,
            111172.0,
            289821.0,
            436793.0,
            361403.0,
            164327.0,
            322696.0,
            478949.0,
            105356.0,
            254568.0,
            195121.0,
            185919.0,
            314634.0,
            334685.0,
            359130.0,
            304548.0,
            271904.0,
            251739.0,
            358829.0,
            336820.0,
            307234.0,
            266068.0,
            194409.0,
            138750.0,
            178400.0,
            145139.0,
            138544.0,
            460580.0,
            368297.0,
            247195.0
        ],
        "NH": [
            0.7959699922524077,
            0.6184183096462839,
            0.8344283713034885,
            0.615223685592283,
            0.530968624463222,
            0.7754893740172791,
            0.6693694791823355,
            0.7472024729520865,
            405338.0,
            541685.0,
            172900.0,
            680725.0,
            456452.0,
            339455.0,
            414094.0,
            641060.0,
            412804.0,
            293956.0,
            691027.0,
            522146.0,
            609027.0,
            556383.0,
            427048.0,
            434001.0,
            396671.0,
            489961.0,
            528965.0,
            493154.0,
            444252.0,
            404506.0,
            441095.0,
            497336.0,
            572683.0,
            609219.0,
            578459.0,
            598772.0,
            665587.0,
            339620.0,
            410864.0,
            511439.0
        ]
    },
    "cohesion_parameters": {
        "H": {
            "H": 0.77,
            "NH": 0.23
        },
        "NH": {
            "H": 0.52,
            "NH": 0.48
        }
    },
    "alphas": {
        "H": {
            "H": 1,
            "NH": 1
        },
        "NH": {
            "H": 1,
            "NH": 1
        }
    },
    "slate_to_candidates": {
        "H": [
            "H1",
            "H2",
            "H3",
            "H4",
            "H5"
        ],
        "NH": [
            "NH1",
            "NH2",
            "NH3",
            "NH4",
            "NH5"
        ]
    }
}