{
    "bloc_voter_props": {
        "H": [
            0.1804559715001707,
            0.3832506646975789,
            0.1696496364806652,
            0.384776314407717,
            0.5343163462284056,
            0.22313800750018647,
            0.3169171857322243,
            0.4204213457945383,
            251255.0,
            211521.0,
            475912.0,
            191251.0,
            232468.0,
            376809.0,
            361470.0,
            128517.0,
            307542.0,
            462641.0,
            105635.0,
            254568.0,
            200167.0,
            145810.0,
            317791.0,
            211697.0,
            340269.0,
            291770.0,
            322196.0,
            248582.0,
            388306.0,
            403220.0,
            460739.0,
            266068.0,
            194409.0,
            128345.0,
            173961.0,
            218887.0,
            148949.0,
            460580.0,
            368297.0,
            298827.0
        ],
        "NH": [
            0.8195440284998293,
            0.616749335302421,
            0.8303503635193348,
            0.615223685592283,
            0.4656836537715944,
            0.7768619924998135,
            0.6830828142677756,
            0.5795786542054616,
            509279.0,
            521442.0,
            329211.0,
            592840.0,
            554345.0,
            428829.0,
            380869.0,
            662362.0,
            424927.0,
            301029.0,
            634358.0,
            522146.0,
            594384.0,
            654501.0,
            427904.0,
            580457.0,
            406069.0,
            455078.0,
            453185.0,
            492298.0,
            419107.0,
            403301.0,
            300986.0,
            497336.0,
            572683.0,
            663544.0,
            603593.0,
            585488.0,
            611262.0,
            339620.0,
            410864.0,
            445249.0
        ]
    },
    "cohesion_parameters": {
        "H": {
            "H": 0.77,
            "NH": 0.23
        },
        "NH": {
            "H": 0.52,
            "NH": 0.48
        }
    },
    "alphas": {
        "H": {
            "H": 1,
            "NH": 1
        },
        "NH": {
            "H": 1,
            "NH": 1
        }
    },
    "slate_to_candidates": {
        "H": [
            "H1",
            "H2",
            "H3",
            "H4",
            "H5"
        ],
        "NH": [
            "NH1",
            "NH2",
            "NH3",
            "NH4",
            "NH5"
        ]
    }
}