{
    "bloc_voter_props": {
        "H": [
            0.7945771741247275,
            0.21070506248621151,
            0.16171252598469485,
            0.20557433727264798,
            0.49678312619559273,
            0.17637296729116428,
            0.35802315087899733,
            0.191964129505681,
            456942.0,
            227083.0,
            382823.0,
            153008.0,
            402928.0,
            246068.0,
            361475.0,
            128766.0,
            358038.0,
            255461.0,
            163155.0,
            271426.0,
            162572.0,
            306302.0,
            200420.0,
            288258.0,
            275088.0,
            283777.0,
            219768.0,
            375329.0,
            315654.0,
            205874.0,
            359793.0,
            149728.0,
            113622.0,
            194299.0,
            201544.0,
            424396.0,
            330666.0,
            370775.0,
            399717.0,
            310105.0
        ],
        "NH": [
            0.2054228258752725,
            0.7892949375137885,
            0.8382874740153051,
            0.794425662727352,
            0.5032168738044073,
            0.8236270327088357,
            0.6419768491210026,
            0.808035870494319,
            287403.0,
            519831.0,
            414580.0,
            590939.0,
            382506.0,
            508483.0,
            407248.0,
            606299.0,
            448627.0,
            521320.0,
            602690.0,
            500258.0,
            644758.0,
            478014.0,
            562259.0,
            467412.0,
            462600.0,
            448850.0,
            516307.0,
            421382.0,
            492866.0,
            602608.0,
            375295.0,
            593043.0,
            624669.0,
            606399.0,
            582163.0,
            356327.0,
            429211.0,
            391447.0,
            340367.0,
            468603.0
        ]
    },
    "cohesion_parameters": {
        "H": {
            "H": 0.77,
            "NH": 0.23
        },
        "NH": {
            "H": 0.52,
            "NH": 0.48
        }
    },
    "alphas": {
        "H": {
            "H": 1,
            "NH": 1
        },
        "NH": {
            "H": 1,
            "NH": 1
        }
    },
    "slate_to_candidates": {
        "H": [
            "H1",
            "H2",
            "H3",
            "H4",
            "H5"
        ],
        "NH": [
            "NH1",
            "NH2",
            "NH3",
            "NH4",
            "NH5"
        ]
    }
}