{
    "bloc_voter_props": {
        "H": [
            0.41834115088601126,
            0.44117374349627525,
            0.18226596442601312,
            0.1932811804427936,
            0.22661743882911853,
            0.5954859049955809,
            0.5576509764020307,
            0.22902206425370755,
            216108.0,
            255799.0,
            130189.0,
            289954.0,
            419692.0,
            277777.0,
            225944.0,
            123473.0,
            119790.0,
            359110.0,
            260083.0,
            199536.0,
            352858.0,
            314393.0,
            641821.0,
            200344.0,
            208977.0,
            378901.0,
            318975.0,
            197730.0,
            376756.0,
            435787.0,
            317398.0,
            137948.0,
            278434.0,
            127761.0,
            169329.0,
            375790.0,
            197815.0,
            318960.0,
            303713.0,
            248759.0
        ],
        "NH": [
            0.5816588491139888,
            0.5588262565037247,
            0.8177340355739869,
            0.8067188195572064,
            0.7733825611708814,
            0.4045140950044191,
            0.4423490235979694,
            0.7709779357462925,
            582438.0,
            484392.0,
            611848.0,
            486646.0,
            365761.0,
            461095.0,
            508592.0,
            625516.0,
            652405.0,
            433281.0,
            495926.0,
            579108.0,
            452037.0,
            454402.0,
            160593.0,
            601555.0,
            595517.0,
            408583.0,
            460349.0,
            555786.0,
            405281.0,
            335825.0,
            426132.0,
            617242.0,
            507662.0,
            613517.0,
            564875.0,
            430680.0,
            571381.0,
            477100.0,
            504208.0,
            530059.0
        ]
    },
    "cohesion_parameters": {
        "H": {
            "H": 0.77,
            "NH": 0.23
        },
        "NH": {
            "H": 0.52,
            "NH": 0.48
        }
    },
    "alphas": {
        "H": {
            "H": 1,
            "NH": 1
        },
        "NH": {
            "H": 1,
            "NH": 1
        }
    },
    "slate_to_candidates": {
        "H": [
            "H1",
            "H2",
            "H3",
            "H4",
            "H5"
        ],
        "NH": [
            "NH1",
            "NH2",
            "NH3",
            "NH4",
            "NH5"
        ]
    }
}