{
    "bloc_voter_props": {
        "H": [
            0.5262470156579689,
            0.4929633813126692,
            0.17229567692534892,
            0.19793752745189155,
            0.24026823121668242,
            0.5954859049955809,
            0.5000622399495724,
            0.22691409847867283,
            205194.0,
            303021.0,
            153152.0,
            322544.0,
            206068.0,
            286539.0,
            107052.0,
            161549.0,
            96916.0,
            419700.0,
            322478.0,
            196402.0,
            208646.0,
            201231.0,
            342129.0,
            315180.0,
            210041.0,
            321880.0,
            658238.0,
            375413.0,
            372489.0,
            404629.0,
            311771.0,
            207661.0,
            212867.0,
            130202.0,
            169156.0,
            341529.0,
            322888.0,
            295482.0,
            261330.0,
            230012.0
        ],
        "NH": [
            0.47375298434203106,
            0.5070366186873309,
            0.8277043230746511,
            0.8020624725481085,
            0.7597317687833176,
            0.4045140950044191,
            0.4999377600504276,
            0.7730859015213272,
            577040.0,
            481944.0,
            582806.0,
            415399.0,
            577009.0,
            513753.0,
            669859.0,
            581385.0,
            650468.0,
            383905.0,
            454387.0,
            565160.0,
            559776.0,
            570135.0,
            443822.0,
            453103.0,
            598039.0,
            464381.0,
            134520.0,
            384293.0,
            387732.0,
            351683.0,
            473645.0,
            576736.0,
            559325.0,
            650508.0,
            564298.0,
            431940.0,
            455923.0,
            504056.0,
            498322.0,
            512528.0
        ]
    },
    "cohesion_parameters": {
        "H": {
            "H": 0.77,
            "NH": 0.23
        },
        "NH": {
            "H": 0.52,
            "NH": 0.48
        }
    },
    "alphas": {
        "H": {
            "H": 1,
            "NH": 1
        },
        "NH": {
            "H": 1,
            "NH": 1
        }
    },
    "slate_to_candidates": {
        "H": [
            "H1",
            "H2",
            "H3",
            "H4",
            "H5"
        ],
        "NH": [
            "NH1",
            "NH2",
            "NH3",
            "NH4",
            "NH5"
        ]
    }
}