{
    "bloc_voter_props": {
        "H": [
            0.272903942960489,
            0.39311762501860587,
            0.17229567692534892,
            0.14689949452178389,
            0.2754095502491165,
            0.580117837111222,
            0.48003213520902305,
            0.14575697216396918,
            294867.0,
            303021.0,
            153152.0,
            368042.0,
            206068.0,
            237975.0,
            167732.0,
            161549.0,
            96916.0,
            368415.0,
            165133.0,
            602383.0,
            208646.0,
            315084.0,
            317661.0,
            315180.0,
            264304.0,
            336758.0,
            418656.0,
            401854.0,
            389876.0,
            354884.0,
            284011.0,
            181986.0,
            232913.0,
            168935.0,
            169156.0,
            341529.0,
            290444.0,
            377879.0,
            261330.0,
            280960.0
        ],
        "NH": [
            0.727096057039511,
            0.6068823749813941,
            0.8277043230746511,
            0.8531005054782161,
            0.7245904497508835,
            0.41988216288877794,
            0.519967864790977,
            0.8542430278360308,
            478054.0,
            481944.0,
            582806.0,
            383067.0,
            577009.0,
            560701.0,
            604741.0,
            581385.0,
            650468.0,
            402530.0,
            620159.0,
            157252.0,
            559776.0,
            422437.0,
            435986.0,
            453103.0,
            543602.0,
            451909.0,
            331258.0,
            381994.0,
            368968.0,
            444707.0,
            517179.0,
            613045.0,
            576170.0,
            602547.0,
            564298.0,
            431940.0,
            482263.0,
            395699.0,
            498322.0,
            477023.0
        ]
    },
    "cohesion_parameters": {
        "H": {
            "H": 0.77,
            "NH": 0.23
        },
        "NH": {
            "H": 0.52,
            "NH": 0.48
        }
    },
    "alphas": {
        "H": {
            "H": 1,
            "NH": 1
        },
        "NH": {
            "H": 1,
            "NH": 1
        }
    },
    "slate_to_candidates": {
        "H": [
            "H1",
            "H2",
            "H3",
            "H4",
            "H5"
        ],
        "NH": [
            "NH1",
            "NH2",
            "NH3",
            "NH4",
            "NH5"
        ]
    }
}