{
    "bloc_voter_props": {
        "H": [
            0.17915835251635587,
            0.42760920653758816,
            0.16892110964447585,
            0.4364618345440746,
            0.42251426469857895,
            0.16452940257305068,
            0.1860230892064959,
            0.21483837633189695,
            336404.0,
            462763.0,
            267363.0,
            148849.0,
            243294.0,
            352247.0,
            361470.0,
            250613.0,
            370685.0,
            212519.0,
            155706.0,
            132472.0,
            303900.0,
            145810.0,
            281346.0,
            283671.0,
            342349.0,
            481186.0,
            311460.0,
            309538.0,
            215290.0,
            349908.0,
            636951.0,
            319774.0,
            202025.0,
            175706.0,
            142780.0,
            374913.0,
            186370.0,
            397124.0,
            247270.0,
            250089.0
        ],
        "NH": [
            0.8208416474836441,
            0.5723907934624118,
            0.8310788903555242,
            0.5635381654559254,
            0.577485735301421,
            0.8354705974269493,
            0.8139769107935041,
            0.785161623668103,
            425186.0,
            310608.0,
            479374.0,
            657475.0,
            496472.0,
            433680.0,
            380869.0,
            527762.0,
            389022.0,
            549473.0,
            586285.0,
            656746.0,
            484595.0,
            654501.0,
            466747.0,
            468785.0,
            454563.0,
            275727.0,
            487977.0,
            422608.0,
            591662.0,
            455902.0,
            161973.0,
            450170.0,
            546408.0,
            630981.0,
            641919.0,
            429663.0,
            577881.0,
            395250.0,
            494217.0,
            482839.0
        ]
    },
    "cohesion_parameters": {
        "H": {
            "H": 0.77,
            "NH": 0.23
        },
        "NH": {
            "H": 0.52,
            "NH": 0.48
        }
    },
    "alphas": {
        "H": {
            "H": 1,
            "NH": 1
        },
        "NH": {
            "H": 1,
            "NH": 1
        }
    },
    "slate_to_candidates": {
        "H": [
            "H1",
            "H2",
            "H3",
            "H4",
            "H5"
        ],
        "NH": [
            "NH1",
            "NH2",
            "NH3",
            "NH4",
            "NH5"
        ]
    }
}