{
    "bloc_voter_props": {
        "H": [
            0.48868122787509055,
            0.35190201314786707,
            0.1691951916455655,
            0.4364618345440746,
            0.4939145446698317,
            0.18952490767469238,
            0.4884266570410143,
            0.18376604981280004,
            268338.0,
            257175.0,
            149298.0,
            165906.0,
            173498.0,
            362471.0,
            129276.0,
            131719.0,
            336964.0,
            287358.0,
            163271.0,
            250985.0,
            179106.0,
            146191.0,
            365611.0,
            283671.0,
            308645.0,
            300268.0,
            388881.0,
            314129.0,
            375582.0,
            403269.0,
            417325.0,
            319774.0,
            201725.0,
            124953.0,
            175300.0,
            286723.0,
            186370.0,
            430845.0,
            329908.0,
            574977.0
        ],
        "NH": [
            0.5113187721249095,
            0.6480979868521329,
            0.8308048083544345,
            0.5635381654559254,
            0.5060854553301684,
            0.8104750923253076,
            0.5115733429589857,
            0.8162339501871999,
            482866.0,
            499917.0,
            646880.0,
            618695.0,
            601371.0,
            406016.0,
            644371.0,
            640599.0,
            465185.0,
            467303.0,
            593982.0,
            551437.0,
            611514.0,
            646973.0,
            443036.0,
            468785.0,
            496803.0,
            481388.0,
            417080.0,
            434205.0,
            391139.0,
            332748.0,
            328327.0,
            450170.0,
            546129.0,
            675626.0,
            630525.0,
            483915.0,
            577881.0,
            319087.0,
            415608.0,
            165817.0
        ]
    },
    "cohesion_parameters": {
        "H": {
            "H": 0.77,
            "NH": 0.23
        },
        "NH": {
            "H": 0.52,
            "NH": 0.48
        }
    },
    "alphas": {
        "H": {
            "H": 1,
            "NH": 1
        },
        "NH": {
            "H": 1,
            "NH": 1
        }
    },
    "slate_to_candidates": {
        "H": [
            "H1",
            "H2",
            "H3",
            "H4",
            "H5"
        ],
        "NH": [
            "NH1",
            "NH2",
            "NH3",
            "NH4",
            "NH5"
        ]
    }
}