{
    "bloc_voter_props": {
        "H": [
            0.20403000774759225,
            0.3593259215177801,
            0.22380063749329007,
            0.384776314407717,
            0.46903137553677793,
            0.16805961368761643,
            0.33063052081766453,
            0.22188955246746456,
            295434.0,
            236814.0,
            339932.0,
            124090.0,
            226062.0,
            447033.0,
            361403.0,
            147759.0,
            450592.0,
            476962.0,
            159154.0,
            254568.0,
            188243.0,
            189569.0,
            274428.0,
            362990.0,
            354477.0,
            298961.0,
            382545.0,
            318560.0,
            556921.0,
            336820.0,
            372963.0,
            270115.0,
            194409.0,
            132160.0,
            124602.0,
            152017.0,
            145134.0,
            325411.0,
            368297.0,
            247195.0
        ],
        "NH": [
            0.7959699922524077,
            0.6406740784822199,
            0.77619936250671,
            0.615223685592283,
            0.530968624463222,
            0.8319403863123835,
            0.6693694791823355,
            0.7781104475325354,
            451267.0,
            547730.0,
            460571.0,
            680258.0,
            529823.0,
            323679.0,
            414094.0,
            640586.0,
            325016.0,
            290376.0,
            611070.0,
            522146.0,
            599945.0,
            557324.0,
            464389.0,
            413891.0,
            406138.0,
            496270.0,
            411791.0,
            439301.0,
            177811.0,
            404506.0,
            415274.0,
            520495.0,
            572683.0,
            645040.0,
            658416.0,
            607854.0,
            629766.0,
            430869.0,
            410864.0,
            511439.0
        ]
    },
    "cohesion_parameters": {
        "H": {
            "H": 0.77,
            "NH": 0.23
        },
        "NH": {
            "H": 0.52,
            "NH": 0.48
        }
    },
    "alphas": {
        "H": {
            "H": 1,
            "NH": 1
        },
        "NH": {
            "H": 1,
            "NH": 1
        }
    },
    "slate_to_candidates": {
        "H": [
            "H1",
            "H2",
            "H3",
            "H4",
            "H5"
        ],
        "NH": [
            "NH1",
            "NH2",
            "NH3",
            "NH4",
            "NH5"
        ]
    }
}