{
    "bloc_voter_props": {
        "H": [
            0.49191666640425485,
            0.4973093040416866,
            0.3882132542994902,
            0.1946351035492614,
            0.2350579567546101,
            0.3117723851341814,
            0.32634419127179476,
            0.38564790081495115
        ],
        "NH": [
            0.5080833335957452,
            0.5026906959583134,
            0.6117867457005097,
            0.8053648964507386,
            0.76494204324539,
            0.6882276148658186,
            0.6736558087282053,
            0.6143520991850488
        ]
    },
    "cohesion_parameters": {
        "H": {
            "H": 0.77,
            "NH": 0.23
        },
        "NH": {
            "H": 0.52,
            "NH": 0.48
        }
    },
    "alphas": {
        "H": {
            "H": 1,
            "NH": 1
        },
        "NH": {
            "H": 1,
            "NH": 1
        }
    },
    "slate_to_candidates": {
        "H": [
            "H1",
            "H2",
            "H3",
            "H4",
            "H5"
        ],
        "NH": [
            "NH1",
            "NH2",
            "NH3",
            "NH4",
            "NH5"
        ]
    }
}