{
    "bloc_voter_props": {
        "H": [
            0.4454097887337966,
            0.2427258524607137,
            0.334067012091273,
            0.45509786103129085,
            0.4478746870241014,
            0.2656278217604767,
            0.39690178091168865,
            0.24164405572544878
        ],
        "NH": [
            0.5545902112662033,
            0.7572741475392862,
            0.665932987908727,
            0.5449021389687092,
            0.5521253129758986,
            0.7343721782395233,
            0.6030982190883113,
            0.7583559442745512
        ]
    },
    "cohesion_parameters": {
        "H": {
            "H": 0.77,
            "NH": 0.23
        },
        "NH": {
            "H": 0.52,
            "NH": 0.48
        }
    },
    "alphas": {
        "H": {
            "H": 1,
            "NH": 1
        },
        "NH": {
            "H": 1,
            "NH": 1
        }
    },
    "slate_to_candidates": {
        "H": [
            "H1",
            "H2",
            "H3",
            "H4",
            "H5"
        ],
        "NH": [
            "NH1",
            "NH2",
            "NH3",
            "NH4",
            "NH5"
        ]
    }
}