{
    "bloc_voter_props": {
        "H": [
            0.43453539103033895,
            0.43908088817077134,
            0.31074991766802057,
            0.4107352563676327,
            0.1840134238348512,
            0.22602347138179885,
            0.4766422923425299,
            0.35461330950960895
        ],
        "NH": [
            0.565464608969661,
            0.5609191118292287,
            0.6892500823319794,
            0.5892647436323674,
            0.8159865761651488,
            0.7739765286182011,
            0.52335770765747,
            0.6453866904903911
        ]
    },
    "cohesion_parameters": {
        "H": {
            "H": 0.77,
            "NH": 0.23
        },
        "NH": {
            "H": 0.52,
            "NH": 0.48
        }
    },
    "alphas": {
        "H": {
            "H": 1,
            "NH": 1
        },
        "NH": {
            "H": 1,
            "NH": 1
        }
    },
    "slate_to_candidates": {
        "H": [
            "H1",
            "H2",
            "H3",
            "H4",
            "H5"
        ],
        "NH": [
            "NH1",
            "NH2",
            "NH3",
            "NH4",
            "NH5"
        ]
    }
}