{
    "bloc_voter_props": {
        "H": [
            0.20610299969414966,
            0.36498259590744514,
            0.3789322957739657,
            0.21495999071046296,
            0.31174111834947543,
            0.3562396751324552,
            0.46610544086969774,
            0.5311722636233176
        ],
        "NH": [
            0.7938970003058503,
            0.6350174040925549,
            0.6210677042260343,
            0.785040009289537,
            0.6882588816505245,
            0.6437603248675449,
            0.5338945591303023,
            0.4688277363766824
        ]
    },
    "cohesion_parameters": {
        "H": {
            "H": 0.77,
            "NH": 0.23
        },
        "NH": {
            "H": 0.52,
            "NH": 0.48
        }
    },
    "alphas": {
        "H": {
            "H": 1,
            "NH": 1
        },
        "NH": {
            "H": 1,
            "NH": 1
        }
    },
    "slate_to_candidates": {
        "H": [
            "H1",
            "H2",
            "H3",
            "H4",
            "H5"
        ],
        "NH": [
            "NH1",
            "NH2",
            "NH3",
            "NH4",
            "NH5"
        ]
    }
}