{
    "bloc_voter_props": {
        "H": [
            0.4962359741516109,
            0.3542643490114845,
            0.4864074730113101,
            0.21528045791469116,
            0.4387362638799059,
            0.3714759549174403,
            0.2742802988597765,
            0.19685487909801858
        ],
        "NH": [
            0.5037640258483891,
            0.6457356509885155,
            0.5135925269886898,
            0.7847195420853088,
            0.5612637361200941,
            0.6285240450825597,
            0.7257197011402235,
            0.8031451209019814
        ]
    },
    "cohesion_parameters": {
        "H": {
            "H": 0.77,
            "NH": 0.23
        },
        "NH": {
            "H": 0.52,
            "NH": 0.48
        }
    },
    "alphas": {
        "H": {
            "H": 1,
            "NH": 1
        },
        "NH": {
            "H": 1,
            "NH": 1
        }
    },
    "slate_to_candidates": {
        "H": [
            "H1",
            "H2",
            "H3",
            "H4",
            "H5"
        ],
        "NH": [
            "NH1",
            "NH2",
            "NH3",
            "NH4",
            "NH5"
        ]
    }
}