{
    "bloc_voter_props": {
        "H": [
            0.17665724626902674,
            0.5781565327042189,
            0.29998875716730583,
            0.3813609021747318,
            0.3416112022001113,
            0.6169701630099856,
            0.34526843451792744,
            0.42915831048172554,
            113613.0,
            79893.0,
            99489.0,
            44190.0,
            201798.0,
            189443.0,
            176799.0,
            178419.0,
            145878.0,
            176651.0,
            94804.0,
            86842.0,
            106881.0,
            267270.0,
            120211.0,
            86719.0,
            121517.0,
            108172.0,
            119944.0,
            73691.0,
            350876.0,
            92839.0,
            136513.0,
            179768.0,
            107363.0,
            72838.0,
            148094.0,
            191078.0,
            153066.0,
            96187.0,
            62180.0,
            228087.0,
            190853.0,
            199689.0,
            163060.0,
            207385.0,
            73360.0,
            93621.0,
            66850.0,
            71936.0,
            168805.0,
            90201.0,
            43365.0,
            205465.0,
            65905.0,
            60386.0,
            53151.0,
            236246.0,
            92313.0,
            158641.0,
            85660.0,
            112524.0,
            196166.0,
            70630.0,
            83995.0,
            175075.0,
            234882.0,
            217921.0,
            234889.0,
            84201.0,
            151272.0,
            207706.0,
            151754.0,
            94705.0,
            66373.0,
            198715.0,
            67926.0,
            122299.0,
            119015.0,
            178272.0,
            154279.0,
            44249.0
        ],
        "NH": [
            0.8233427537309733,
            0.42184346729578115,
            0.7000112428326941,
            0.6186390978252682,
            0.6583887977998887,
            0.38302983699001436,
            0.6547315654820726,
            0.5708416895182745,
            278455.0,
            288285.0,
            293946.0,
            339266.0,
            183931.0,
            190656.0,
            199678.0,
            225876.0,
            234746.0,
            224585.0,
            300578.0,
            302749.0,
            261096.0,
            126927.0,
            257365.0,
            284106.0,
            280122.0,
            285605.0,
            255524.0,
            309329.0,
            48008.0,
            277216.0,
            261978.0,
            192687.0,
            296106.0,
            328063.0,
            222684.0,
            181504.0,
            249939.0,
            305736.0,
            314531.0,
            142176.0,
            197205.0,
            203114.0,
            232471.0,
            187171.0,
            322040.0,
            276222.0,
            299272.0,
            315066.0,
            207176.0,
            313911.0,
            325780.0,
            180244.0,
            332071.0,
            312807.0,
            318896.0,
            130051.0,
            303119.0,
            244650.0,
            314726.0,
            258425.0,
            198882.0,
            329613.0,
            282440.0,
            215264.0,
            137285.0,
            153677.0,
            160879.0,
            284996.0,
            221417.0,
            167925.0,
            222688.0,
            292045.0,
            318548.0,
            199244.0,
            300329.0,
            264077.0,
            264972.0,
            190361.0,
            217115.0,
            358139.0
        ]
    },
    "cohesion_parameters": {
        "H": {
            "H": 0.77,
            "NH": 0.23
        },
        "NH": {
            "H": 0.52,
            "NH": 0.48
        }
    },
    "alphas": {
        "H": {
            "H": 1,
            "NH": 1
        },
        "NH": {
            "H": 1,
            "NH": 1
        }
    },
    "slate_to_candidates": {
        "H": [
            "H1",
            "H2",
            "H3",
            "H4",
            "H5"
        ],
        "NH": [
            "NH1",
            "NH2",
            "NH3",
            "NH4",
            "NH5"
        ]
    }
}