{
    "bloc_voter_props": {
        "H": [
            0.5143030373727194,
            0.19652026811652384,
            0.3205893823245533,
            0.25034093280678665,
            0.4735592570154895,
            0.3274896689090444,
            0.3177726976896804,
            0.4377689938095719
        ],
        "NH": [
            0.4856969626272806,
            0.8034797318834762,
            0.6794106176754467,
            0.7496590671932134,
            0.5264407429845105,
            0.6725103310909556,
            0.6822273023103196,
            0.5622310061904281
        ]
    },
    "cohesion_parameters": {
        "H": {
            "H": 0.77,
            "NH": 0.23
        },
        "NH": {
            "H": 0.52,
            "NH": 0.48
        }
    },
    "alphas": {
        "H": {
            "H": 1,
            "NH": 1
        },
        "NH": {
            "H": 1,
            "NH": 1
        }
    },
    "slate_to_candidates": {
        "H": [
            "H1",
            "H2",
            "H3",
            "H4",
            "H5"
        ],
        "NH": [
            "NH1",
            "NH2",
            "NH3",
            "NH4",
            "NH5"
        ]
    }
}