{
    "bloc_voter_props": {
        "H": [
            0.17343238836052788,
            0.5888448173529711,
            0.256285979622587,
            0.3920738011292845,
            0.3416112022001113,
            0.616644096672382,
            0.34170805336449506,
            0.4605525782661198,
            195246.0,
            105150.0,
            71569.0,
            83692.0,
            131994.0,
            173089.0,
            119201.0,
            178419.0,
            145878.0,
            99563.0,
            54069.0,
            114421.0,
            94243.0,
            267270.0,
            120211.0,
            148151.0,
            151973.0,
            106354.0,
            119944.0,
            45273.0,
            339918.0,
            198927.0,
            144636.0,
            179768.0,
            95421.0,
            55353.0,
            68478.0,
            107557.0,
            119655.0,
            44066.0,
            177961.0,
            228087.0,
            190649.0,
            199689.0,
            175914.0,
            180696.0,
            103133.0,
            79867.0,
            88413.0,
            77072.0,
            144673.0,
            162381.0,
            45268.0,
            189549.0,
            51259.0,
            125068.0,
            70636.0,
            201511.0,
            92313.0,
            155781.0,
            89668.0,
            137176.0,
            196166.0,
            65494.0,
            56993.0,
            153851.0,
            243993.0,
            248887.0,
            234889.0,
            165865.0,
            152866.0,
            210566.0,
            178479.0,
            73142.0,
            64470.0,
            64526.0,
            69882.0,
            181676.0,
            127733.0,
            194420.0,
            121541.0,
            69295.0
        ],
        "NH": [
            0.8265676116394721,
            0.4111551826470288,
            0.7437140203774131,
            0.6079261988707155,
            0.6583887977998887,
            0.38335590332761804,
            0.6582919466355049,
            0.5394474217338803,
            186519.0,
            264434.0,
            307134.0,
            298439.0,
            268056.0,
            228770.0,
            273481.0,
            225876.0,
            234746.0,
            302970.0,
            326793.0,
            284873.0,
            287497.0,
            126927.0,
            257365.0,
            222231.0,
            245586.0,
            278873.0,
            255524.0,
            353328.0,
            44324.0,
            205138.0,
            247320.0,
            192687.0,
            300682.0,
            328023.0,
            309921.0,
            294626.0,
            282647.0,
            344013.0,
            189048.0,
            142176.0,
            193245.0,
            203114.0,
            220441.0,
            204777.0,
            289813.0,
            287313.0,
            288672.0,
            320062.0,
            245301.0,
            213631.0,
            330586.0,
            194936.0,
            332579.0,
            262120.0,
            318936.0,
            172862.0,
            303119.0,
            234171.0,
            304432.0,
            265408.0,
            198882.0,
            324617.0,
            313737.0,
            225320.0,
            141428.0,
            126111.0,
            160879.0,
            207138.0,
            229517.0,
            178404.0,
            197057.0,
            302645.0,
            313742.0,
            317230.0,
            308632.0,
            192785.0,
            258535.0,
            185038.0,
            244596.0,
            318539.0
        ]
    },
    "cohesion_parameters": {
        "H": {
            "H": 0.77,
            "NH": 0.23
        },
        "NH": {
            "H": 0.52,
            "NH": 0.48
        }
    },
    "alphas": {
        "H": {
            "H": 1,
            "NH": 1
        },
        "NH": {
            "H": 1,
            "NH": 1
        }
    },
    "slate_to_candidates": {
        "H": [
            "H1",
            "H2",
            "H3",
            "H4",
            "H5"
        ],
        "NH": [
            "NH1",
            "NH2",
            "NH3",
            "NH4",
            "NH5"
        ]
    }
}