{
    "bloc_voter_props": {
        "H": [
            0.43453539103033895,
            0.43908088817077134,
            0.34381618604258946,
            0.3857394657266129,
            0.19123214995498045,
            0.22451584867088858,
            0.47471148176004924,
            0.3573472405365872
        ],
        "NH": [
            0.565464608969661,
            0.5609191118292287,
            0.6561838139574105,
            0.6142605342733871,
            0.8087678500450196,
            0.7754841513291114,
            0.5252885182399508,
            0.6426527594634128
        ]
    },
    "cohesion_parameters": {
        "H": {
            "H": 0.77,
            "NH": 0.23
        },
        "NH": {
            "H": 0.52,
            "NH": 0.48
        }
    },
    "alphas": {
        "H": {
            "H": 1,
            "NH": 1
        },
        "NH": {
            "H": 1,
            "NH": 1
        }
    },
    "slate_to_candidates": {
        "H": [
            "H1",
            "H2",
            "H3",
            "H4",
            "H5"
        ],
        "NH": [
            "NH1",
            "NH2",
            "NH3",
            "NH4",
            "NH5"
        ]
    }
}