{
    "bloc_voter_props": {
        "H": [
            0.23835927825861344,
            0.25176241131337024,
            0.33918126362031636,
            0.4539127197260725,
            0.43877031936393823,
            0.25892249508340304,
            0.3134921403681323,
            0.5438774800999194
        ],
        "NH": [
            0.7616407217413865,
            0.7482375886866298,
            0.6608187363796837,
            0.5460872802739275,
            0.5612296806360618,
            0.741077504916597,
            0.6865078596318677,
            0.4561225199000805
        ]
    },
    "cohesion_parameters": {
        "H": {
            "H": 0.77,
            "NH": 0.23
        },
        "NH": {
            "H": 0.52,
            "NH": 0.48
        }
    },
    "alphas": {
        "H": {
            "H": 1,
            "NH": 1
        },
        "NH": {
            "H": 1,
            "NH": 1
        }
    },
    "slate_to_candidates": {
        "H": [
            "H1",
            "H2",
            "H3",
            "H4",
            "H5"
        ],
        "NH": [
            "NH1",
            "NH2",
            "NH3",
            "NH4",
            "NH5"
        ]
    }
}