{
    "bloc_voter_props": {
        "H": [
            0.32861163027043744,
            0.20130365562328514,
            0.4298012543475864,
            0.20681299790011362,
            0.40382202765532205,
            0.381028459339668,
            0.5418861360100211,
            0.3399572105631147
        ],
        "NH": [
            0.6713883697295626,
            0.7986963443767149,
            0.5701987456524136,
            0.7931870020998864,
            0.596177972344678,
            0.618971540660332,
            0.45811386398997894,
            0.6600427894368853
        ]
    },
    "cohesion_parameters": {
        "H": {
            "H": 0.77,
            "NH": 0.23
        },
        "NH": {
            "H": 0.52,
            "NH": 0.48
        }
    },
    "alphas": {
        "H": {
            "H": 1,
            "NH": 1
        },
        "NH": {
            "H": 1,
            "NH": 1
        }
    },
    "slate_to_candidates": {
        "H": [
            "H1",
            "H2",
            "H3",
            "H4",
            "H5"
        ],
        "NH": [
            "NH1",
            "NH2",
            "NH3",
            "NH4",
            "NH5"
        ]
    }
}