{
    "bloc_voter_props": {
        "H": [
            0.5062437536189599,
            0.28860878419811986,
            0.3544483051738525,
            0.3138430290484082,
            0.23412441833264847,
            0.25352064798579566,
            0.35965491457438953,
            0.5221202263587956
        ],
        "NH": [
            0.49375624638104015,
            0.7113912158018801,
            0.6455516948261475,
            0.6861569709515918,
            0.7658755816673515,
            0.7464793520142043,
            0.6403450854256104,
            0.47787977364120443
        ]
    },
    "cohesion_parameters": {
        "H": {
            "H": 0.77,
            "NH": 0.23
        },
        "NH": {
            "H": 0.52,
            "NH": 0.48
        }
    },
    "alphas": {
        "H": {
            "H": 1,
            "NH": 1
        },
        "NH": {
            "H": 1,
            "NH": 1
        }
    },
    "slate_to_candidates": {
        "H": [
            "H1",
            "H2",
            "H3",
            "H4",
            "H5"
        ],
        "NH": [
            "NH1",
            "NH2",
            "NH3",
            "NH4",
            "NH5"
        ]
    }
}