{
    "bloc_voter_props": {
        "H": [
            0.4606093351433089,
            0.20528256522846072,
            0.30829707158803366,
            0.37036439132174903,
            0.5194608228649292,
            0.19360378125667962,
            0.3253545753554495,
            0.4448762168237593
        ],
        "NH": [
            0.5393906648566912,
            0.7947174347715392,
            0.6917029284119663,
            0.629635608678251,
            0.4805391771350708,
            0.8063962187433203,
            0.6746454246445506,
            0.5551237831762408
        ]
    },
    "cohesion_parameters": {
        "H": {
            "H": 0.77,
            "NH": 0.23
        },
        "NH": {
            "H": 0.52,
            "NH": 0.48
        }
    },
    "alphas": {
        "H": {
            "H": 1,
            "NH": 1
        },
        "NH": {
            "H": 1,
            "NH": 1
        }
    },
    "slate_to_candidates": {
        "H": [
            "H1",
            "H2",
            "H3",
            "H4",
            "H5"
        ],
        "NH": [
            "NH1",
            "NH2",
            "NH3",
            "NH4",
            "NH5"
        ]
    }
}