{
    "bloc_voter_props": {
        "H": [
            0.35222512808100037,
            0.36634961144975675,
            0.18081151540673332,
            0.42206461796585876,
            0.39524657498945975,
            0.4809846938099864,
            0.23409374965089041,
            0.3983544395073762
        ],
        "NH": [
            0.6477748719189996,
            0.6336503885502432,
            0.8191884845932667,
            0.5779353820341413,
            0.6047534250105402,
            0.5190153061900136,
            0.7659062503491096,
            0.6016455604926239
        ]
    },
    "cohesion_parameters": {
        "H": {
            "H": 0.77,
            "NH": 0.23
        },
        "NH": {
            "H": 0.52,
            "NH": 0.48
        }
    },
    "alphas": {
        "H": {
            "H": 1,
            "NH": 1
        },
        "NH": {
            "H": 1,
            "NH": 1
        }
    },
    "slate_to_candidates": {
        "H": [
            "H1",
            "H2",
            "H3",
            "H4",
            "H5"
        ],
        "NH": [
            "NH1",
            "NH2",
            "NH3",
            "NH4",
            "NH5"
        ]
    }
}