{
    "bloc_voter_props": {
        "H": [
            0.2717959866345478,
            0.21816126105337988,
            0.47006105917101554,
            0.371481794448839,
            0.22898905066844796,
            0.34406322673303635,
            0.4997227656349543,
            0.4403845674266434
        ],
        "NH": [
            0.7282040133654522,
            0.7818387389466201,
            0.5299389408289844,
            0.628518205551161,
            0.771010949331552,
            0.6559367732669636,
            0.5002772343650457,
            0.5596154325733567
        ]
    },
    "cohesion_parameters": {
        "H": {
            "H": 0.77,
            "NH": 0.23
        },
        "NH": {
            "H": 0.52,
            "NH": 0.48
        }
    },
    "alphas": {
        "H": {
            "H": 1,
            "NH": 1
        },
        "NH": {
            "H": 1,
            "NH": 1
        }
    },
    "slate_to_candidates": {
        "H": [
            "H1",
            "H2",
            "H3",
            "H4",
            "H5"
        ],
        "NH": [
            "NH1",
            "NH2",
            "NH3",
            "NH4",
            "NH5"
        ]
    }
}