{
    "bloc_voter_props": {
        "H": [
            0.5245981793039298,
            0.2425730014380506,
            0.37420650460590743,
            0.2316222800063645,
            0.47922629591999566,
            0.2612679969845715,
            0.3594084666986607,
            0.34238255918385374
        ],
        "NH": [
            0.4754018206960702,
            0.7574269985619494,
            0.6257934953940926,
            0.7683777199936355,
            0.5207737040800043,
            0.7387320030154285,
            0.6405915333013393,
            0.6576174408161463
        ]
    },
    "cohesion_parameters": {
        "H": {
            "H": 0.77,
            "NH": 0.23
        },
        "NH": {
            "H": 0.52,
            "NH": 0.48
        }
    },
    "alphas": {
        "H": {
            "H": 1,
            "NH": 1
        },
        "NH": {
            "H": 1,
            "NH": 1
        }
    },
    "slate_to_candidates": {
        "H": [
            "H1",
            "H2",
            "H3",
            "H4",
            "H5"
        ],
        "NH": [
            "NH1",
            "NH2",
            "NH3",
            "NH4",
            "NH5"
        ]
    }
}