{
    "bloc_voter_props": {
        "H": [
            0.3510770030815649,
            0.31658593338008795,
            0.6101340397985051,
            0.5144598315919235,
            0.1652749513497207,
            0.42135085762322777,
            0.2735454972902076,
            0.34655844382675693,
            203117.0,
            105991.0,
            84381.0,
            47762.0,
            71228.0,
            169514.0,
            156229.0,
            71056.0,
            242526.0,
            165187.0,
            96978.0,
            90459.0,
            78110.0,
            197519.0,
            197591.0,
            127925.0,
            132063.0,
            109079.0,
            115396.0,
            54232.0,
            345206.0,
            133574.0,
            82335.0,
            179768.0,
            77243.0,
            129978.0,
            78596.0,
            222723.0,
            79059.0,
            54255.0,
            164387.0,
            195580.0,
            236926.0,
            193727.0,
            117874.0,
            240483.0,
            120228.0,
            68008.0,
            53647.0,
            66614.0,
            180798.0,
            130096.0,
            74713.0,
            188441.0,
            85185.0,
            63984.0,
            53943.0,
            227272.0,
            114676.0,
            148274.0,
            197099.0,
            126340.0,
            136845.0,
            150955.0,
            90756.0,
            167838.0,
            109754.0,
            240624.0,
            194696.0,
            160797.0,
            140017.0,
            220127.0,
            188593.0,
            84475.0,
            63510.0,
            73703.0,
            90294.0,
            123027.0,
            185064.0,
            276858.0,
            74546.0,
            55360.0
        ],
        "NH": [
            0.648922996918435,
            0.683414066619912,
            0.3898659602014949,
            0.48554016840807646,
            0.8347250486502793,
            0.5786491423767722,
            0.7264545027097924,
            0.6534415561732431,
            188166.0,
            284310.0,
            303045.0,
            351309.0,
            327901.0,
            213154.0,
            239820.0,
            328555.0,
            150814.0,
            202343.0,
            304118.0,
            302839.0,
            292448.0,
            193713.0,
            180971.0,
            250383.0,
            272169.0,
            269827.0,
            251353.0,
            322459.0,
            53765.0,
            266338.0,
            288533.0,
            192687.0,
            299225.0,
            271493.0,
            293819.0,
            178710.0,
            294393.0,
            325805.0,
            219666.0,
            202977.0,
            142818.0,
            189533.0,
            252698.0,
            158044.0,
            281844.0,
            328440.0,
            343757.0,
            301008.0,
            207326.0,
            250540.0,
            319932.0,
            180527.0,
            292390.0,
            316615.0,
            334428.0,
            139103.0,
            278227.0,
            225355.0,
            176163.0,
            245811.0,
            238189.0,
            237529.0,
            294444.0,
            220616.0,
            277919.0,
            139383.0,
            202150.0,
            217997.0,
            247531.0,
            174483.0,
            201360.0,
            319387.0,
            312647.0,
            292844.0,
            277610.0,
            266297.0,
            200043.0,
            126773.0,
            294346.0,
            321924.0
        ]
    },
    "cohesion_parameters": {
        "H": {
            "H": 0.77,
            "NH": 0.23
        },
        "NH": {
            "H": 0.52,
            "NH": 0.48
        }
    },
    "alphas": {
        "H": {
            "H": 1,
            "NH": 1
        },
        "NH": {
            "H": 1,
            "NH": 1
        }
    },
    "slate_to_candidates": {
        "H": [
            "H1",
            "H2",
            "H3",
            "H4",
            "H5"
        ],
        "NH": [
            "NH1",
            "NH2",
            "NH3",
            "NH4",
            "NH5"
        ]
    }
}