{
    "bloc_voter_props": {
        "H": [
            0.3572710206706286,
            0.4480959805501969,
            0.41237475166277965,
            0.5144598315919235,
            0.2790513344159784,
            0.6131378522467631,
            0.19670908571609913,
            0.34655844382675693,
            202274.0,
            102612.0,
            81640.0,
            47762.0,
            147832.0,
            188548.0,
            136634.0,
            50043.0,
            242526.0,
            107421.0,
            98982.0,
            81476.0,
            91662.0,
            181775.0,
            153983.0,
            141941.0,
            197362.0,
            109079.0,
            239998.0,
            271129.0,
            345895.0,
            188506.0,
            189612.0,
            129975.0,
            75786.0,
            87317.0,
            163703.0,
            83824.0,
            83048.0,
            152649.0,
            164387.0,
            195580.0,
            171627.0,
            193727.0,
            139990.0,
            256788.0,
            67995.0,
            87510.0,
            93617.0,
            67428.0,
            167472.0,
            188521.0,
            73993.0,
            188441.0,
            85185.0,
            70094.0,
            47833.0,
            230601.0,
            136858.0,
            159993.0,
            73061.0,
            56808.0,
            136845.0,
            80856.0,
            108445.0,
            157719.0,
            95186.0,
            50924.0,
            240226.0,
            135338.0,
            171649.0,
            174597.0,
            189436.0,
            72105.0,
            55552.0,
            218140.0,
            51504.0,
            132031.0,
            83495.0,
            141941.0,
            74273.0,
            55360.0
        ],
        "NH": [
            0.6427289793293713,
            0.5519040194498032,
            0.5876252483372203,
            0.48554016840807646,
            0.7209486655840216,
            0.38686214775323685,
            0.8032909142839009,
            0.6534415561732431,
            174408.0,
            266017.0,
            302432.0,
            351309.0,
            255345.0,
            203177.0,
            246115.0,
            347089.0,
            150814.0,
            263251.0,
            302371.0,
            300462.0,
            277457.0,
            220927.0,
            235056.0,
            246768.0,
            183322.0,
            269827.0,
            128672.0,
            127291.0,
            52415.0,
            212791.0,
            199149.0,
            251745.0,
            298394.0,
            313809.0,
            230880.0,
            310656.0,
            291297.0,
            215060.0,
            219666.0,
            202977.0,
            231665.0,
            189533.0,
            241971.0,
            134512.0,
            301579.0,
            316873.0,
            285507.0,
            299925.0,
            205446.0,
            194654.0,
            310769.0,
            180527.0,
            292390.0,
            319869.0,
            331174.0,
            137722.0,
            267305.0,
            213574.0,
            308502.0,
            342056.0,
            238189.0,
            288712.0,
            290923.0,
            222240.0,
            281828.0,
            325143.0,
            154003.0,
            240030.0,
            230240.0,
            222630.0,
            215118.0,
            318472.0,
            334797.0,
            166063.0,
            342673.0,
            241495.0,
            295547.0,
            247768.0,
            303912.0,
            321924.0
        ]
    },
    "cohesion_parameters": {
        "H": {
            "H": 0.77,
            "NH": 0.23
        },
        "NH": {
            "H": 0.52,
            "NH": 0.48
        }
    },
    "alphas": {
        "H": {
            "H": 1,
            "NH": 1
        },
        "NH": {
            "H": 1,
            "NH": 1
        }
    },
    "slate_to_candidates": {
        "H": [
            "H1",
            "H2",
            "H3",
            "H4",
            "H5"
        ],
        "NH": [
            "NH1",
            "NH2",
            "NH3",
            "NH4",
            "NH5"
        ]
    }
}