{
    "bloc_voter_props": {
        "H": [
            0.343948279371737,
            0.33153732771043243,
            0.45087086360989104,
            0.5288789869689238,
            0.20059285813136193,
            0.2887114153997855,
            0.4748806525745602,
            0.20100441253037257
        ],
        "NH": [
            0.656051720628263,
            0.6684626722895676,
            0.549129136390109,
            0.47112101303107623,
            0.799407141868638,
            0.7112885846002145,
            0.5251193474254399,
            0.7989955874696274
        ]
    },
    "cohesion_parameters": {
        "H": {
            "H": 0.77,
            "NH": 0.23
        },
        "NH": {
            "H": 0.52,
            "NH": 0.48
        }
    },
    "alphas": {
        "H": {
            "H": 1,
            "NH": 1
        },
        "NH": {
            "H": 1,
            "NH": 1
        }
    },
    "slate_to_candidates": {
        "H": [
            "H1",
            "H2",
            "H3",
            "H4",
            "H5"
        ],
        "NH": [
            "NH1",
            "NH2",
            "NH3",
            "NH4",
            "NH5"
        ]
    }
}