{
    "bloc_voter_props": {
        "H": [
            0.43676858759768217,
            0.1918700332770121,
            0.3873169168414825,
            0.46935342490606796,
            0.4730123415175116,
            0.3860609903262555,
            0.2929803471338215,
            0.2098847722303345
        ],
        "NH": [
            0.5632314124023178,
            0.8081299667229879,
            0.6126830831585175,
            0.530646575093932,
            0.5269876584824884,
            0.6139390096737445,
            0.7070196528661785,
            0.7901152277696655
        ]
    },
    "cohesion_parameters": {
        "H": {
            "H": 0.77,
            "NH": 0.23
        },
        "NH": {
            "H": 0.52,
            "NH": 0.48
        }
    },
    "alphas": {
        "H": {
            "H": 1,
            "NH": 1
        },
        "NH": {
            "H": 1,
            "NH": 1
        }
    },
    "slate_to_candidates": {
        "H": [
            "H1",
            "H2",
            "H3",
            "H4",
            "H5"
        ],
        "NH": [
            "NH1",
            "NH2",
            "NH3",
            "NH4",
            "NH5"
        ]
    }
}