{
    "bloc_voter_props": {
        "H": [
            0.44375707354568406,
            0.2343564845832421,
            0.5243280123700227,
            0.38028190323946387,
            0.25715834824285944,
            0.245034339463739,
            0.4501703593453111,
            0.28111153236359254
        ],
        "NH": [
            0.556242926454316,
            0.7656435154167579,
            0.4756719876299773,
            0.6197180967605361,
            0.7428416517571406,
            0.754965660536261,
            0.5498296406546889,
            0.7188884676364075
        ]
    },
    "cohesion_parameters": {
        "H": {
            "H": 0.77,
            "NH": 0.23
        },
        "NH": {
            "H": 0.52,
            "NH": 0.48
        }
    },
    "alphas": {
        "H": {
            "H": 1,
            "NH": 1
        },
        "NH": {
            "H": 1,
            "NH": 1
        }
    },
    "slate_to_candidates": {
        "H": [
            "H1",
            "H2",
            "H3",
            "H4",
            "H5"
        ],
        "NH": [
            "NH1",
            "NH2",
            "NH3",
            "NH4",
            "NH5"
        ]
    }
}