{
    "bloc_voter_props": {
        "H": [
            0.21945664313337698,
            0.19972843698786116,
            0.42639644183891723,
            0.3470299644396528,
            0.2741705726422091,
            0.345420674437771,
            0.5701191164128799,
            0.4560309239854033
        ],
        "NH": [
            0.780543356866623,
            0.8002715630121389,
            0.5736035581610828,
            0.6529700355603473,
            0.7258294273577909,
            0.654579325562229,
            0.42988088358712,
            0.5439690760145967
        ]
    },
    "cohesion_parameters": {
        "H": {
            "H": 0.77,
            "NH": 0.23
        },
        "NH": {
            "H": 0.52,
            "NH": 0.48
        }
    },
    "alphas": {
        "H": {
            "H": 1,
            "NH": 1
        },
        "NH": {
            "H": 1,
            "NH": 1
        }
    },
    "slate_to_candidates": {
        "H": [
            "H1",
            "H2",
            "H3",
            "H4",
            "H5"
        ],
        "NH": [
            "NH1",
            "NH2",
            "NH3",
            "NH4",
            "NH5"
        ]
    }
}