{
    "bloc_voter_props": {
        "H": [
            0.4962298183232331,
            0.21816126105337988,
            0.329094569309792,
            0.31286062008278276,
            0.22898905066844796,
            0.34406322673303635,
            0.41194788384913983,
            0.5042265018255521
        ],
        "NH": [
            0.5037701816767669,
            0.7818387389466201,
            0.670905430690208,
            0.6871393799172173,
            0.771010949331552,
            0.6559367732669636,
            0.5880521161508602,
            0.49577349817444794
        ]
    },
    "cohesion_parameters": {
        "H": {
            "H": 0.77,
            "NH": 0.23
        },
        "NH": {
            "H": 0.52,
            "NH": 0.48
        }
    },
    "alphas": {
        "H": {
            "H": 1,
            "NH": 1
        },
        "NH": {
            "H": 1,
            "NH": 1
        }
    },
    "slate_to_candidates": {
        "H": [
            "H1",
            "H2",
            "H3",
            "H4",
            "H5"
        ],
        "NH": [
            "NH1",
            "NH2",
            "NH3",
            "NH4",
            "NH5"
        ]
    }
}