{
    "bloc_voter_props": {
        "H": [
            0.39373181576899574,
            0.4612702861755514,
            0.3716098316121636,
            0.4884019702418816,
            0.19525740021106314,
            0.37171139325471325,
            0.34370156732201107,
            0.20819457434935504
        ],
        "NH": [
            0.6062681842310043,
            0.5387297138244486,
            0.6283901683878365,
            0.5115980297581184,
            0.8047425997889369,
            0.6282886067452867,
            0.6562984326779889,
            0.7918054256506449
        ]
    },
    "cohesion_parameters": {
        "H": {
            "H": 0.77,
            "NH": 0.23
        },
        "NH": {
            "H": 0.52,
            "NH": 0.48
        }
    },
    "alphas": {
        "H": {
            "H": 1,
            "NH": 1
        },
        "NH": {
            "H": 1,
            "NH": 1
        }
    },
    "slate_to_candidates": {
        "H": [
            "H1",
            "H2",
            "H3",
            "H4",
            "H5"
        ],
        "NH": [
            "NH1",
            "NH2",
            "NH3",
            "NH4",
            "NH5"
        ]
    }
}