{
    "bloc_voter_props": {
        "H": [
            0.35222512808100037,
            0.49555641390982685,
            0.2162696858358677,
            0.42206461796585876,
            0.3451940144264079,
            0.35579329546775823,
            0.1964992695059636,
            0.4497815038205952
        ],
        "NH": [
            0.6477748719189996,
            0.5044435860901731,
            0.7837303141641323,
            0.5779353820341413,
            0.654805985573592,
            0.6442067045322418,
            0.8035007304940364,
            0.5502184961794048
        ]
    },
    "cohesion_parameters": {
        "H": {
            "H": 0.77,
            "NH": 0.23
        },
        "NH": {
            "H": 0.52,
            "NH": 0.48
        }
    },
    "alphas": {
        "H": {
            "H": 1,
            "NH": 1
        },
        "NH": {
            "H": 1,
            "NH": 1
        }
    },
    "slate_to_candidates": {
        "H": [
            "H1",
            "H2",
            "H3",
            "H4",
            "H5"
        ],
        "NH": [
            "NH1",
            "NH2",
            "NH3",
            "NH4",
            "NH5"
        ]
    }
}