{
    "bloc_voter_props": {
        "H": [
            0.3334533472417469,
            0.36914879623785457,
            0.21058173784213385,
            0.19879592316914216,
            0.3438805278512075,
            0.47613439707324823,
            0.40787472755722487,
            0.48548447396526984
        ],
        "NH": [
            0.6665466527582531,
            0.6308512037621454,
            0.7894182621578661,
            0.8012040768308578,
            0.6561194721487925,
            0.5238656029267518,
            0.5921252724427751,
            0.5145155260347302
        ]
    },
    "cohesion_parameters": {
        "H": {
            "H": 0.77,
            "NH": 0.23
        },
        "NH": {
            "H": 0.52,
            "NH": 0.48
        }
    },
    "alphas": {
        "H": {
            "H": 1,
            "NH": 1
        },
        "NH": {
            "H": 1,
            "NH": 1
        }
    },
    "slate_to_candidates": {
        "H": [
            "H1",
            "H2",
            "H3",
            "H4",
            "H5"
        ],
        "NH": [
            "NH1",
            "NH2",
            "NH3",
            "NH4",
            "NH5"
        ]
    }
}