{
    "bloc_voter_props": {
        "H": [
            0.5114985262137983,
            0.4627048060400191,
            0.37901689567189795,
            0.32190718046213834,
            0.19088652278921206,
            0.32949501335188575,
            0.19526093387276014,
            0.45248816241827394
        ],
        "NH": [
            0.4885014737862017,
            0.5372951939599809,
            0.6209831043281021,
            0.6780928195378616,
            0.809113477210788,
            0.6705049866481143,
            0.8047390661272399,
            0.5475118375817261
        ]
    },
    "cohesion_parameters": {
        "H": {
            "H": 0.77,
            "NH": 0.23
        },
        "NH": {
            "H": 0.52,
            "NH": 0.48
        }
    },
    "alphas": {
        "H": {
            "H": 1,
            "NH": 1
        },
        "NH": {
            "H": 1,
            "NH": 1
        }
    },
    "slate_to_candidates": {
        "H": [
            "H1",
            "H2",
            "H3",
            "H4",
            "H5"
        ],
        "NH": [
            "NH1",
            "NH2",
            "NH3",
            "NH4",
            "NH5"
        ]
    }
}