{
    "bloc_voter_props": {
        "H": [
            0.48784517587927556,
            0.247830660005259,
            0.46533026021557444,
            0.3138430290484082,
            0.22735156771180787,
            0.3038314764718493,
            0.4033800175733185,
            0.39320819417079067
        ],
        "NH": [
            0.5121548241207244,
            0.752169339994741,
            0.5346697397844256,
            0.6861569709515918,
            0.7726484322881921,
            0.6961685235281507,
            0.5966199824266815,
            0.6067918058292093
        ]
    },
    "cohesion_parameters": {
        "H": {
            "H": 0.77,
            "NH": 0.23
        },
        "NH": {
            "H": 0.52,
            "NH": 0.48
        }
    },
    "alphas": {
        "H": {
            "H": 1,
            "NH": 1
        },
        "NH": {
            "H": 1,
            "NH": 1
        }
    },
    "slate_to_candidates": {
        "H": [
            "H1",
            "H2",
            "H3",
            "H4",
            "H5"
        ],
        "NH": [
            "NH1",
            "NH2",
            "NH3",
            "NH4",
            "NH5"
        ]
    }
}