{
    "bloc_voter_props": {
        "H": [
            0.2075006959418801,
            0.4636141780789461,
            0.18762460187989397,
            0.31740512391892006,
            0.46960879379026493,
            0.40874468964998684,
            0.4007264941421234,
            0.4019510885008343
        ],
        "NH": [
            0.79249930405812,
            0.5363858219210539,
            0.8123753981201061,
            0.6825948760810799,
            0.530391206209735,
            0.5912553103500131,
            0.5992735058578765,
            0.5980489114991657
        ]
    },
    "cohesion_parameters": {
        "H": {
            "H": 0.77,
            "NH": 0.23
        },
        "NH": {
            "H": 0.52,
            "NH": 0.48
        }
    },
    "alphas": {
        "H": {
            "H": 1,
            "NH": 1
        },
        "NH": {
            "H": 1,
            "NH": 1
        }
    },
    "slate_to_candidates": {
        "H": [
            "H1",
            "H2",
            "H3",
            "H4",
            "H5"
        ],
        "NH": [
            "NH1",
            "NH2",
            "NH3",
            "NH4",
            "NH5"
        ]
    }
}