{
    "bloc_voter_props": {
        "H": [
            0.39373181576899574,
            0.4612702861755514,
            0.48804154461280413,
            0.3647754837919612,
            0.19525740021106314,
            0.37725099475445134,
            0.34370156732201107,
            0.20855484075769676
        ],
        "NH": [
            0.6062681842310043,
            0.5387297138244486,
            0.5119584553871959,
            0.6352245162080389,
            0.8047425997889369,
            0.6227490052455487,
            0.6562984326779889,
            0.7914451592423033
        ]
    },
    "cohesion_parameters": {
        "H": {
            "H": 0.77,
            "NH": 0.23
        },
        "NH": {
            "H": 0.52,
            "NH": 0.48
        }
    },
    "alphas": {
        "H": {
            "H": 1,
            "NH": 1
        },
        "NH": {
            "H": 1,
            "NH": 1
        }
    },
    "slate_to_candidates": {
        "H": [
            "H1",
            "H2",
            "H3",
            "H4",
            "H5"
        ],
        "NH": [
            "NH1",
            "NH2",
            "NH3",
            "NH4",
            "NH5"
        ]
    }
}