{
    "bloc_voter_props": {
        "H": [
            0.4353116849334592,
            0.42153166195200054,
            0.4437399501469017,
            0.41271000047796413,
            0.22977296487469118,
            0.36338574734343615,
            0.34370156732201107,
            0.186898270946772
        ],
        "NH": [
            0.5646883150665408,
            0.5784683380479995,
            0.5562600498530983,
            0.5872899995220359,
            0.7702270351253088,
            0.6366142526565638,
            0.6562984326779889,
            0.813101729053228
        ]
    },
    "cohesion_parameters": {
        "H": {
            "H": 0.77,
            "NH": 0.23
        },
        "NH": {
            "H": 0.52,
            "NH": 0.48
        }
    },
    "alphas": {
        "H": {
            "H": 1,
            "NH": 1
        },
        "NH": {
            "H": 1,
            "NH": 1
        }
    },
    "slate_to_candidates": {
        "H": [
            "H1",
            "H2",
            "H3",
            "H4",
            "H5"
        ],
        "NH": [
            "NH1",
            "NH2",
            "NH3",
            "NH4",
            "NH5"
        ]
    }
}