{
    "bloc_voter_props": {
        "H": [
            0.3962977903491655,
            0.22148001847223517,
            0.3696932915548236,
            0.29812306746846784,
            0.5071572922486351,
            0.4969629544780534,
            0.3704114079295935,
            0.1793667179796551
        ],
        "NH": [
            0.6037022096508345,
            0.7785199815277648,
            0.6303067084451764,
            0.7018769325315322,
            0.49284270775136485,
            0.5030370455219466,
            0.6295885920704065,
            0.8206332820203449
        ]
    },
    "cohesion_parameters": {
        "H": {
            "H": 0.77,
            "NH": 0.23
        },
        "NH": {
            "H": 0.52,
            "NH": 0.48
        }
    },
    "alphas": {
        "H": {
            "H": 1,
            "NH": 1
        },
        "NH": {
            "H": 1,
            "NH": 1
        }
    },
    "slate_to_candidates": {
        "H": [
            "H1",
            "H2",
            "H3",
            "H4",
            "H5"
        ],
        "NH": [
            "NH1",
            "NH2",
            "NH3",
            "NH4",
            "NH5"
        ]
    }
}