{
    "bloc_voter_props": {
        "H": [
            0.20197178266718366,
            0.28892731608630295,
            0.4051378247973217,
            0.28659681470293297,
            0.26316592168138636,
            0.4804344234546704,
            0.4389595275948442,
            0.4627042671743345
        ],
        "NH": [
            0.7980282173328164,
            0.711072683913697,
            0.5948621752026783,
            0.713403185297067,
            0.7368340783186137,
            0.5195655765453296,
            0.5610404724051559,
            0.5372957328256656
        ]
    },
    "cohesion_parameters": {
        "H": {
            "H": 0.77,
            "NH": 0.23
        },
        "NH": {
            "H": 0.52,
            "NH": 0.48
        }
    },
    "alphas": {
        "H": {
            "H": 1,
            "NH": 1
        },
        "NH": {
            "H": 1,
            "NH": 1
        }
    },
    "slate_to_candidates": {
        "H": [
            "H1",
            "H2",
            "H3",
            "H4",
            "H5"
        ],
        "NH": [
            "NH1",
            "NH2",
            "NH3",
            "NH4",
            "NH5"
        ]
    }
}