{
    "bloc_voter_props": {
        "H": [
            0.49382073689723943,
            0.1931025334854959,
            0.3971206795087764,
            0.3156530660142332,
            0.44678629030560035,
            0.38457216581702586,
            0.353029571905593,
            0.2518517006165862
        ],
        "NH": [
            0.5061792631027605,
            0.8068974665145041,
            0.6028793204912236,
            0.6843469339857667,
            0.5532137096943996,
            0.6154278341829742,
            0.646970428094407,
            0.7481482993834139
        ]
    },
    "cohesion_parameters": {
        "H": {
            "H": 0.77,
            "NH": 0.23
        },
        "NH": {
            "H": 0.52,
            "NH": 0.48
        }
    },
    "alphas": {
        "H": {
            "H": 1,
            "NH": 1
        },
        "NH": {
            "H": 1,
            "NH": 1
        }
    },
    "slate_to_candidates": {
        "H": [
            "H1",
            "H2",
            "H3",
            "H4",
            "H5"
        ],
        "NH": [
            "NH1",
            "NH2",
            "NH3",
            "NH4",
            "NH5"
        ]
    }
}