{
    "bloc_voter_props": {
        "H": [
            0.2930103412782788,
            0.28892731608630295,
            0.37723746943992675,
            0.19659684171822567,
            0.26316592168138636,
            0.4887860788129347,
            0.4389595275948442,
            0.48247750508570214
        ],
        "NH": [
            0.7069896587217213,
            0.711072683913697,
            0.6227625305600732,
            0.8034031582817743,
            0.7368340783186137,
            0.5112139211870653,
            0.5610404724051559,
            0.5175224949142978
        ]
    },
    "cohesion_parameters": {
        "H": {
            "H": 0.77,
            "NH": 0.23
        },
        "NH": {
            "H": 0.52,
            "NH": 0.48
        }
    },
    "alphas": {
        "H": {
            "H": 1,
            "NH": 1
        },
        "NH": {
            "H": 1,
            "NH": 1
        }
    },
    "slate_to_candidates": {
        "H": [
            "H1",
            "H2",
            "H3",
            "H4",
            "H5"
        ],
        "NH": [
            "NH1",
            "NH2",
            "NH3",
            "NH4",
            "NH5"
        ]
    }
}