{
    "bloc_voter_props": {
        "H": [
            0.44493087123048386,
            0.19972843698786116,
            0.45445640977571794,
            0.3470299644396528,
            0.2756623218539108,
            0.20995090924907708,
            0.5701191164128799,
            0.3299858132922029
        ],
        "NH": [
            0.5550691287695161,
            0.8002715630121389,
            0.5455435902242821,
            0.6529700355603473,
            0.7243376781460892,
            0.7900490907509229,
            0.42988088358712,
            0.6700141867077971
        ]
    },
    "cohesion_parameters": {
        "H": {
            "H": 0.77,
            "NH": 0.23
        },
        "NH": {
            "H": 0.52,
            "NH": 0.48
        }
    },
    "alphas": {
        "H": {
            "H": 1,
            "NH": 1
        },
        "NH": {
            "H": 1,
            "NH": 1
        }
    },
    "slate_to_candidates": {
        "H": [
            "H1",
            "H2",
            "H3",
            "H4",
            "H5"
        ],
        "NH": [
            "NH1",
            "NH2",
            "NH3",
            "NH4",
            "NH5"
        ]
    }
}