{
    "bloc_voter_props": {
        "H": [
            0.5191946157470401,
            0.18150710882325738,
            0.32491076221660803,
            0.39168332654170784,
            0.43883863756171865,
            0.20712606026948677,
            0.3134804215941948,
            0.46772490122360344
        ],
        "NH": [
            0.48080538425295993,
            0.8184928911767426,
            0.675089237783392,
            0.6083166734582921,
            0.5611613624382813,
            0.7928739397305132,
            0.6865195784058052,
            0.5322750987763966
        ]
    },
    "cohesion_parameters": {
        "H": {
            "H": 0.77,
            "NH": 0.23
        },
        "NH": {
            "H": 0.52,
            "NH": 0.48
        }
    },
    "alphas": {
        "H": {
            "H": 1,
            "NH": 1
        },
        "NH": {
            "H": 1,
            "NH": 1
        }
    },
    "slate_to_candidates": {
        "H": [
            "H1",
            "H2",
            "H3",
            "H4",
            "H5"
        ],
        "NH": [
            "NH1",
            "NH2",
            "NH3",
            "NH4",
            "NH5"
        ]
    }
}