{
    "bloc_voter_props": {
        "H": [
            0.20828133598144985,
            0.46794510312637305,
            0.37645024916391423,
            0.19129916388974522,
            0.48065117864254603,
            0.2528793013453398,
            0.3970974926683136,
            0.44332037473711045
        ],
        "NH": [
            0.7917186640185502,
            0.532054896873627,
            0.6235497508360858,
            0.8087008361102548,
            0.519348821357454,
            0.7471206986546601,
            0.6029025073316864,
            0.5566796252628895
        ]
    },
    "cohesion_parameters": {
        "H": {
            "H": 0.77,
            "NH": 0.23
        },
        "NH": {
            "H": 0.52,
            "NH": 0.48
        }
    },
    "alphas": {
        "H": {
            "H": 1,
            "NH": 1
        },
        "NH": {
            "H": 1,
            "NH": 1
        }
    },
    "slate_to_candidates": {
        "H": [
            "H1",
            "H2",
            "H3",
            "H4",
            "H5"
        ],
        "NH": [
            "NH1",
            "NH2",
            "NH3",
            "NH4",
            "NH5"
        ]
    }
}