{
    "bloc_voter_props": {
        "H": [
            0.48016900089712605,
            0.18155733866433701,
            0.48957780077404206,
            0.3220838646987919,
            0.2339141636351596,
            0.4288424623657554,
            0.353029571905593,
            0.3336638269481848
        ],
        "NH": [
            0.5198309991028739,
            0.818442661335663,
            0.5104221992259579,
            0.6779161353012081,
            0.7660858363648404,
            0.5711575376342446,
            0.646970428094407,
            0.6663361730518151
        ]
    },
    "cohesion_parameters": {
        "H": {
            "H": 0.77,
            "NH": 0.23
        },
        "NH": {
            "H": 0.52,
            "NH": 0.48
        }
    },
    "alphas": {
        "H": {
            "H": 1,
            "NH": 1
        },
        "NH": {
            "H": 1,
            "NH": 1
        }
    },
    "slate_to_candidates": {
        "H": [
            "H1",
            "H2",
            "H3",
            "H4",
            "H5"
        ],
        "NH": [
            "NH1",
            "NH2",
            "NH3",
            "NH4",
            "NH5"
        ]
    }
}