{
    "bloc_voter_props": {
        "H": [
            0.5065767884208734,
            0.42934400146053425,
            0.3218110332747743,
            0.20975534093846734,
            0.3438805278512075,
            0.47613439707324823,
            0.22479457702220865,
            0.317832215373459
        ],
        "NH": [
            0.49342321157912655,
            0.5706559985394657,
            0.6781889667252258,
            0.7902446590615326,
            0.6561194721487925,
            0.5238656029267518,
            0.7752054229777914,
            0.6821677846265409
        ]
    },
    "cohesion_parameters": {
        "H": {
            "H": 0.77,
            "NH": 0.23
        },
        "NH": {
            "H": 0.52,
            "NH": 0.48
        }
    },
    "alphas": {
        "H": {
            "H": 1,
            "NH": 1
        },
        "NH": {
            "H": 1,
            "NH": 1
        }
    },
    "slate_to_candidates": {
        "H": [
            "H1",
            "H2",
            "H3",
            "H4",
            "H5"
        ],
        "NH": [
            "NH1",
            "NH2",
            "NH3",
            "NH4",
            "NH5"
        ]
    }
}