{
    "bloc_voter_props": {
        "H": [
            0.49382073689723943,
            0.1931025334854959,
            0.44453347926357345,
            0.33256226602077044,
            0.2549886545566121,
            0.45722516811716646,
            0.353029571905593,
            0.30971893861901245
        ],
        "NH": [
            0.5061792631027605,
            0.8068974665145041,
            0.5554665207364266,
            0.6674377339792296,
            0.7450113454433879,
            0.5427748318828336,
            0.646970428094407,
            0.6902810613809875
        ]
    },
    "cohesion_parameters": {
        "H": {
            "H": 0.77,
            "NH": 0.23
        },
        "NH": {
            "H": 0.52,
            "NH": 0.48
        }
    },
    "alphas": {
        "H": {
            "H": 1,
            "NH": 1
        },
        "NH": {
            "H": 1,
            "NH": 1
        }
    },
    "slate_to_candidates": {
        "H": [
            "H1",
            "H2",
            "H3",
            "H4",
            "H5"
        ],
        "NH": [
            "NH1",
            "NH2",
            "NH3",
            "NH4",
            "NH5"
        ]
    }
}