{
    "bloc_voter_props": {
        "H": [
            0.253787736720897,
            0.3121945368499205,
            0.42488928880457677,
            0.21002719189042637,
            0.2873816481817344,
            0.43633786476825953,
            0.5586022845579718,
            0.3378351342654145
        ],
        "NH": [
            0.746212263279103,
            0.6878054631500795,
            0.5751107111954232,
            0.7899728081095736,
            0.7126183518182656,
            0.5636621352317405,
            0.4413977154420282,
            0.6621648657345856
        ]
    },
    "cohesion_parameters": {
        "H": {
            "H": 0.77,
            "NH": 0.23
        },
        "NH": {
            "H": 0.52,
            "NH": 0.48
        }
    },
    "alphas": {
        "H": {
            "H": 1,
            "NH": 1
        },
        "NH": {
            "H": 1,
            "NH": 1
        }
    },
    "slate_to_candidates": {
        "H": [
            "H1",
            "H2",
            "H3",
            "H4",
            "H5"
        ],
        "NH": [
            "NH1",
            "NH2",
            "NH3",
            "NH4",
            "NH5"
        ]
    }
}