{
    "bloc_voter_props": {
        "H": [
            0.46942526040407057,
            0.18480705492424243,
            0.2809736744607278,
            0.31838850476542346,
            0.3438805278512075,
            0.30069423460727807,
            0.40805356974379653,
            0.5311722636233176
        ],
        "NH": [
            0.5305747395959294,
            0.8151929450757576,
            0.7190263255392721,
            0.6816114952345765,
            0.6561194721487925,
            0.6993057653927219,
            0.5919464302562035,
            0.4688277363766824
        ]
    },
    "cohesion_parameters": {
        "H": {
            "H": 0.77,
            "NH": 0.23
        },
        "NH": {
            "H": 0.52,
            "NH": 0.48
        }
    },
    "alphas": {
        "H": {
            "H": 1,
            "NH": 1
        },
        "NH": {
            "H": 1,
            "NH": 1
        }
    },
    "slate_to_candidates": {
        "H": [
            "H1",
            "H2",
            "H3",
            "H4",
            "H5"
        ],
        "NH": [
            "NH1",
            "NH2",
            "NH3",
            "NH4",
            "NH5"
        ]
    }
}