{
    "bloc_voter_props": {
        "H": [
            0.33447567567567565,
            0.2077478303781946,
            0.6845918624690008,
            0.23521334715267636,
            0.39582196266783104,
            0.16246887451896985,
            0.30675014947702456,
            0.5265358209336157,
            257800.0,
            105727.0,
            139419.0,
            94108.0,
            145740.0,
            150454.0,
            76479.0,
            65143.0,
            106788.0,
            305435.0,
            186384.0,
            59082.0,
            47004.0,
            136137.0,
            122597.0,
            97561.0,
            88212.0,
            58812.0,
            176910.0,
            127008.0,
            186227.0,
            186012.0,
            154574.0,
            107102.0,
            53991.0,
            103596.0,
            76871.0,
            111766.0,
            94584.0,
            68236.0,
            133925.0,
            192418.0,
            219769.0,
            113628.0,
            206142.0,
            95527.0,
            220489.0,
            46953.0,
            90903.0,
            159774.0,
            175517.0,
            120471.0,
            61069.0,
            189940.0,
            51165.0,
            204469.0,
            51926.0,
            152831.0,
            173823.0,
            136848.0,
            52517.0,
            186283.0,
            192251.0,
            122241.0,
            106591.0,
            75996.0,
            156537.0,
            212372.0,
            156201.0,
            181707.0,
            150126.0,
            141605.0,
            181471.0,
            79890.0,
            58272.0,
            229058.0,
            69756.0,
            322375.0,
            193663.0,
            264658.0,
            160416.0,
            64816.0
        ],
        "NH": [
            0.6655243243243243,
            0.7922521696218053,
            0.3154081375309991,
            0.7647866528473236,
            0.604178037332169,
            0.8375311254810301,
            0.6932498505229755,
            0.4734641790663842,
            138259.0,
            292641.0,
            235969.0,
            285932.0,
            257570.0,
            221159.0,
            290071.0,
            315411.0,
            275238.0,
            94546.0,
            212473.0,
            341965.0,
            349445.0,
            248758.0,
            268256.0,
            285364.0,
            296265.0,
            317197.0,
            201928.0,
            266912.0,
            207370.0,
            188397.0,
            244229.0,
            293411.0,
            350002.0,
            275410.0,
            293889.0,
            272202.0,
            304633.0,
            321296.0,
            249432.0,
            200669.0,
            179164.0,
            290070.0,
            161196.0,
            306827.0,
            150402.0,
            328719.0,
            276106.0,
            223671.0,
            194419.0,
            253775.0,
            306782.0,
            201161.0,
            332299.0,
            166923.0,
            336620.0,
            220561.0,
            218979.0,
            236649.0,
            347885.0,
            182625.0,
            189363.0,
            256648.0,
            270401.0,
            324473.0,
            225232.0,
            175850.0,
            225323.0,
            209058.0,
            246869.0,
            257809.0,
            212909.0,
            292002.0,
            345484.0,
            175159.0,
            312960.0,
            62405.0,
            186722.0,
            112310.0,
            242737.0,
            305726.0
        ]
    },
    "cohesion_parameters": {
        "H": {
            "H": 0.77,
            "NH": 0.23
        },
        "NH": {
            "H": 0.52,
            "NH": 0.48
        }
    },
    "alphas": {
        "H": {
            "H": 1,
            "NH": 1
        },
        "NH": {
            "H": 1,
            "NH": 1
        }
    },
    "slate_to_candidates": {
        "H": [
            "H1",
            "H2",
            "H3",
            "H4",
            "H5"
        ],
        "NH": [
            "NH1",
            "NH2",
            "NH3",
            "NH4",
            "NH5"
        ]
    }
}