{
    "bloc_voter_props": {
        "H": [
            0.32861163027043744,
            0.20130365562328514,
            0.4980501208541068,
            0.1916784485458241,
            0.40382202765532205,
            0.3957683672079695,
            0.4783329958902721,
            0.3399572105631147
        ],
        "NH": [
            0.6713883697295626,
            0.7986963443767149,
            0.5019498791458932,
            0.8083215514541758,
            0.596177972344678,
            0.6042316327920305,
            0.5216670041097279,
            0.6600427894368853
        ]
    },
    "cohesion_parameters": {
        "H": {
            "H": 0.77,
            "NH": 0.23
        },
        "NH": {
            "H": 0.52,
            "NH": 0.48
        }
    },
    "alphas": {
        "H": {
            "H": 1,
            "NH": 1
        },
        "NH": {
            "H": 1,
            "NH": 1
        }
    },
    "slate_to_candidates": {
        "H": [
            "H1",
            "H2",
            "H3",
            "H4",
            "H5"
        ],
        "NH": [
            "NH1",
            "NH2",
            "NH3",
            "NH4",
            "NH5"
        ]
    }
}