{
    "bloc_voter_props": {
        "H": [
            0.4324282929268679,
            0.18440019618632916,
            0.22828572782109968,
            0.29869037516401153,
            0.4594391072496149,
            0.40771872126202524,
            0.44708905805800153,
            0.3870024439345365
        ],
        "NH": [
            0.5675717070731321,
            0.8155998038136708,
            0.7717142721789003,
            0.7013096248359885,
            0.5405608927503851,
            0.5922812787379748,
            0.5529109419419984,
            0.6129975560654635
        ]
    },
    "cohesion_parameters": {
        "H": {
            "H": 0.77,
            "NH": 0.23
        },
        "NH": {
            "H": 0.52,
            "NH": 0.48
        }
    },
    "alphas": {
        "H": {
            "H": 1,
            "NH": 1
        },
        "NH": {
            "H": 1,
            "NH": 1
        }
    },
    "slate_to_candidates": {
        "H": [
            "H1",
            "H2",
            "H3",
            "H4",
            "H5"
        ],
        "NH": [
            "NH1",
            "NH2",
            "NH3",
            "NH4",
            "NH5"
        ]
    }
}