{
    "bloc_voter_props": {
        "H": [
            0.28284235889956033,
            0.34226526742486657,
            0.19917286377415688,
            0.5080381083203,
            0.3451940144264079,
            0.47381022883374035,
            0.2136696662907459,
            0.45096903995987364
        ],
        "NH": [
            0.7171576411004397,
            0.6577347325751335,
            0.8008271362258431,
            0.4919618916797,
            0.654805985573592,
            0.5261897711662596,
            0.7863303337092541,
            0.5490309600401264
        ]
    },
    "cohesion_parameters": {
        "H": {
            "H": 0.77,
            "NH": 0.23
        },
        "NH": {
            "H": 0.52,
            "NH": 0.48
        }
    },
    "alphas": {
        "H": {
            "H": 1,
            "NH": 1
        },
        "NH": {
            "H": 1,
            "NH": 1
        }
    },
    "slate_to_candidates": {
        "H": [
            "H1",
            "H2",
            "H3",
            "H4",
            "H5"
        ],
        "NH": [
            "NH1",
            "NH2",
            "NH3",
            "NH4",
            "NH5"
        ]
    }
}