{
    "bloc_voter_props": {
        "H": [
            0.46139168897217947,
            0.2117970388409217,
            0.4469491885310328,
            0.32856619205558724,
            0.2791882055636301,
            0.2561488826776965,
            0.5628498288365088,
            0.27287731109527497
        ],
        "NH": [
            0.5386083110278205,
            0.7882029611590783,
            0.5530508114689672,
            0.6714338079444128,
            0.7208117944363699,
            0.7438511173223035,
            0.4371501711634912,
            0.7271226889047251
        ]
    },
    "cohesion_parameters": {
        "H": {
            "H": 0.77,
            "NH": 0.23
        },
        "NH": {
            "H": 0.52,
            "NH": 0.48
        }
    },
    "alphas": {
        "H": {
            "H": 1,
            "NH": 1
        },
        "NH": {
            "H": 1,
            "NH": 1
        }
    },
    "slate_to_candidates": {
        "H": [
            "H1",
            "H2",
            "H3",
            "H4",
            "H5"
        ],
        "NH": [
            "NH1",
            "NH2",
            "NH3",
            "NH4",
            "NH5"
        ]
    }
}