{
    "bloc_voter_props": {
        "H": [
            0.3224081496079199,
            0.5123817014826623,
            0.30897597101576774,
            0.3852553658102884,
            0.46600319508430144,
            0.19360378125667962,
            0.4412444300921447,
            0.20579716790667874
        ],
        "NH": [
            0.67759185039208,
            0.48761829851733773,
            0.6910240289842323,
            0.6147446341897116,
            0.5339968049156986,
            0.8063962187433203,
            0.5587555699078554,
            0.7942028320933212
        ]
    },
    "cohesion_parameters": {
        "H": {
            "H": 0.77,
            "NH": 0.23
        },
        "NH": {
            "H": 0.52,
            "NH": 0.48
        }
    },
    "alphas": {
        "H": {
            "H": 1,
            "NH": 1
        },
        "NH": {
            "H": 1,
            "NH": 1
        }
    },
    "slate_to_candidates": {
        "H": [
            "H1",
            "H2",
            "H3",
            "H4",
            "H5"
        ],
        "NH": [
            "NH1",
            "NH2",
            "NH3",
            "NH4",
            "NH5"
        ]
    }
}