{
    "bloc_voter_props": {
        "H": [
            0.41011411708615153,
            0.2094780226641744,
            0.22172904544739738,
            0.35693766447698827,
            0.33697806469575087,
            0.4766511067533752,
            0.4826371941474384,
            0.3392850711975742
        ],
        "NH": [
            0.5898858829138485,
            0.7905219773358256,
            0.7782709545526026,
            0.6430623355230117,
            0.6630219353042491,
            0.5233488932466248,
            0.5173628058525617,
            0.6607149288024259
        ]
    },
    "cohesion_parameters": {
        "H": {
            "H": 0.77,
            "NH": 0.23
        },
        "NH": {
            "H": 0.52,
            "NH": 0.48
        }
    },
    "alphas": {
        "H": {
            "H": 1,
            "NH": 1
        },
        "NH": {
            "H": 1,
            "NH": 1
        }
    },
    "slate_to_candidates": {
        "H": [
            "H1",
            "H2",
            "H3",
            "H4",
            "H5"
        ],
        "NH": [
            "NH1",
            "NH2",
            "NH3",
            "NH4",
            "NH5"
        ]
    }
}