{
    "bloc_voter_props": {
        "H": [
            0.19153937895048065,
            0.35861924038433235,
            0.4609490873323057,
            0.22610047399574454,
            0.3868243946193737,
            0.35681977661414455,
            0.3577914040071752,
            0.5002423308618914
        ],
        "NH": [
            0.8084606210495193,
            0.6413807596156677,
            0.5390509126676942,
            0.7738995260042555,
            0.6131756053806263,
            0.6431802233858555,
            0.6422085959928249,
            0.4997576691381086
        ]
    },
    "cohesion_parameters": {
        "H": {
            "H": 0.77,
            "NH": 0.23
        },
        "NH": {
            "H": 0.52,
            "NH": 0.48
        }
    },
    "alphas": {
        "H": {
            "H": 1,
            "NH": 1
        },
        "NH": {
            "H": 1,
            "NH": 1
        }
    },
    "slate_to_candidates": {
        "H": [
            "H1",
            "H2",
            "H3",
            "H4",
            "H5"
        ],
        "NH": [
            "NH1",
            "NH2",
            "NH3",
            "NH4",
            "NH5"
        ]
    }
}