{
    "bloc_voter_props": {
        "H": [
            0.5131598164546559,
            0.3395878873305708,
            0.21528007304612923,
            0.32590850038279245,
            0.4846814485809341,
            0.32529867655516936,
            0.2047454309122206,
            0.4260063232001596
        ],
        "NH": [
            0.48684018354534414,
            0.6604121126694291,
            0.7847199269538707,
            0.6740914996172076,
            0.5153185514190659,
            0.6747013234448307,
            0.7952545690877794,
            0.5739936767998404
        ]
    },
    "cohesion_parameters": {
        "H": {
            "H": 0.77,
            "NH": 0.23
        },
        "NH": {
            "H": 0.52,
            "NH": 0.48
        }
    },
    "alphas": {
        "H": {
            "H": 1,
            "NH": 1
        },
        "NH": {
            "H": 1,
            "NH": 1
        }
    },
    "slate_to_candidates": {
        "H": [
            "H1",
            "H2",
            "H3",
            "H4",
            "H5"
        ],
        "NH": [
            "NH1",
            "NH2",
            "NH3",
            "NH4",
            "NH5"
        ]
    }
}