{
    "bloc_voter_props": {
        "H": [
            0.42921777797135174,
            0.18781011041886445,
            0.3936728412954224,
            0.20449130871358903,
            0.40382202765532205,
            0.3957683672079695,
            0.48066911022614883,
            0.3399572105631147
        ],
        "NH": [
            0.5707822220286483,
            0.8121898895811356,
            0.6063271587045775,
            0.795508691286411,
            0.596177972344678,
            0.6042316327920305,
            0.5193308897738512,
            0.6600427894368853
        ]
    },
    "cohesion_parameters": {
        "H": {
            "H": 0.77,
            "NH": 0.23
        },
        "NH": {
            "H": 0.52,
            "NH": 0.48
        }
    },
    "alphas": {
        "H": {
            "H": 1,
            "NH": 1
        },
        "NH": {
            "H": 1,
            "NH": 1
        }
    },
    "slate_to_candidates": {
        "H": [
            "H1",
            "H2",
            "H3",
            "H4",
            "H5"
        ],
        "NH": [
            "NH1",
            "NH2",
            "NH3",
            "NH4",
            "NH5"
        ]
    }
}