{
    "bloc_voter_props": {
        "H": [
            0.5065266698394968,
            0.21311114319783572,
            0.44728675995126443,
            0.3316654893955036,
            0.281873667707991,
            0.2806113474154711,
            0.353029571905593,
            0.42831319825208586
        ],
        "NH": [
            0.4934733301605032,
            0.7868888568021642,
            0.5527132400487356,
            0.6683345106044964,
            0.718126332292009,
            0.7193886525845289,
            0.646970428094407,
            0.5716868017479142
        ]
    },
    "cohesion_parameters": {
        "H": {
            "H": 0.77,
            "NH": 0.23
        },
        "NH": {
            "H": 0.52,
            "NH": 0.48
        }
    },
    "alphas": {
        "H": {
            "H": 1,
            "NH": 1
        },
        "NH": {
            "H": 1,
            "NH": 1
        }
    },
    "slate_to_candidates": {
        "H": [
            "H1",
            "H2",
            "H3",
            "H4",
            "H5"
        ],
        "NH": [
            "NH1",
            "NH2",
            "NH3",
            "NH4",
            "NH5"
        ]
    }
}