{
    "bloc_voter_props": {
        "H": [
            0.34381154502634126,
            0.20625434935654885,
            0.32491076221660803,
            0.3927870467051235,
            0.18283891300520827,
            0.3852274077625346,
            0.5144156387177884,
            0.48789273472802314
        ],
        "NH": [
            0.6561884549736587,
            0.7937456506434512,
            0.675089237783392,
            0.6072129532948766,
            0.8171610869947917,
            0.6147725922374654,
            0.4855843612822116,
            0.5121072652719768
        ]
    },
    "cohesion_parameters": {
        "H": {
            "H": 0.77,
            "NH": 0.23
        },
        "NH": {
            "H": 0.52,
            "NH": 0.48
        }
    },
    "alphas": {
        "H": {
            "H": 1,
            "NH": 1
        },
        "NH": {
            "H": 1,
            "NH": 1
        }
    },
    "slate_to_candidates": {
        "H": [
            "H1",
            "H2",
            "H3",
            "H4",
            "H5"
        ],
        "NH": [
            "NH1",
            "NH2",
            "NH3",
            "NH4",
            "NH5"
        ]
    }
}