{
    "bloc_voter_props": {
        "H": [
            0.343948279371737,
            0.19762709947467452,
            0.4507256240746666,
            0.3394402549097278,
            0.20059285813136193,
            0.4822838014025166,
            0.47485787907967036,
            0.33553011432473734
        ],
        "NH": [
            0.656051720628263,
            0.8023729005253255,
            0.5492743759253333,
            0.6605597450902723,
            0.799407141868638,
            0.5177161985974834,
            0.5251421209203296,
            0.6644698856752627
        ]
    },
    "cohesion_parameters": {
        "H": {
            "H": 0.77,
            "NH": 0.23
        },
        "NH": {
            "H": 0.52,
            "NH": 0.48
        }
    },
    "alphas": {
        "H": {
            "H": 1,
            "NH": 1
        },
        "NH": {
            "H": 1,
            "NH": 1
        }
    },
    "slate_to_candidates": {
        "H": [
            "H1",
            "H2",
            "H3",
            "H4",
            "H5"
        ],
        "NH": [
            "NH1",
            "NH2",
            "NH3",
            "NH4",
            "NH5"
        ]
    }
}