{
    "bloc_voter_props": {
        "H": [
            0.37513534274910443,
            0.18440019618632916,
            0.22828572782109968,
            0.29869037516401153,
            0.4719560217665747,
            0.4237696594446557,
            0.4007264941421234,
            0.460739907836111
        ],
        "NH": [
            0.6248646572508956,
            0.8155998038136708,
            0.7717142721789003,
            0.7013096248359885,
            0.5280439782334253,
            0.5762303405553443,
            0.5992735058578765,
            0.5392600921638889
        ]
    },
    "cohesion_parameters": {
        "H": {
            "H": 0.77,
            "NH": 0.23
        },
        "NH": {
            "H": 0.52,
            "NH": 0.48
        }
    },
    "alphas": {
        "H": {
            "H": 1,
            "NH": 1
        },
        "NH": {
            "H": 1,
            "NH": 1
        }
    },
    "slate_to_candidates": {
        "H": [
            "H1",
            "H2",
            "H3",
            "H4",
            "H5"
        ],
        "NH": [
            "NH1",
            "NH2",
            "NH3",
            "NH4",
            "NH5"
        ]
    }
}