{
    "bloc_voter_props": {
        "H": [
            0.3946073324082884,
            0.21816126105337988,
            0.4378179362271211,
            0.40321044441691606,
            0.22898905066844796,
            0.34406322673303635,
            0.4699993589524098,
            0.3534347124713385
        ],
        "NH": [
            0.6053926675917116,
            0.7818387389466201,
            0.5621820637728789,
            0.596789555583084,
            0.771010949331552,
            0.6559367732669636,
            0.5300006410475901,
            0.6465652875286615
        ]
    },
    "cohesion_parameters": {
        "H": {
            "H": 0.77,
            "NH": 0.23
        },
        "NH": {
            "H": 0.52,
            "NH": 0.48
        }
    },
    "alphas": {
        "H": {
            "H": 1,
            "NH": 1
        },
        "NH": {
            "H": 1,
            "NH": 1
        }
    },
    "slate_to_candidates": {
        "H": [
            "H1",
            "H2",
            "H3",
            "H4",
            "H5"
        ],
        "NH": [
            "NH1",
            "NH2",
            "NH3",
            "NH4",
            "NH5"
        ]
    }
}