{
    "bloc_voter_props": {
        "H": [
            0.4025432250419885,
            0.1984954325631381,
            0.5501420417524564,
            0.25661985659456726,
            0.5133407746458624,
            0.20578980490874765,
            0.34912190014182143,
            0.15288411110358308,
            157071.0,
            61796.0,
            100417.0,
            94839.0,
            131514.0,
            109704.0,
            119003.0,
            137957.0,
            104549.0,
            188225.0,
            49356.0,
            66192.0,
            55232.0,
            246640.0,
            215356.0,
            44962.0,
            73660.0,
            58979.0,
            121312.0,
            125531.0,
            186901.0,
            165356.0,
            121403.0,
            112407.0,
            96076.0,
            97074.0,
            83271.0,
            144671.0,
            72155.0,
            72277.0,
            133925.0,
            177968.0,
            219769.0,
            205292.0,
            267435.0,
            65881.0,
            222728.0,
            114470.0,
            45861.0,
            148727.0,
            173563.0,
            93237.0,
            62818.0,
            175123.0,
            98238.0,
            262416.0,
            53196.0,
            200525.0,
            92974.0,
            159154.0,
            212896.0,
            130913.0,
            173044.0,
            122241.0,
            101939.0,
            312466.0,
            156537.0,
            242921.0,
            188633.0,
            154648.0,
            170782.0,
            74816.0,
            164957.0,
            127079.0,
            56055.0,
            199407.0,
            92559.0,
            287137.0,
            199925.0,
            126016.0,
            170702.0,
            68660.0
        ],
        "NH": [
            0.5974567749580115,
            0.8015045674368619,
            0.4498579582475436,
            0.7433801434054328,
            0.48665922535413764,
            0.7942101950912523,
            0.6508780998581786,
            0.8471158888964169,
            232553.0,
            336137.0,
            292258.0,
            275827.0,
            268416.0,
            264749.0,
            266559.0,
            265997.0,
            277438.0,
            209718.0,
            331840.0,
            327748.0,
            330046.0,
            134454.0,
            187362.0,
            335188.0,
            311533.0,
            322705.0,
            253691.0,
            244022.0,
            216327.0,
            202522.0,
            274892.0,
            283026.0,
            277685.0,
            271675.0,
            292025.0,
            233304.0,
            308536.0,
            326817.0,
            249432.0,
            190483.0,
            179164.0,
            174707.0,
            119809.0,
            307944.0,
            148202.0,
            280697.0,
            335560.0,
            232032.0,
            203913.0,
            304572.0,
            311137.0,
            219213.0,
            273921.0,
            108840.0,
            335077.0,
            168248.0,
            301386.0,
            233770.0,
            190142.0,
            241580.0,
            198040.0,
            256648.0,
            268565.0,
            59295.0,
            225232.0,
            160112.0,
            202758.0,
            247179.0,
            232744.0,
            309474.0,
            233324.0,
            239058.0,
            339400.0,
            201460.0,
            293075.0,
            104761.0,
            166637.0,
            271643.0,
            233273.0,
            299643.0
        ]
    },
    "cohesion_parameters": {
        "H": {
            "H": 0.77,
            "NH": 0.23
        },
        "NH": {
            "H": 0.52,
            "NH": 0.48
        }
    },
    "alphas": {
        "H": {
            "H": 1,
            "NH": 1
        },
        "NH": {
            "H": 1,
            "NH": 1
        }
    },
    "slate_to_candidates": {
        "H": [
            "H1",
            "H2",
            "H3",
            "H4",
            "H5"
        ],
        "NH": [
            "NH1",
            "NH2",
            "NH3",
            "NH4",
            "NH5"
        ]
    }
}