{
    "bloc_voter_props": {
        "H": [
            0.44416612711808445,
            0.40176888304903297,
            0.4610436429814687,
            0.38654179604068367,
            0.21616981986579237,
            0.38230983652058964,
            0.34370156732201107,
            0.20181594825362464
        ],
        "NH": [
            0.5558338728819155,
            0.598231116950967,
            0.5389563570185313,
            0.6134582039593163,
            0.7838301801342077,
            0.6176901634794104,
            0.6562984326779889,
            0.7981840517463754
        ]
    },
    "cohesion_parameters": {
        "H": {
            "H": 0.77,
            "NH": 0.23
        },
        "NH": {
            "H": 0.52,
            "NH": 0.48
        }
    },
    "alphas": {
        "H": {
            "H": 1,
            "NH": 1
        },
        "NH": {
            "H": 1,
            "NH": 1
        }
    },
    "slate_to_candidates": {
        "H": [
            "H1",
            "H2",
            "H3",
            "H4",
            "H5"
        ],
        "NH": [
            "NH1",
            "NH2",
            "NH3",
            "NH4",
            "NH5"
        ]
    }
}