{
    "bloc_voter_props": {
        "H": [
            0.3510770030815649,
            0.31658593338008795,
            0.6243847374475663,
            0.5144598315919235,
            0.22103626696419837,
            0.40514837695281153,
            0.22847657526514364,
            0.34655844382675693,
            203117.0,
            102612.0,
            84030.0,
            47762.0,
            172335.0,
            114493.0,
            210689.0,
            50043.0,
            242526.0,
            110255.0,
            97315.0,
            85860.0,
            78110.0,
            181775.0,
            197591.0,
            127373.0,
            212391.0,
            109079.0,
            239998.0,
            57281.0,
            138885.0,
            188506.0,
            65574.0,
            180560.0,
            77243.0,
            129978.0,
            81975.0,
            222723.0,
            83048.0,
            54255.0,
            164387.0,
            195580.0,
            156598.0,
            193727.0,
            117874.0,
            256788.0,
            130531.0,
            87210.0,
            53647.0,
            66614.0,
            168287.0,
            130096.0,
            74713.0,
            188441.0,
            85185.0,
            70094.0,
            47833.0,
            227272.0,
            114676.0,
            159993.0,
            197099.0,
            155202.0,
            136845.0,
            122645.0,
            108445.0,
            167838.0,
            109754.0,
            340885.0,
            193896.0,
            157454.0,
            140017.0,
            220927.0,
            188593.0,
            71385.0,
            63510.0,
            64874.0,
            90294.0,
            123027.0,
            83957.0,
            276858.0,
            70908.0,
            55360.0
        ],
        "NH": [
            0.648922996918435,
            0.683414066619912,
            0.3756152625524337,
            0.48554016840807646,
            0.7789637330358016,
            0.5948516230471884,
            0.7715234247348564,
            0.6534415561732431,
            188166.0,
            266017.0,
            300428.0,
            351309.0,
            228581.0,
            265906.0,
            183386.0,
            347089.0,
            150814.0,
            255890.0,
            306772.0,
            316438.0,
            292448.0,
            220927.0,
            180971.0,
            250677.0,
            186927.0,
            269827.0,
            128672.0,
            314117.0,
            243113.0,
            212791.0,
            331488.0,
            205905.0,
            299225.0,
            271493.0,
            312112.0,
            178710.0,
            291297.0,
            325805.0,
            219666.0,
            202977.0,
            228060.0,
            189533.0,
            252698.0,
            134512.0,
            264612.0,
            315732.0,
            343757.0,
            301008.0,
            205889.0,
            250540.0,
            319932.0,
            180527.0,
            292390.0,
            319869.0,
            331174.0,
            139103.0,
            278227.0,
            213574.0,
            176163.0,
            231311.0,
            238189.0,
            251735.0,
            290923.0,
            220616.0,
            277919.0,
            51662.0,
            207571.0,
            229303.0,
            247531.0,
            169062.0,
            201360.0,
            309309.0,
            312647.0,
            301596.0,
            277610.0,
            266297.0,
            299363.0,
            126773.0,
            300059.0,
            321924.0
        ]
    },
    "cohesion_parameters": {
        "H": {
            "H": 0.77,
            "NH": 0.23
        },
        "NH": {
            "H": 0.52,
            "NH": 0.48
        }
    },
    "alphas": {
        "H": {
            "H": 1,
            "NH": 1
        },
        "NH": {
            "H": 1,
            "NH": 1
        }
    },
    "slate_to_candidates": {
        "H": [
            "H1",
            "H2",
            "H3",
            "H4",
            "H5"
        ],
        "NH": [
            "NH1",
            "NH2",
            "NH3",
            "NH4",
            "NH5"
        ]
    }
}