{
    "bloc_voter_props": {
        "H": [
            0.485242316927844,
            0.43480213530634715,
            0.25057686984713173,
            0.4242251710265374,
            0.4424405443967948,
            0.28933794874713287,
            0.20008767827602925,
            0.3144397780625301
        ],
        "NH": [
            0.5147576830721561,
            0.5651978646936529,
            0.7494231301528682,
            0.5757748289734627,
            0.5575594556032052,
            0.7106620512528671,
            0.7999123217239708,
            0.6855602219374699
        ]
    },
    "cohesion_parameters": {
        "H": {
            "H": 0.77,
            "NH": 0.23
        },
        "NH": {
            "H": 0.52,
            "NH": 0.48
        }
    },
    "alphas": {
        "H": {
            "H": 1,
            "NH": 1
        },
        "NH": {
            "H": 1,
            "NH": 1
        }
    },
    "slate_to_candidates": {
        "H": [
            "H1",
            "H2",
            "H3",
            "H4",
            "H5"
        ],
        "NH": [
            "NH1",
            "NH2",
            "NH3",
            "NH4",
            "NH5"
        ]
    }
}