{
    "bloc_voter_props": {
        "H": [
            0.4962359741516109,
            0.3542643490114845,
            0.4473856189814857,
            0.3573515334272993,
            0.43572574029506894,
            0.196496571740963,
            0.3190628940612613,
            0.22526334306855514
        ],
        "NH": [
            0.5037640258483891,
            0.6457356509885155,
            0.5526143810185142,
            0.6426484665727007,
            0.5642742597049311,
            0.803503428259037,
            0.6809371059387387,
            0.7747366569314449
        ]
    },
    "cohesion_parameters": {
        "H": {
            "H": 0.77,
            "NH": 0.23
        },
        "NH": {
            "H": 0.52,
            "NH": 0.48
        }
    },
    "alphas": {
        "H": {
            "H": 1,
            "NH": 1
        },
        "NH": {
            "H": 1,
            "NH": 1
        }
    },
    "slate_to_candidates": {
        "H": [
            "H1",
            "H2",
            "H3",
            "H4",
            "H5"
        ],
        "NH": [
            "NH1",
            "NH2",
            "NH3",
            "NH4",
            "NH5"
        ]
    }
}