{
    "bloc_voter_props": {
        "H": [
            0.3222501574204425,
            0.39013371897100096,
            0.5046359092172691,
            0.4086857188622638,
            0.1874459639899152,
            0.20279667347141786,
            0.43630819594013504,
            0.40036901037233724
        ],
        "NH": [
            0.6777498425795575,
            0.609866281028999,
            0.4953640907827309,
            0.5913142811377362,
            0.8125540360100848,
            0.7972033265285822,
            0.563691804059865,
            0.5996309896276627
        ]
    },
    "cohesion_parameters": {
        "H": {
            "H": 0.77,
            "NH": 0.23
        },
        "NH": {
            "H": 0.52,
            "NH": 0.48
        }
    },
    "alphas": {
        "H": {
            "H": 1,
            "NH": 1
        },
        "NH": {
            "H": 1,
            "NH": 1
        }
    },
    "slate_to_candidates": {
        "H": [
            "H1",
            "H2",
            "H3",
            "H4",
            "H5"
        ],
        "NH": [
            "NH1",
            "NH2",
            "NH3",
            "NH4",
            "NH5"
        ]
    }
}