{
    "bloc_voter_props": {
        "H": [
            0.37465624900210054,
            0.3186956535972978,
            0.19370052973665394,
            0.4640794351181228,
            0.19088652278921206,
            0.4638005694786804,
            0.37203158152182025,
            0.4535116754769821
        ],
        "NH": [
            0.6253437509978995,
            0.6813043464027022,
            0.806299470263346,
            0.5359205648818772,
            0.809113477210788,
            0.5361994305213196,
            0.6279684184781797,
            0.5464883245230179
        ]
    },
    "cohesion_parameters": {
        "H": {
            "H": 0.77,
            "NH": 0.23
        },
        "NH": {
            "H": 0.52,
            "NH": 0.48
        }
    },
    "alphas": {
        "H": {
            "H": 1,
            "NH": 1
        },
        "NH": {
            "H": 1,
            "NH": 1
        }
    },
    "slate_to_candidates": {
        "H": [
            "H1",
            "H2",
            "H3",
            "H4",
            "H5"
        ],
        "NH": [
            "NH1",
            "NH2",
            "NH3",
            "NH4",
            "NH5"
        ]
    }
}