{
    "bloc_voter_props": {
        "H": [
            0.5065266698394968,
            0.21136310985614262,
            0.43027065773690626,
            0.3316654893955036,
            0.28436737899392384,
            0.2806113474154711,
            0.353029571905593,
            0.44540780556204723
        ],
        "NH": [
            0.4934733301605032,
            0.7886368901438574,
            0.5697293422630937,
            0.6683345106044964,
            0.7156326210060762,
            0.7193886525845289,
            0.646970428094407,
            0.5545921944379528
        ]
    },
    "cohesion_parameters": {
        "H": {
            "H": 0.77,
            "NH": 0.23
        },
        "NH": {
            "H": 0.52,
            "NH": 0.48
        }
    },
    "alphas": {
        "H": {
            "H": 1,
            "NH": 1
        },
        "NH": {
            "H": 1,
            "NH": 1
        }
    },
    "slate_to_candidates": {
        "H": [
            "H1",
            "H2",
            "H3",
            "H4",
            "H5"
        ],
        "NH": [
            "NH1",
            "NH2",
            "NH3",
            "NH4",
            "NH5"
        ]
    }
}