{
    "bloc_voter_props": {
        "H": [
            0.3224081496079199,
            0.44248687863389735,
            0.3104693024519934,
            0.3852553658102884,
            0.5194608228649292,
            0.19360378125667962,
            0.46481107633773117,
            0.20328783315258078
        ],
        "NH": [
            0.67759185039208,
            0.5575131213661026,
            0.6895306975480067,
            0.6147446341897116,
            0.4805391771350708,
            0.8063962187433203,
            0.5351889236622688,
            0.7967121668474192
        ]
    },
    "cohesion_parameters": {
        "H": {
            "H": 0.77,
            "NH": 0.23
        },
        "NH": {
            "H": 0.52,
            "NH": 0.48
        }
    },
    "alphas": {
        "H": {
            "H": 1,
            "NH": 1
        },
        "NH": {
            "H": 1,
            "NH": 1
        }
    },
    "slate_to_candidates": {
        "H": [
            "H1",
            "H2",
            "H3",
            "H4",
            "H5"
        ],
        "NH": [
            "NH1",
            "NH2",
            "NH3",
            "NH4",
            "NH5"
        ]
    }
}