{
    "bloc_voter_props": {
        "H": [
            0.17864351055181274,
            0.31658593338008795,
            0.46883743497129304,
            0.5144598315919235,
            0.45498270316198336,
            0.5621581059477331,
            0.33437999390709927,
            0.34655844382675693,
            194639.0,
            105991.0,
            56461.0,
            47762.0,
            155009.0,
            241539.0,
            182798.0,
            71056.0,
            171907.0,
            182301.0,
            112803.0,
            100063.0,
            53502.0,
            201052.0,
            197591.0,
            127925.0,
            132063.0,
            109079.0,
            100580.0,
            55394.0,
            345206.0,
            116460.0,
            82335.0,
            179768.0,
            66185.0,
            129978.0,
            78596.0,
            159164.0,
            81803.0,
            55944.0,
            217052.0,
            179908.0,
            236926.0,
            110366.0,
            117874.0,
            168458.0,
            72693.0,
            94059.0,
            60376.0,
            66614.0,
            168915.0,
            125137.0,
            75063.0,
            158339.0,
            83496.0,
            75042.0,
            53943.0,
            227272.0,
            198037.0,
            163946.0,
            84017.0,
            158357.0,
            207464.0,
            118938.0,
            83135.0,
            166676.0,
            109754.0,
            237392.0,
            158552.0,
            160797.0,
            140017.0,
            264749.0,
            188593.0,
            82142.0,
            81389.0,
            90256.0,
            90294.0,
            184552.0,
            123539.0,
            280090.0,
            71802.0,
            83280.0
        ],
        "NH": [
            0.8213564894481873,
            0.683414066619912,
            0.531162565028707,
            0.48554016840807646,
            0.5450172968380166,
            0.437841894052267,
            0.6656200060929007,
            0.6534415561732431,
            198300.0,
            284310.0,
            321675.0,
            351309.0,
            231700.0,
            154442.0,
            184389.0,
            328555.0,
            223142.0,
            209885.0,
            285513.0,
            300303.0,
            321663.0,
            194746.0,
            180971.0,
            250383.0,
            272169.0,
            269827.0,
            300976.0,
            338414.0,
            53765.0,
            258796.0,
            288533.0,
            192687.0,
            314604.0,
            271493.0,
            293819.0,
            207876.0,
            286957.0,
            326167.0,
            179945.0,
            194728.0,
            142818.0,
            267404.0,
            252698.0,
            216756.0,
            331521.0,
            288605.0,
            328544.0,
            301008.0,
            223336.0,
            257375.0,
            323202.0,
            234925.0,
            292028.0,
            301236.0,
            334428.0,
            139103.0,
            200356.0,
            233604.0,
            298214.0,
            233863.0,
            165861.0,
            249477.0,
            320330.0,
            204661.0,
            277919.0,
            142963.0,
            244604.0,
            217997.0,
            247531.0,
            121895.0,
            201360.0,
            292767.0,
            298645.0,
            312162.0,
            277610.0,
            199462.0,
            266878.0,
            123193.0,
            301782.0,
            303294.0
        ]
    },
    "cohesion_parameters": {
        "H": {
            "H": 0.77,
            "NH": 0.23
        },
        "NH": {
            "H": 0.52,
            "NH": 0.48
        }
    },
    "alphas": {
        "H": {
            "H": 1,
            "NH": 1
        },
        "NH": {
            "H": 1,
            "NH": 1
        }
    },
    "slate_to_candidates": {
        "H": [
            "H1",
            "H2",
            "H3",
            "H4",
            "H5"
        ],
        "NH": [
            "NH1",
            "NH2",
            "NH3",
            "NH4",
            "NH5"
        ]
    }
}