{
    "bloc_voter_props": {
        "H": [
            0.253787736720897,
            0.37253615335862605,
            0.3478351274052668,
            0.26033889723735515,
            0.22026681409849652,
            0.4488925517300691,
            0.5795093819250158,
            0.34385041561255814
        ],
        "NH": [
            0.746212263279103,
            0.6274638466413739,
            0.6521648725947332,
            0.7396611027626449,
            0.7797331859015035,
            0.551107448269931,
            0.4204906180749843,
            0.6561495843874419
        ]
    },
    "cohesion_parameters": {
        "H": {
            "H": 0.77,
            "NH": 0.23
        },
        "NH": {
            "H": 0.52,
            "NH": 0.48
        }
    },
    "alphas": {
        "H": {
            "H": 1,
            "NH": 1
        },
        "NH": {
            "H": 1,
            "NH": 1
        }
    },
    "slate_to_candidates": {
        "H": [
            "H1",
            "H2",
            "H3",
            "H4",
            "H5"
        ],
        "NH": [
            "NH1",
            "NH2",
            "NH3",
            "NH4",
            "NH5"
        ]
    }
}