{
    "bloc_voter_props": {
        "H": [
            0.4795529016759364,
            0.2094780226641744,
            0.21717700864836972,
            0.5006429012513275,
            0.3473454024018641,
            0.35010090793258936,
            0.3921988319824589,
            0.33981387720376477
        ],
        "NH": [
            0.5204470983240636,
            0.7905219773358256,
            0.7828229913516302,
            0.49935709874867246,
            0.6526545975981358,
            0.6498990920674106,
            0.6078011680175411,
            0.6601861227962352
        ]
    },
    "cohesion_parameters": {
        "H": {
            "H": 0.77,
            "NH": 0.23
        },
        "NH": {
            "H": 0.52,
            "NH": 0.48
        }
    },
    "alphas": {
        "H": {
            "H": 1,
            "NH": 1
        },
        "NH": {
            "H": 1,
            "NH": 1
        }
    },
    "slate_to_candidates": {
        "H": [
            "H1",
            "H2",
            "H3",
            "H4",
            "H5"
        ],
        "NH": [
            "NH1",
            "NH2",
            "NH3",
            "NH4",
            "NH5"
        ]
    }
}