{
    "bloc_voter_props": {
        "H": [
            0.5285130714836525,
            0.3663456463814425,
            0.3483493306285503,
            0.20670247189825625,
            0.2196655535193808,
            0.31288261617755647,
            0.4966432435060468,
            0.34385041561255814
        ],
        "NH": [
            0.47148692851634755,
            0.6336543536185575,
            0.6516506693714497,
            0.7932975281017438,
            0.7803344464806192,
            0.6871173838224435,
            0.5033567564939532,
            0.6561495843874419
        ]
    },
    "cohesion_parameters": {
        "H": {
            "H": 0.77,
            "NH": 0.23
        },
        "NH": {
            "H": 0.52,
            "NH": 0.48
        }
    },
    "alphas": {
        "H": {
            "H": 1,
            "NH": 1
        },
        "NH": {
            "H": 1,
            "NH": 1
        }
    },
    "slate_to_candidates": {
        "H": [
            "H1",
            "H2",
            "H3",
            "H4",
            "H5"
        ],
        "NH": [
            "NH1",
            "NH2",
            "NH3",
            "NH4",
            "NH5"
        ]
    }
}