{
    "bloc_voter_props": {
        "H": [
            0.5191946157470401,
            0.18150710882325738,
            0.32491076221660803,
            0.4376744295568158,
            0.3668216498976432,
            0.2270974442325626,
            0.30724757499837807,
            0.4781366203266484
        ],
        "NH": [
            0.48080538425295993,
            0.8184928911767426,
            0.675089237783392,
            0.5623255704431842,
            0.6331783501023568,
            0.7729025557674374,
            0.6927524250016219,
            0.5218633796733516
        ]
    },
    "cohesion_parameters": {
        "H": {
            "H": 0.77,
            "NH": 0.23
        },
        "NH": {
            "H": 0.52,
            "NH": 0.48
        }
    },
    "alphas": {
        "H": {
            "H": 1,
            "NH": 1
        },
        "NH": {
            "H": 1,
            "NH": 1
        }
    },
    "slate_to_candidates": {
        "H": [
            "H1",
            "H2",
            "H3",
            "H4",
            "H5"
        ],
        "NH": [
            "NH1",
            "NH2",
            "NH3",
            "NH4",
            "NH5"
        ]
    }
}