{
    "bloc_voter_props": {
        "H": [
            0.2075006959418801,
            0.4046593644408487,
            0.18762460187989397,
            0.31747170387096113,
            0.32612729923508615,
            0.412424842404679,
            0.5327970155191424,
            0.4659887036960066
        ],
        "NH": [
            0.79249930405812,
            0.5953406355591513,
            0.8123753981201061,
            0.6825282961290389,
            0.6738727007649138,
            0.587575157595321,
            0.4672029844808576,
            0.5340112963039935
        ]
    },
    "cohesion_parameters": {
        "H": {
            "H": 0.77,
            "NH": 0.23
        },
        "NH": {
            "H": 0.52,
            "NH": 0.48
        }
    },
    "alphas": {
        "H": {
            "H": 1,
            "NH": 1
        },
        "NH": {
            "H": 1,
            "NH": 1
        }
    },
    "slate_to_candidates": {
        "H": [
            "H1",
            "H2",
            "H3",
            "H4",
            "H5"
        ],
        "NH": [
            "NH1",
            "NH2",
            "NH3",
            "NH4",
            "NH5"
        ]
    }
}