{
    "bloc_voter_props": {
        "H": [
            0.39362892655959253,
            0.2215238057755996,
            0.3522977285202222,
            0.2947011230695383,
            0.27302984015247034,
            0.485937672112058,
            0.4910856722074898,
            0.3321593666394186
        ],
        "NH": [
            0.6063710734404075,
            0.7784761942244004,
            0.6477022714797779,
            0.7052988769304617,
            0.7269701598475297,
            0.514062327887942,
            0.5089143277925102,
            0.6678406333605814
        ]
    },
    "cohesion_parameters": {
        "H": {
            "H": 0.77,
            "NH": 0.23
        },
        "NH": {
            "H": 0.52,
            "NH": 0.48
        }
    },
    "alphas": {
        "H": {
            "H": 1,
            "NH": 1
        },
        "NH": {
            "H": 1,
            "NH": 1
        }
    },
    "slate_to_candidates": {
        "H": [
            "H1",
            "H2",
            "H3",
            "H4",
            "H5"
        ],
        "NH": [
            "NH1",
            "NH2",
            "NH3",
            "NH4",
            "NH5"
        ]
    }
}