{
    "bloc_voter_props": {
        "H": [
            0.17864351055181274,
            0.31658593338008795,
            0.36583374996173823,
            0.4591545780855086,
            0.4431940948255217,
            0.5619847833278201,
            0.33437999390709927,
            0.4605525782661198,
            195246.0,
            103557.0,
            56461.0,
            71361.0,
            159050.0,
            178409.0,
            188888.0,
            88505.0,
            171907.0,
            100760.0,
            75897.0,
            83766.0,
            94243.0,
            188670.0,
            128988.0,
            148151.0,
            132063.0,
            107947.0,
            119944.0,
            45273.0,
            350264.0,
            188581.0,
            108994.0,
            179768.0,
            61902.0,
            82386.0,
            78596.0,
            160867.0,
            81753.0,
            57566.0,
            214565.0,
            228087.0,
            245794.0,
            199104.0,
            113593.0,
            158601.0,
            103133.0,
            84856.0,
            88413.0,
            97584.0,
            121940.0,
            177458.0,
            36634.0,
            189549.0,
            50090.0,
            125068.0,
            67004.0,
            178500.0,
            109299.0,
            164132.0,
            82092.0,
            99203.0,
            156970.0,
            119569.0,
            67949.0,
            161507.0,
            198781.0,
            258296.0,
            208860.0,
            136196.0,
            140017.0,
            264422.0,
            178479.0,
            83285.0,
            71170.0,
            64526.0,
            69882.0,
            180511.0,
            236477.0,
            264243.0,
            71221.0,
            84064.0
        ],
        "NH": [
            0.8213564894481873,
            0.683414066619912,
            0.6341662500382618,
            0.5408454219144915,
            0.5568059051744784,
            0.43801521667217996,
            0.6656200060929007,
            0.5394474217338803,
            186519.0,
            276948.0,
            321675.0,
            318755.0,
            232213.0,
            205188.0,
            183524.0,
            312087.0,
            223142.0,
            297251.0,
            328214.0,
            292956.0,
            287497.0,
            181838.0,
            266627.0,
            222231.0,
            272169.0,
            266359.0,
            255524.0,
            353328.0,
            46374.0,
            203088.0,
            285201.0,
            192687.0,
            339180.0,
            317971.0,
            293819.0,
            223037.0,
            284331.0,
            333984.0,
            174426.0,
            142176.0,
            139331.0,
            204546.0,
            275866.0,
            245646.0,
            289813.0,
            301375.0,
            288672.0,
            305693.0,
            265395.0,
            205204.0,
            341815.0,
            194936.0,
            322292.0,
            262120.0,
            306592.0,
            189388.0,
            263214.0,
            228846.0,
            289541.0,
            294154.0,
            242740.0,
            247804.0,
            324098.0,
            213653.0,
            184875.0,
            143356.0,
            172483.0,
            261708.0,
            247531.0,
            123345.0,
            197057.0,
            308931.0,
            306411.0,
            317230.0,
            308632.0,
            198949.0,
            164372.0,
            120865.0,
            306081.0,
            306129.0
        ]
    },
    "cohesion_parameters": {
        "H": {
            "H": 0.77,
            "NH": 0.23
        },
        "NH": {
            "H": 0.52,
            "NH": 0.48
        }
    },
    "alphas": {
        "H": {
            "H": 1,
            "NH": 1
        },
        "NH": {
            "H": 1,
            "NH": 1
        }
    },
    "slate_to_candidates": {
        "H": [
            "H1",
            "H2",
            "H3",
            "H4",
            "H5"
        ],
        "NH": [
            "NH1",
            "NH2",
            "NH3",
            "NH4",
            "NH5"
        ]
    }
}