{
    "bloc_voter_props": {
        "H": [
            0.3107316013810087,
            0.21698005701090387,
            0.52358447935278,
            0.2573505633560284,
            0.47922629591999566,
            0.2612679969845715,
            0.42194540206846787,
            0.34238255918385374
        ],
        "NH": [
            0.6892683986189913,
            0.7830199429890962,
            0.47641552064722,
            0.7426494366439716,
            0.5207737040800043,
            0.7387320030154285,
            0.5780545979315321,
            0.6576174408161463
        ]
    },
    "cohesion_parameters": {
        "H": {
            "H": 0.77,
            "NH": 0.23
        },
        "NH": {
            "H": 0.52,
            "NH": 0.48
        }
    },
    "alphas": {
        "H": {
            "H": 1,
            "NH": 1
        },
        "NH": {
            "H": 1,
            "NH": 1
        }
    },
    "slate_to_candidates": {
        "H": [
            "H1",
            "H2",
            "H3",
            "H4",
            "H5"
        ],
        "NH": [
            "NH1",
            "NH2",
            "NH3",
            "NH4",
            "NH5"
        ]
    }
}