{
    "bloc_voter_props": {
        "H": [
            0.46707305587071185,
            0.25930865049178103,
            0.3426046596250863,
            0.34459226759015993,
            0.24046587296504585,
            0.2767703236560722,
            0.5007443561965229,
            0.42457359922165216
        ],
        "NH": [
            0.5329269441292882,
            0.7406913495082189,
            0.6573953403749138,
            0.6554077324098401,
            0.7595341270349542,
            0.7232296763439278,
            0.49925564380347703,
            0.5754264007783478
        ]
    },
    "cohesion_parameters": {
        "H": {
            "H": 0.77,
            "NH": 0.23
        },
        "NH": {
            "H": 0.52,
            "NH": 0.48
        }
    },
    "alphas": {
        "H": {
            "H": 1,
            "NH": 1
        },
        "NH": {
            "H": 1,
            "NH": 1
        }
    },
    "slate_to_candidates": {
        "H": [
            "H1",
            "H2",
            "H3",
            "H4",
            "H5"
        ],
        "NH": [
            "NH1",
            "NH2",
            "NH3",
            "NH4",
            "NH5"
        ]
    }
}