{
    "bloc_voter_props": {
        "H": [
            0.37349245364519806,
            0.18440019618632916,
            0.22828572782109968,
            0.41849071842987334,
            0.4719560217665747,
            0.30807948316417183,
            0.4007264941421234,
            0.4633766664653581
        ],
        "NH": [
            0.6265075463548019,
            0.8155998038136708,
            0.7717142721789003,
            0.5815092815701267,
            0.5280439782334253,
            0.6919205168358282,
            0.5992735058578765,
            0.5366233335346419
        ]
    },
    "cohesion_parameters": {
        "H": {
            "H": 0.77,
            "NH": 0.23
        },
        "NH": {
            "H": 0.52,
            "NH": 0.48
        }
    },
    "alphas": {
        "H": {
            "H": 1,
            "NH": 1
        },
        "NH": {
            "H": 1,
            "NH": 1
        }
    },
    "slate_to_candidates": {
        "H": [
            "H1",
            "H2",
            "H3",
            "H4",
            "H5"
        ],
        "NH": [
            "NH1",
            "NH2",
            "NH3",
            "NH4",
            "NH5"
        ]
    }
}