{
    "bloc_voter_props": {
        "H": [
            0.18992790446162694,
            0.3601579212608161,
            0.2052442767362449,
            0.43346989134937475,
            0.3526600414632377,
            0.5110991867997333,
            0.37118037947688187,
            0.40782985712563813
        ],
        "NH": [
            0.8100720955383731,
            0.6398420787391839,
            0.7947557232637551,
            0.5665301086506253,
            0.6473399585367623,
            0.4889008132002666,
            0.6288196205231181,
            0.5921701428743619
        ]
    },
    "cohesion_parameters": {
        "H": {
            "H": 0.77,
            "NH": 0.23
        },
        "NH": {
            "H": 0.52,
            "NH": 0.48
        }
    },
    "alphas": {
        "H": {
            "H": 1,
            "NH": 1
        },
        "NH": {
            "H": 1,
            "NH": 1
        }
    },
    "slate_to_candidates": {
        "H": [
            "H1",
            "H2",
            "H3",
            "H4",
            "H5"
        ],
        "NH": [
            "NH1",
            "NH2",
            "NH3",
            "NH4",
            "NH5"
        ]
    }
}