{
    "bloc_voter_props": {
        "H": [
            0.33447567567567565,
            0.20843755749941567,
            0.40718981903397994,
            0.23521334715267636,
            0.39582196266783104,
            0.20929088443066085,
            0.28701389807743677,
            0.5265358209336157,
            185751.0,
            105727.0,
            71487.0,
            83055.0,
            141779.0,
            150454.0,
            76479.0,
            65143.0,
            106788.0,
            305435.0,
            186384.0,
            75971.0,
            43376.0,
            136137.0,
            206547.0,
            61637.0,
            88212.0,
            96890.0,
            176910.0,
            127008.0,
            186227.0,
            186137.0,
            154574.0,
            110648.0,
            65044.0,
            107224.0,
            74962.0,
            111766.0,
            156931.0,
            69576.0,
            133925.0,
            192418.0,
            219769.0,
            113628.0,
            122192.0,
            95527.0,
            220489.0,
            46953.0,
            48193.0,
            159774.0,
            175392.0,
            120471.0,
            87598.0,
            189940.0,
            93875.0,
            198241.0,
            49087.0,
            202953.0,
            150208.0,
            136848.0,
            52517.0,
            255696.0,
            192251.0,
            151887.0,
            68513.0,
            75996.0,
            125551.0,
            212372.0,
            156201.0,
            255162.0,
            177702.0,
            141129.0,
            180065.0,
            79890.0,
            58272.0,
            229058.0,
            69756.0,
            322375.0,
            193663.0,
            264658.0,
            160416.0,
            47387.0
        ],
        "NH": [
            0.6655243243243243,
            0.7915624425005843,
            0.59281018096602,
            0.7647866528473236,
            0.604178037332169,
            0.7907091155693392,
            0.7129861019225632,
            0.4734641790663842,
            217566.0,
            292641.0,
            301658.0,
            316082.0,
            260845.0,
            221159.0,
            290071.0,
            315411.0,
            275238.0,
            94546.0,
            212473.0,
            305790.0,
            350685.0,
            248758.0,
            164506.0,
            319815.0,
            296265.0,
            288082.0,
            201928.0,
            266912.0,
            207370.0,
            187254.0,
            244229.0,
            275653.0,
            319852.0,
            274170.0,
            297258.0,
            272202.0,
            244367.0,
            316997.0,
            249432.0,
            200669.0,
            179164.0,
            290070.0,
            264946.0,
            306827.0,
            150402.0,
            328719.0,
            324129.0,
            223671.0,
            195562.0,
            253775.0,
            299714.0,
            201161.0,
            284276.0,
            190160.0,
            330110.0,
            170326.0,
            237833.0,
            236649.0,
            347885.0,
            117633.0,
            189363.0,
            223577.0,
            299516.0,
            324473.0,
            262602.0,
            175850.0,
            225323.0,
            136617.0,
            224740.0,
            257329.0,
            206043.0,
            292002.0,
            345484.0,
            175159.0,
            312960.0,
            62405.0,
            186722.0,
            112310.0,
            242737.0,
            321907.0
        ]
    },
    "cohesion_parameters": {
        "H": {
            "H": 0.77,
            "NH": 0.23
        },
        "NH": {
            "H": 0.52,
            "NH": 0.48
        }
    },
    "alphas": {
        "H": {
            "H": 1,
            "NH": 1
        },
        "NH": {
            "H": 1,
            "NH": 1
        }
    },
    "slate_to_candidates": {
        "H": [
            "H1",
            "H2",
            "H3",
            "H4",
            "H5"
        ],
        "NH": [
            "NH1",
            "NH2",
            "NH3",
            "NH4",
            "NH5"
        ]
    }
}