{
    "bloc_voter_props": {
        "H": [
            0.343948279371737,
            0.4535318773334723,
            0.19902037844415318,
            0.3804524236554094,
            0.3453240230151743,
            0.4406846333713506,
            0.4606054002146074,
            0.20300233377252122
        ],
        "NH": [
            0.656051720628263,
            0.5464681226665277,
            0.8009796215558468,
            0.6195475763445906,
            0.6546759769848257,
            0.5593153666286494,
            0.5393945997853926,
            0.7969976662274788
        ]
    },
    "cohesion_parameters": {
        "H": {
            "H": 0.77,
            "NH": 0.23
        },
        "NH": {
            "H": 0.52,
            "NH": 0.48
        }
    },
    "alphas": {
        "H": {
            "H": 1,
            "NH": 1
        },
        "NH": {
            "H": 1,
            "NH": 1
        }
    },
    "slate_to_candidates": {
        "H": [
            "H1",
            "H2",
            "H3",
            "H4",
            "H5"
        ],
        "NH": [
            "NH1",
            "NH2",
            "NH3",
            "NH4",
            "NH5"
        ]
    }
}