{
    "bloc_voter_props": {
        "H": [
            0.2796705826122627,
            0.5020360361975269,
            0.44310375919717737,
            0.21528045791469116,
            0.45041348282054505,
            0.19819241985531888,
            0.3680977606756574,
            0.3683042666464407
        ],
        "NH": [
            0.7203294173877373,
            0.4979639638024731,
            0.5568962408028226,
            0.7847195420853088,
            0.549586517179455,
            0.8018075801446811,
            0.6319022393243425,
            0.6316957333535592
        ]
    },
    "cohesion_parameters": {
        "H": {
            "H": 0.77,
            "NH": 0.23
        },
        "NH": {
            "H": 0.52,
            "NH": 0.48
        }
    },
    "alphas": {
        "H": {
            "H": 1,
            "NH": 1
        },
        "NH": {
            "H": 1,
            "NH": 1
        }
    },
    "slate_to_candidates": {
        "H": [
            "H1",
            "H2",
            "H3",
            "H4",
            "H5"
        ],
        "NH": [
            "NH1",
            "NH2",
            "NH3",
            "NH4",
            "NH5"
        ]
    }
}