{
    "bloc_voter_props": {
        "H": [
            0.362314774277533,
            0.38589635282682094,
            0.2167279697588405,
            0.3541399936429839,
            0.4320457067434756,
            0.36418143767085365,
            0.21221160002136655,
            0.5129486987716079
        ],
        "NH": [
            0.637685225722467,
            0.614103647173179,
            0.7832720302411594,
            0.6458600063570161,
            0.5679542932565245,
            0.6358185623291464,
            0.7877883999786335,
            0.48705130122839213
        ]
    },
    "cohesion_parameters": {
        "H": {
            "H": 0.77,
            "NH": 0.23
        },
        "NH": {
            "H": 0.52,
            "NH": 0.48
        }
    },
    "alphas": {
        "H": {
            "H": 1,
            "NH": 1
        },
        "NH": {
            "H": 1,
            "NH": 1
        }
    },
    "slate_to_candidates": {
        "H": [
            "H1",
            "H2",
            "H3",
            "H4",
            "H5"
        ],
        "NH": [
            "NH1",
            "NH2",
            "NH3",
            "NH4",
            "NH5"
        ]
    }
}