{
    "bloc_voter_props": {
        "H": [
            0.4207379130012941,
            0.24226879220640943,
            0.46023820753163763,
            0.4084021740154291,
            0.29664387867082925,
            0.45238420750701,
            0.35417834678055543,
            0.20100441253037257
        ],
        "NH": [
            0.579262086998706,
            0.7577312077935906,
            0.5397617924683623,
            0.5915978259845709,
            0.7033561213291707,
            0.54761579249299,
            0.6458216532194446,
            0.7989955874696274
        ]
    },
    "cohesion_parameters": {
        "H": {
            "H": 0.77,
            "NH": 0.23
        },
        "NH": {
            "H": 0.52,
            "NH": 0.48
        }
    },
    "alphas": {
        "H": {
            "H": 1,
            "NH": 1
        },
        "NH": {
            "H": 1,
            "NH": 1
        }
    },
    "slate_to_candidates": {
        "H": [
            "H1",
            "H2",
            "H3",
            "H4",
            "H5"
        ],
        "NH": [
            "NH1",
            "NH2",
            "NH3",
            "NH4",
            "NH5"
        ]
    }
}