{
    "bloc_voter_props": {
        "H": [
            0.24210347397105297,
            0.2481305134186614,
            0.4536165826483081,
            0.3269050596197228,
            0.4655997456279809,
            0.25892249508340304,
            0.3002395691100353,
            0.5438774800999194
        ],
        "NH": [
            0.7578965260289471,
            0.7518694865813386,
            0.5463834173516919,
            0.6730949403802772,
            0.5344002543720191,
            0.741077504916597,
            0.6997604308899646,
            0.4561225199000805
        ]
    },
    "cohesion_parameters": {
        "H": {
            "H": 0.77,
            "NH": 0.23
        },
        "NH": {
            "H": 0.52,
            "NH": 0.48
        }
    },
    "alphas": {
        "H": {
            "H": 1,
            "NH": 1
        },
        "NH": {
            "H": 1,
            "NH": 1
        }
    },
    "slate_to_candidates": {
        "H": [
            "H1",
            "H2",
            "H3",
            "H4",
            "H5"
        ],
        "NH": [
            "NH1",
            "NH2",
            "NH3",
            "NH4",
            "NH5"
        ]
    }
}