{
    "bloc_voter_props": {
        "H": [
            0.5065767884208734,
            0.42934400146053425,
            0.22160491492556936,
            0.187153676737226,
            0.3438805278512075,
            0.47613439707324823,
            0.34714238351083854,
            0.317832215373459
        ],
        "NH": [
            0.49342321157912655,
            0.5706559985394657,
            0.7783950850744307,
            0.812846323262774,
            0.6561194721487925,
            0.5238656029267518,
            0.6528576164891615,
            0.6821677846265409
        ]
    },
    "cohesion_parameters": {
        "H": {
            "H": 0.77,
            "NH": 0.23
        },
        "NH": {
            "H": 0.52,
            "NH": 0.48
        }
    },
    "alphas": {
        "H": {
            "H": 1,
            "NH": 1
        },
        "NH": {
            "H": 1,
            "NH": 1
        }
    },
    "slate_to_candidates": {
        "H": [
            "H1",
            "H2",
            "H3",
            "H4",
            "H5"
        ],
        "NH": [
            "NH1",
            "NH2",
            "NH3",
            "NH4",
            "NH5"
        ]
    }
}