{
    "bloc_voter_props": {
        "H": [
            0.5245981793039298,
            0.4928827216565312,
            0.37420650460590743,
            0.21192828787171522,
            0.2339416396529177,
            0.27989593887580816,
            0.3594084666986607,
            0.34238255918385374
        ],
        "NH": [
            0.4754018206960702,
            0.5071172783434688,
            0.6257934953940926,
            0.7880717121282848,
            0.7660583603470823,
            0.7201040611241919,
            0.6405915333013393,
            0.6576174408161463
        ]
    },
    "cohesion_parameters": {
        "H": {
            "H": 0.77,
            "NH": 0.23
        },
        "NH": {
            "H": 0.52,
            "NH": 0.48
        }
    },
    "alphas": {
        "H": {
            "H": 1,
            "NH": 1
        },
        "NH": {
            "H": 1,
            "NH": 1
        }
    },
    "slate_to_candidates": {
        "H": [
            "H1",
            "H2",
            "H3",
            "H4",
            "H5"
        ],
        "NH": [
            "NH1",
            "NH2",
            "NH3",
            "NH4",
            "NH5"
        ]
    }
}