{
    "bloc_voter_props": {
        "H": [
            0.5143030373727194,
            0.19652026811652384,
            0.31332328362437023,
            0.3767933594191663,
            0.4735592570154895,
            0.1961569871930659,
            0.3251642139214826,
            0.4377689938095719
        ],
        "NH": [
            0.4856969626272806,
            0.8034797318834762,
            0.6866767163756298,
            0.6232066405808336,
            0.5264407429845105,
            0.8038430128069342,
            0.6748357860785175,
            0.5622310061904281
        ]
    },
    "cohesion_parameters": {
        "H": {
            "H": 0.77,
            "NH": 0.23
        },
        "NH": {
            "H": 0.52,
            "NH": 0.48
        }
    },
    "alphas": {
        "H": {
            "H": 1,
            "NH": 1
        },
        "NH": {
            "H": 1,
            "NH": 1
        }
    },
    "slate_to_candidates": {
        "H": [
            "H1",
            "H2",
            "H3",
            "H4",
            "H5"
        ],
        "NH": [
            "NH1",
            "NH2",
            "NH3",
            "NH4",
            "NH5"
        ]
    }
}