{
    "bloc_voter_props": {
        "H": [
            0.5285130714836525,
            0.3414700697570444,
            0.38219844786704493,
            0.2845752290054147,
            0.2196655535193808,
            0.2331574657777086,
            0.493086250591327,
            0.34385041561255814
        ],
        "NH": [
            0.47148692851634755,
            0.6585299302429556,
            0.6178015521329551,
            0.7154247709945853,
            0.7803344464806192,
            0.7668425342222914,
            0.5069137494086731,
            0.6561495843874419
        ]
    },
    "cohesion_parameters": {
        "H": {
            "H": 0.77,
            "NH": 0.23
        },
        "NH": {
            "H": 0.52,
            "NH": 0.48
        }
    },
    "alphas": {
        "H": {
            "H": 1,
            "NH": 1
        },
        "NH": {
            "H": 1,
            "NH": 1
        }
    },
    "slate_to_candidates": {
        "H": [
            "H1",
            "H2",
            "H3",
            "H4",
            "H5"
        ],
        "NH": [
            "NH1",
            "NH2",
            "NH3",
            "NH4",
            "NH5"
        ]
    }
}