{
    "bloc_voter_props": {
        "H": [
            0.33447567567567565,
            0.30832409882015516,
            0.5038055565926535,
            0.23521334715267636,
            0.39582196266783104,
            0.14417401038892208,
            0.30675014947702456,
            0.5265358209336157,
            257800.0,
            105727.0,
            139419.0,
            94108.0,
            145740.0,
            150454.0,
            76479.0,
            65143.0,
            104549.0,
            305435.0,
            117929.0,
            61334.0,
            47004.0,
            136137.0,
            122597.0,
            106275.0,
            80427.0,
            60845.0,
            175231.0,
            55605.0,
            186227.0,
            186012.0,
            154574.0,
            67475.0,
            51054.0,
            103596.0,
            76871.0,
            111766.0,
            94584.0,
            68236.0,
            133925.0,
            192418.0,
            219769.0,
            113628.0,
            206142.0,
            95527.0,
            222728.0,
            46953.0,
            90903.0,
            148727.0,
            175517.0,
            188926.0,
            59036.0,
            191619.0,
            41323.0,
            204469.0,
            51926.0,
            152831.0,
            173823.0,
            136848.0,
            52517.0,
            258722.0,
            192251.0,
            122241.0,
            106591.0,
            147399.0,
            156537.0,
            212372.0,
            156201.0,
            181707.0,
            150126.0,
            141605.0,
            181471.0,
            88621.0,
            62455.0,
            229058.0,
            72693.0,
            322375.0,
            193663.0,
            264658.0,
            170702.0,
            64816.0
        ],
        "NH": [
            0.6655243243243243,
            0.6916759011798449,
            0.4961944434073466,
            0.7647866528473236,
            0.604178037332169,
            0.8558259896110779,
            0.6932498505229755,
            0.4734641790663842,
            138259.0,
            292641.0,
            235969.0,
            285932.0,
            257570.0,
            221159.0,
            290071.0,
            315411.0,
            277438.0,
            94546.0,
            275750.0,
            311029.0,
            349445.0,
            248758.0,
            268256.0,
            289368.0,
            323131.0,
            305572.0,
            194354.0,
            345911.0,
            207370.0,
            188397.0,
            244229.0,
            335394.0,
            337429.0,
            275410.0,
            293889.0,
            272202.0,
            304633.0,
            321296.0,
            249432.0,
            200669.0,
            179164.0,
            290070.0,
            161196.0,
            306827.0,
            148202.0,
            328719.0,
            276106.0,
            232032.0,
            194419.0,
            190498.0,
            318407.0,
            208735.0,
            331205.0,
            166923.0,
            336620.0,
            220561.0,
            218979.0,
            236649.0,
            347885.0,
            117728.0,
            189363.0,
            256648.0,
            270401.0,
            245474.0,
            225232.0,
            175850.0,
            225323.0,
            209058.0,
            246869.0,
            257809.0,
            212909.0,
            291701.0,
            337536.0,
            175159.0,
            325533.0,
            62405.0,
            186722.0,
            112310.0,
            233273.0,
            305726.0
        ]
    },
    "cohesion_parameters": {
        "H": {
            "H": 0.77,
            "NH": 0.23
        },
        "NH": {
            "H": 0.52,
            "NH": 0.48
        }
    },
    "alphas": {
        "H": {
            "H": 1,
            "NH": 1
        },
        "NH": {
            "H": 1,
            "NH": 1
        }
    },
    "slate_to_candidates": {
        "H": [
            "H1",
            "H2",
            "H3",
            "H4",
            "H5"
        ],
        "NH": [
            "NH1",
            "NH2",
            "NH3",
            "NH4",
            "NH5"
        ]
    }
}