{
    "bloc_voter_props": {
        "H": [
            0.3435425006952564,
            0.49376667355959897,
            0.19370052973665394,
            0.450933849504838,
            0.19088652278921206,
            0.3338822113040363,
            0.37203158152182025,
            0.45248816241827394
        ],
        "NH": [
            0.6564574993047436,
            0.5062333264404011,
            0.806299470263346,
            0.5490661504951619,
            0.809113477210788,
            0.6661177886959637,
            0.6279684184781797,
            0.5475118375817261
        ]
    },
    "cohesion_parameters": {
        "H": {
            "H": 0.77,
            "NH": 0.23
        },
        "NH": {
            "H": 0.52,
            "NH": 0.48
        }
    },
    "alphas": {
        "H": {
            "H": 1,
            "NH": 1
        },
        "NH": {
            "H": 1,
            "NH": 1
        }
    },
    "slate_to_candidates": {
        "H": [
            "H1",
            "H2",
            "H3",
            "H4",
            "H5"
        ],
        "NH": [
            "NH1",
            "NH2",
            "NH3",
            "NH4",
            "NH5"
        ]
    }
}