{
    "bloc_voter_props": {
        "H": [
            0.19153937895048065,
            0.2185886796709784,
            0.3897445861627622,
            0.35376195105995323,
            0.47824055384106584,
            0.3435347586805988,
            0.3744416134894053,
            0.4854166342558416
        ],
        "NH": [
            0.8084606210495193,
            0.7814113203290216,
            0.6102554138372378,
            0.6462380489400468,
            0.5217594461589341,
            0.6564652413194012,
            0.6255583865105947,
            0.5145833657441584
        ]
    },
    "cohesion_parameters": {
        "H": {
            "H": 0.77,
            "NH": 0.23
        },
        "NH": {
            "H": 0.52,
            "NH": 0.48
        }
    },
    "alphas": {
        "H": {
            "H": 1,
            "NH": 1
        },
        "NH": {
            "H": 1,
            "NH": 1
        }
    },
    "slate_to_candidates": {
        "H": [
            "H1",
            "H2",
            "H3",
            "H4",
            "H5"
        ],
        "NH": [
            "NH1",
            "NH2",
            "NH3",
            "NH4",
            "NH5"
        ]
    }
}