{
    "bloc_voter_props": {
        "H": [
            0.49933320627614625,
            0.24716751146481963,
            0.3581180457779384,
            0.2752503284701411,
            0.3066481204476831,
            0.18770539691813334,
            0.4744180013413181,
            0.4989810800768787
        ],
        "NH": [
            0.5006667937238538,
            0.7528324885351804,
            0.6418819542220616,
            0.7247496715298589,
            0.6933518795523169,
            0.8122946030818666,
            0.5255819986586819,
            0.5010189199231213
        ]
    },
    "cohesion_parameters": {
        "H": {
            "H": 0.77,
            "NH": 0.23
        },
        "NH": {
            "H": 0.52,
            "NH": 0.48
        }
    },
    "alphas": {
        "H": {
            "H": 1,
            "NH": 1
        },
        "NH": {
            "H": 1,
            "NH": 1
        }
    },
    "slate_to_candidates": {
        "H": [
            "H1",
            "H2",
            "H3",
            "H4",
            "H5"
        ],
        "NH": [
            "NH1",
            "NH2",
            "NH3",
            "NH4",
            "NH5"
        ]
    }
}