{
    "bloc_voter_props": {
        "H": [
            0.19709232258808404,
            0.46794510312637305,
            0.3830472985252304,
            0.19129916388974522,
            0.48065117864254603,
            0.2528793013453398,
            0.3925374583603335,
            0.44852849914380255
        ],
        "NH": [
            0.8029076774119159,
            0.532054896873627,
            0.6169527014747695,
            0.8087008361102548,
            0.519348821357454,
            0.7471206986546601,
            0.6074625416396665,
            0.5514715008561974
        ]
    },
    "cohesion_parameters": {
        "H": {
            "H": 0.77,
            "NH": 0.23
        },
        "NH": {
            "H": 0.52,
            "NH": 0.48
        }
    },
    "alphas": {
        "H": {
            "H": 1,
            "NH": 1
        },
        "NH": {
            "H": 1,
            "NH": 1
        }
    },
    "slate_to_candidates": {
        "H": [
            "H1",
            "H2",
            "H3",
            "H4",
            "H5"
        ],
        "NH": [
            "NH1",
            "NH2",
            "NH3",
            "NH4",
            "NH5"
        ]
    }
}