{
    "bloc_voter_props": {
        "H": [
            0.4492749748446892,
            0.21448586245241413,
            0.4144995847605489,
            0.3609158233058131,
            0.541235850283192,
            0.2561488826776965,
            0.33717279110705145,
            0.2709076192052249
        ],
        "NH": [
            0.5507250251553107,
            0.7855141375475858,
            0.5855004152394512,
            0.6390841766941868,
            0.45876414971680807,
            0.7438511173223035,
            0.6628272088929485,
            0.7290923807947751
        ]
    },
    "cohesion_parameters": {
        "H": {
            "H": 0.77,
            "NH": 0.23
        },
        "NH": {
            "H": 0.52,
            "NH": 0.48
        }
    },
    "alphas": {
        "H": {
            "H": 1,
            "NH": 1
        },
        "NH": {
            "H": 1,
            "NH": 1
        }
    },
    "slate_to_candidates": {
        "H": [
            "H1",
            "H2",
            "H3",
            "H4",
            "H5"
        ],
        "NH": [
            "NH1",
            "NH2",
            "NH3",
            "NH4",
            "NH5"
        ]
    }
}