{
    "bloc_voter_props": {
        "H": [
            0.41485554680463965,
            0.2094780226641744,
            0.22172904544739738,
            0.37460825319418245,
            0.4606168923524455,
            0.4360973695299741,
            0.38676253064664606,
            0.3392850711975742
        ],
        "NH": [
            0.5851444531953603,
            0.7905219773358256,
            0.7782709545526026,
            0.6253917468058175,
            0.5393831076475545,
            0.5639026304700259,
            0.6132374693533539,
            0.6607149288024259
        ]
    },
    "cohesion_parameters": {
        "H": {
            "H": 0.77,
            "NH": 0.23
        },
        "NH": {
            "H": 0.52,
            "NH": 0.48
        }
    },
    "alphas": {
        "H": {
            "H": 1,
            "NH": 1
        },
        "NH": {
            "H": 1,
            "NH": 1
        }
    },
    "slate_to_candidates": {
        "H": [
            "H1",
            "H2",
            "H3",
            "H4",
            "H5"
        ],
        "NH": [
            "NH1",
            "NH2",
            "NH3",
            "NH4",
            "NH5"
        ]
    }
}