{
    "bloc_voter_props": {
        "H": [
            0.4324282929268679,
            0.18440019618632916,
            0.39392982817659866,
            0.46505983450118416,
            0.40960290920461884,
            0.4554437361445141,
            0.28445489443932537,
            0.22694521160101774
        ],
        "NH": [
            0.5675717070731321,
            0.8155998038136708,
            0.6060701718234013,
            0.5349401654988158,
            0.5903970907953812,
            0.544556263855486,
            0.7155451055606746,
            0.7730547883989822
        ]
    },
    "cohesion_parameters": {
        "H": {
            "H": 0.77,
            "NH": 0.23
        },
        "NH": {
            "H": 0.52,
            "NH": 0.48
        }
    },
    "alphas": {
        "H": {
            "H": 1,
            "NH": 1
        },
        "NH": {
            "H": 1,
            "NH": 1
        }
    },
    "slate_to_candidates": {
        "H": [
            "H1",
            "H2",
            "H3",
            "H4",
            "H5"
        ],
        "NH": [
            "NH1",
            "NH2",
            "NH3",
            "NH4",
            "NH5"
        ]
    }
}