{
    "bloc_voter_props": {
        "H": [
            0.30638502001521817,
            0.247830660005259,
            0.5568627783953033,
            0.3267843975081646,
            0.22735156771180787,
            0.3038314764718493,
            0.4324275134420639,
            0.4393188285930753
        ],
        "NH": [
            0.6936149799847818,
            0.752169339994741,
            0.4431372216046967,
            0.6732156024918354,
            0.7726484322881921,
            0.6961685235281507,
            0.567572486557936,
            0.5606811714069247
        ]
    },
    "cohesion_parameters": {
        "H": {
            "H": 0.77,
            "NH": 0.23
        },
        "NH": {
            "H": 0.52,
            "NH": 0.48
        }
    },
    "alphas": {
        "H": {
            "H": 1,
            "NH": 1
        },
        "NH": {
            "H": 1,
            "NH": 1
        }
    },
    "slate_to_candidates": {
        "H": [
            "H1",
            "H2",
            "H3",
            "H4",
            "H5"
        ],
        "NH": [
            "NH1",
            "NH2",
            "NH3",
            "NH4",
            "NH5"
        ]
    }
}