{
    "bloc_voter_props": {
        "H": [
            0.44937337271555156,
            0.1918700332770121,
            0.3873169168414825,
            0.4412781788132824,
            0.4604499473982358,
            0.41482296103716476,
            0.2929803471338215,
            0.2098847722303345
        ],
        "NH": [
            0.5506266272844484,
            0.8081299667229879,
            0.6126830831585175,
            0.5587218211867175,
            0.5395500526017641,
            0.5851770389628352,
            0.7070196528661785,
            0.7901152277696655
        ]
    },
    "cohesion_parameters": {
        "H": {
            "H": 0.77,
            "NH": 0.23
        },
        "NH": {
            "H": 0.52,
            "NH": 0.48
        }
    },
    "alphas": {
        "H": {
            "H": 1,
            "NH": 1
        },
        "NH": {
            "H": 1,
            "NH": 1
        }
    },
    "slate_to_candidates": {
        "H": [
            "H1",
            "H2",
            "H3",
            "H4",
            "H5"
        ],
        "NH": [
            "NH1",
            "NH2",
            "NH3",
            "NH4",
            "NH5"
        ]
    }
}