{
    "bloc_voter_props": {
        "H": [
            0.343948279371737,
            0.456218624453327,
            0.20209980292935278,
            0.43801016365044815,
            0.3378412766288605,
            0.36588348878191895,
            0.4770115683199011,
            0.1977466077270444
        ],
        "NH": [
            0.656051720628263,
            0.5437813755466729,
            0.7979001970706472,
            0.5619898363495518,
            0.6621587233711395,
            0.634116511218081,
            0.5229884316800989,
            0.8022533922729557
        ]
    },
    "cohesion_parameters": {
        "H": {
            "H": 0.77,
            "NH": 0.23
        },
        "NH": {
            "H": 0.52,
            "NH": 0.48
        }
    },
    "alphas": {
        "H": {
            "H": 1,
            "NH": 1
        },
        "NH": {
            "H": 1,
            "NH": 1
        }
    },
    "slate_to_candidates": {
        "H": [
            "H1",
            "H2",
            "H3",
            "H4",
            "H5"
        ],
        "NH": [
            "NH1",
            "NH2",
            "NH3",
            "NH4",
            "NH5"
        ]
    }
}