{
    "bloc_voter_props": {
        "H": [
            0.43394702961331977,
            0.2427258524607137,
            0.334067012091273,
            0.5062888135912761,
            0.4226409894328941,
            0.2656278217604767,
            0.38490015326929145,
            0.24164405572544878
        ],
        "NH": [
            0.5660529703866802,
            0.7572741475392862,
            0.665932987908727,
            0.49371118640872397,
            0.5773590105671059,
            0.7343721782395233,
            0.6150998467307086,
            0.7583559442745512
        ]
    },
    "cohesion_parameters": {
        "H": {
            "H": 0.77,
            "NH": 0.23
        },
        "NH": {
            "H": 0.52,
            "NH": 0.48
        }
    },
    "alphas": {
        "H": {
            "H": 1,
            "NH": 1
        },
        "NH": {
            "H": 1,
            "NH": 1
        }
    },
    "slate_to_candidates": {
        "H": [
            "H1",
            "H2",
            "H3",
            "H4",
            "H5"
        ],
        "NH": [
            "NH1",
            "NH2",
            "NH3",
            "NH4",
            "NH5"
        ]
    }
}