{
    "bloc_voter_props": {
        "H": [
            0.517284844179946,
            0.247830660005259,
            0.40759526652693995,
            0.342939665959052,
            0.22735156771180787,
            0.3038314764718493,
            0.37061306133946303,
            0.4313943801758304
        ],
        "NH": [
            0.48271515582005403,
            0.752169339994741,
            0.59240473347306,
            0.657060334040948,
            0.7726484322881921,
            0.6961685235281507,
            0.629386938660537,
            0.5686056198241696
        ]
    },
    "cohesion_parameters": {
        "H": {
            "H": 0.77,
            "NH": 0.23
        },
        "NH": {
            "H": 0.52,
            "NH": 0.48
        }
    },
    "alphas": {
        "H": {
            "H": 1,
            "NH": 1
        },
        "NH": {
            "H": 1,
            "NH": 1
        }
    },
    "slate_to_candidates": {
        "H": [
            "H1",
            "H2",
            "H3",
            "H4",
            "H5"
        ],
        "NH": [
            "NH1",
            "NH2",
            "NH3",
            "NH4",
            "NH5"
        ]
    }
}