{
    "bloc_voter_props": {
        "H": [
            0.20105553611843757,
            0.3700352017794283,
            0.3731536897790705,
            0.21495999071046296,
            0.4613796793254313,
            0.4647223058501967,
            0.35599583427141496,
            0.389622737739809
        ],
        "NH": [
            0.7989444638815624,
            0.6299647982205717,
            0.6268463102209295,
            0.785040009289537,
            0.5386203206745687,
            0.5352776941498033,
            0.6440041657285851,
            0.6103772622601911
        ]
    },
    "cohesion_parameters": {
        "H": {
            "H": 0.77,
            "NH": 0.23
        },
        "NH": {
            "H": 0.52,
            "NH": 0.48
        }
    },
    "alphas": {
        "H": {
            "H": 1,
            "NH": 1
        },
        "NH": {
            "H": 1,
            "NH": 1
        }
    },
    "slate_to_candidates": {
        "H": [
            "H1",
            "H2",
            "H3",
            "H4",
            "H5"
        ],
        "NH": [
            "NH1",
            "NH2",
            "NH3",
            "NH4",
            "NH5"
        ]
    }
}