{
    "bloc_voter_props": {
        "H": [
            0.20610299969414966,
            0.36498259590744514,
            0.3853616547268011,
            0.21495999071046296,
            0.3438805278512075,
            0.3107930664396251,
            0.4726987281713883,
            0.5311722636233176
        ],
        "NH": [
            0.7938970003058503,
            0.6350174040925549,
            0.6146383452731989,
            0.785040009289537,
            0.6561194721487925,
            0.6892069335603749,
            0.5273012718286116,
            0.4688277363766824
        ]
    },
    "cohesion_parameters": {
        "H": {
            "H": 0.77,
            "NH": 0.23
        },
        "NH": {
            "H": 0.52,
            "NH": 0.48
        }
    },
    "alphas": {
        "H": {
            "H": 1,
            "NH": 1
        },
        "NH": {
            "H": 1,
            "NH": 1
        }
    },
    "slate_to_candidates": {
        "H": [
            "H1",
            "H2",
            "H3",
            "H4",
            "H5"
        ],
        "NH": [
            "NH1",
            "NH2",
            "NH3",
            "NH4",
            "NH5"
        ]
    }
}