{
    "bloc_voter_props": {
        "H": [
            0.49364955380736775,
            0.20521498947034064,
            0.3427755447589663,
            0.2207558049947498,
            0.3576923337909882,
            0.40406196541599126,
            0.4463053617401402,
            0.36532489769067195
        ],
        "NH": [
            0.5063504461926323,
            0.7947850105296593,
            0.6572244552410337,
            0.7792441950052502,
            0.6423076662090118,
            0.5959380345840087,
            0.5536946382598599,
            0.634675102309328
        ]
    },
    "cohesion_parameters": {
        "H": {
            "H": 0.77,
            "NH": 0.23
        },
        "NH": {
            "H": 0.52,
            "NH": 0.48
        }
    },
    "alphas": {
        "H": {
            "H": 1,
            "NH": 1
        },
        "NH": {
            "H": 1,
            "NH": 1
        }
    },
    "slate_to_candidates": {
        "H": [
            "H1",
            "H2",
            "H3",
            "H4",
            "H5"
        ],
        "NH": [
            "NH1",
            "NH2",
            "NH3",
            "NH4",
            "NH5"
        ]
    }
}