{
    "bloc_voter_props": {
        "H": [
            0.343948279371737,
            0.2172666512617265,
            0.1998320077349413,
            0.3787589416747656,
            0.3295396021016023,
            0.44291808745740807,
            0.47485787907967036,
            0.4420331500581932
        ],
        "NH": [
            0.656051720628263,
            0.7827333487382735,
            0.8001679922650587,
            0.6212410583252345,
            0.6704603978983977,
            0.557081912542592,
            0.5251421209203296,
            0.5579668499418068
        ]
    },
    "cohesion_parameters": {
        "H": {
            "H": 0.77,
            "NH": 0.23
        },
        "NH": {
            "H": 0.52,
            "NH": 0.48
        }
    },
    "alphas": {
        "H": {
            "H": 1,
            "NH": 1
        },
        "NH": {
            "H": 1,
            "NH": 1
        }
    },
    "slate_to_candidates": {
        "H": [
            "H1",
            "H2",
            "H3",
            "H4",
            "H5"
        ],
        "NH": [
            "NH1",
            "NH2",
            "NH3",
            "NH4",
            "NH5"
        ]
    }
}