{
    "bloc_voter_props": {
        "H": [
            0.20828133598144985,
            0.3473325369769943,
            0.37645024916391423,
            0.19129916388974522,
            0.5154509616901972,
            0.35970962436493265,
            0.38043692921125893,
            0.44332037473711045
        ],
        "NH": [
            0.7917186640185502,
            0.6526674630230057,
            0.6235497508360858,
            0.8087008361102548,
            0.4845490383098028,
            0.6402903756350673,
            0.6195630707887411,
            0.5566796252628895
        ]
    },
    "cohesion_parameters": {
        "H": {
            "H": 0.77,
            "NH": 0.23
        },
        "NH": {
            "H": 0.52,
            "NH": 0.48
        }
    },
    "alphas": {
        "H": {
            "H": 1,
            "NH": 1
        },
        "NH": {
            "H": 1,
            "NH": 1
        }
    },
    "slate_to_candidates": {
        "H": [
            "H1",
            "H2",
            "H3",
            "H4",
            "H5"
        ],
        "NH": [
            "NH1",
            "NH2",
            "NH3",
            "NH4",
            "NH5"
        ]
    }
}