{
    "bloc_voter_props": {
        "H": [
            0.27911109173066756,
            0.2820032724300673,
            0.37723746943992675,
            0.21002719189042637,
            0.26316592168138636,
            0.4899588922759182,
            0.4389595275948442,
            0.48247750508570214
        ],
        "NH": [
            0.7208889082693325,
            0.7179967275699327,
            0.6227625305600732,
            0.7899728081095736,
            0.7368340783186137,
            0.5100411077240817,
            0.5610404724051559,
            0.5175224949142978
        ]
    },
    "cohesion_parameters": {
        "H": {
            "H": 0.77,
            "NH": 0.23
        },
        "NH": {
            "H": 0.52,
            "NH": 0.48
        }
    },
    "alphas": {
        "H": {
            "H": 1,
            "NH": 1
        },
        "NH": {
            "H": 1,
            "NH": 1
        }
    },
    "slate_to_candidates": {
        "H": [
            "H1",
            "H2",
            "H3",
            "H4",
            "H5"
        ],
        "NH": [
            "NH1",
            "NH2",
            "NH3",
            "NH4",
            "NH5"
        ]
    }
}