{
    "bloc_voter_props": {
        "H": [
            0.49933320627614625,
            0.24716751146481963,
            0.30808463372130607,
            0.2752503284701411,
            0.3569329551859322,
            0.18770539691813334,
            0.5255658195382185,
            0.4463992269153141
        ],
        "NH": [
            0.5006667937238538,
            0.7528324885351804,
            0.691915366278694,
            0.7247496715298589,
            0.6430670448140678,
            0.8122946030818666,
            0.47443418046178154,
            0.5536007730846859
        ]
    },
    "cohesion_parameters": {
        "H": {
            "H": 0.77,
            "NH": 0.23
        },
        "NH": {
            "H": 0.52,
            "NH": 0.48
        }
    },
    "alphas": {
        "H": {
            "H": 1,
            "NH": 1
        },
        "NH": {
            "H": 1,
            "NH": 1
        }
    },
    "slate_to_candidates": {
        "H": [
            "H1",
            "H2",
            "H3",
            "H4",
            "H5"
        ],
        "NH": [
            "NH1",
            "NH2",
            "NH3",
            "NH4",
            "NH5"
        ]
    }
}