{
    "bloc_voter_props": {
        "H": [
            0.19203789408214683,
            0.25176241131337024,
            0.346515762739178,
            0.4539127197260725,
            0.4386348106501073,
            0.31099663674609485,
            0.5331209990665217,
            0.3033737133082216
        ],
        "NH": [
            0.8079621059178532,
            0.7482375886866298,
            0.653484237260822,
            0.5460872802739275,
            0.5613651893498927,
            0.6890033632539052,
            0.4668790009334783,
            0.6966262866917784
        ]
    },
    "cohesion_parameters": {
        "H": {
            "H": 0.77,
            "NH": 0.23
        },
        "NH": {
            "H": 0.52,
            "NH": 0.48
        }
    },
    "alphas": {
        "H": {
            "H": 1,
            "NH": 1
        },
        "NH": {
            "H": 1,
            "NH": 1
        }
    },
    "slate_to_candidates": {
        "H": [
            "H1",
            "H2",
            "H3",
            "H4",
            "H5"
        ],
        "NH": [
            "NH1",
            "NH2",
            "NH3",
            "NH4",
            "NH5"
        ]
    }
}