{
    "bloc_voter_props": {
        "H": [
            0.4022639489434751,
            0.19441364877471728,
            0.3873169168414825,
            0.2982562501938931,
            0.49171666629917943,
            0.4812953681080012,
            0.3837785335747284,
            0.2075929704901348
        ],
        "NH": [
            0.5977360510565249,
            0.8055863512252827,
            0.6126830831585175,
            0.7017437498061069,
            0.5082833337008206,
            0.5187046318919988,
            0.6162214664252715,
            0.7924070295098652
        ]
    },
    "cohesion_parameters": {
        "H": {
            "H": 0.77,
            "NH": 0.23
        },
        "NH": {
            "H": 0.52,
            "NH": 0.48
        }
    },
    "alphas": {
        "H": {
            "H": 1,
            "NH": 1
        },
        "NH": {
            "H": 1,
            "NH": 1
        }
    },
    "slate_to_candidates": {
        "H": [
            "H1",
            "H2",
            "H3",
            "H4",
            "H5"
        ],
        "NH": [
            "NH1",
            "NH2",
            "NH3",
            "NH4",
            "NH5"
        ]
    }
}