{
    "bloc_voter_props": {
        "H": [
            0.254447741230049,
            0.28892731608630295,
            0.4051378247973217,
            0.23347342539383023,
            0.26316592168138636,
            0.46166349101578713,
            0.4389595275948442,
            0.48247750508570214
        ],
        "NH": [
            0.745552258769951,
            0.711072683913697,
            0.5948621752026783,
            0.7665265746061698,
            0.7368340783186137,
            0.5383365089842128,
            0.5610404724051559,
            0.5175224949142978
        ]
    },
    "cohesion_parameters": {
        "H": {
            "H": 0.77,
            "NH": 0.23
        },
        "NH": {
            "H": 0.52,
            "NH": 0.48
        }
    },
    "alphas": {
        "H": {
            "H": 1,
            "NH": 1
        },
        "NH": {
            "H": 1,
            "NH": 1
        }
    },
    "slate_to_candidates": {
        "H": [
            "H1",
            "H2",
            "H3",
            "H4",
            "H5"
        ],
        "NH": [
            "NH1",
            "NH2",
            "NH3",
            "NH4",
            "NH5"
        ]
    }
}