{
    "bloc_voter_props": {
        "H": [
            0.5065266698394968,
            0.21311114319783572,
            0.3331796212082373,
            0.438027034298509,
            0.281873667707991,
            0.2791968855368282,
            0.353029571905593,
            0.42831319825208586
        ],
        "NH": [
            0.4934733301605032,
            0.7868888568021642,
            0.6668203787917627,
            0.561972965701491,
            0.718126332292009,
            0.7208031144631718,
            0.646970428094407,
            0.5716868017479142
        ]
    },
    "cohesion_parameters": {
        "H": {
            "H": 0.77,
            "NH": 0.23
        },
        "NH": {
            "H": 0.52,
            "NH": 0.48
        }
    },
    "alphas": {
        "H": {
            "H": 1,
            "NH": 1
        },
        "NH": {
            "H": 1,
            "NH": 1
        }
    },
    "slate_to_candidates": {
        "H": [
            "H1",
            "H2",
            "H3",
            "H4",
            "H5"
        ],
        "NH": [
            "NH1",
            "NH2",
            "NH3",
            "NH4",
            "NH5"
        ]
    }
}