{
    "bloc_voter_props": {
        "H": [
            0.3780086006049863,
            0.39013371897100096,
            0.5005993118528208,
            0.41893330353923425,
            0.20011721833810164,
            0.1899445371033894,
            0.43630819594013504,
            0.3398060487769142
        ],
        "NH": [
            0.6219913993950137,
            0.609866281028999,
            0.49940068814717925,
            0.5810666964607657,
            0.7998827816618983,
            0.8100554628966106,
            0.563691804059865,
            0.6601939512230858
        ]
    },
    "cohesion_parameters": {
        "H": {
            "H": 0.77,
            "NH": 0.23
        },
        "NH": {
            "H": 0.52,
            "NH": 0.48
        }
    },
    "alphas": {
        "H": {
            "H": 1,
            "NH": 1
        },
        "NH": {
            "H": 1,
            "NH": 1
        }
    },
    "slate_to_candidates": {
        "H": [
            "H1",
            "H2",
            "H3",
            "H4",
            "H5"
        ],
        "NH": [
            "NH1",
            "NH2",
            "NH3",
            "NH4",
            "NH5"
        ]
    }
}