{
    "bloc_voter_props": {
        "H": [
            0.4733101288084938,
            0.20521498947034064,
            0.3556939749484868,
            0.2207558049947498,
            0.3576923337909882,
            0.40406196541599126,
            0.47085939782438513,
            0.33932405883419486
        ],
        "NH": [
            0.5266898711915062,
            0.7947850105296593,
            0.6443060250515132,
            0.7792441950052502,
            0.6423076662090118,
            0.5959380345840087,
            0.5291406021756149,
            0.6606759411658052
        ]
    },
    "cohesion_parameters": {
        "H": {
            "H": 0.77,
            "NH": 0.23
        },
        "NH": {
            "H": 0.52,
            "NH": 0.48
        }
    },
    "alphas": {
        "H": {
            "H": 1,
            "NH": 1
        },
        "NH": {
            "H": 1,
            "NH": 1
        }
    },
    "slate_to_candidates": {
        "H": [
            "H1",
            "H2",
            "H3",
            "H4",
            "H5"
        ],
        "NH": [
            "NH1",
            "NH2",
            "NH3",
            "NH4",
            "NH5"
        ]
    }
}