{
    "bloc_voter_props": {
        "H": [
            0.33262372471155316,
            0.18346382326903696,
            0.38062140354285307,
            0.29812306746846784,
            0.46989830157146745,
            0.44949700858794805,
            0.5184875282199872,
            0.19652845592309356
        ],
        "NH": [
            0.6673762752884469,
            0.816536176730963,
            0.619378596457147,
            0.7018769325315322,
            0.5301016984285326,
            0.550502991412052,
            0.4815124717800128,
            0.8034715440769065
        ]
    },
    "cohesion_parameters": {
        "H": {
            "H": 0.77,
            "NH": 0.23
        },
        "NH": {
            "H": 0.52,
            "NH": 0.48
        }
    },
    "alphas": {
        "H": {
            "H": 1,
            "NH": 1
        },
        "NH": {
            "H": 1,
            "NH": 1
        }
    },
    "slate_to_candidates": {
        "H": [
            "H1",
            "H2",
            "H3",
            "H4",
            "H5"
        ],
        "NH": [
            "NH1",
            "NH2",
            "NH3",
            "NH4",
            "NH5"
        ]
    }
}