{
    "bloc_voter_props": {
        "H": [
            0.46687997556365857,
            0.2773538046894314,
            0.46023820753163763,
            0.3597579689150891,
            0.2600299752093696,
            0.45238420750701,
            0.35417834678055543,
            0.20100441253037257
        ],
        "NH": [
            0.5331200244363414,
            0.7226461953105686,
            0.5397617924683623,
            0.640242031084911,
            0.7399700247906305,
            0.54761579249299,
            0.6458216532194446,
            0.7989955874696274
        ]
    },
    "cohesion_parameters": {
        "H": {
            "H": 0.77,
            "NH": 0.23
        },
        "NH": {
            "H": 0.52,
            "NH": 0.48
        }
    },
    "alphas": {
        "H": {
            "H": 1,
            "NH": 1
        },
        "NH": {
            "H": 1,
            "NH": 1
        }
    },
    "slate_to_candidates": {
        "H": [
            "H1",
            "H2",
            "H3",
            "H4",
            "H5"
        ],
        "NH": [
            "NH1",
            "NH2",
            "NH3",
            "NH4",
            "NH5"
        ]
    }
}