{
    "bloc_voter_props": {
        "H": [
            0.33226430901119997,
            0.2123939610898801,
            0.5501285770803113,
            0.3152842398643186,
            0.23412441833264847,
            0.34406322673303635,
            0.4589138174783,
            0.39231989362106384
        ],
        "NH": [
            0.6677356909888,
            0.7876060389101199,
            0.4498714229196888,
            0.6847157601356814,
            0.7658755816673515,
            0.6559367732669636,
            0.5410861825216999,
            0.6076801063789362
        ]
    },
    "cohesion_parameters": {
        "H": {
            "H": 0.77,
            "NH": 0.23
        },
        "NH": {
            "H": 0.52,
            "NH": 0.48
        }
    },
    "alphas": {
        "H": {
            "H": 1,
            "NH": 1
        },
        "NH": {
            "H": 1,
            "NH": 1
        }
    },
    "slate_to_candidates": {
        "H": [
            "H1",
            "H2",
            "H3",
            "H4",
            "H5"
        ],
        "NH": [
            "NH1",
            "NH2",
            "NH3",
            "NH4",
            "NH5"
        ]
    }
}