{
    "bloc_voter_props": {
        "H": [
            0.4061117635593531,
            0.43181318643119687,
            0.19397584764515538,
            0.31747170387096113,
            0.32612729923508615,
            0.2069601623878047,
            0.5327970155191424,
            0.43825683560408
        ],
        "NH": [
            0.5938882364406469,
            0.5681868135688032,
            0.8060241523548446,
            0.6825282961290389,
            0.6738727007649138,
            0.7930398376121953,
            0.4672029844808576,
            0.56174316439592
        ]
    },
    "cohesion_parameters": {
        "H": {
            "H": 0.77,
            "NH": 0.23
        },
        "NH": {
            "H": 0.52,
            "NH": 0.48
        }
    },
    "alphas": {
        "H": {
            "H": 1,
            "NH": 1
        },
        "NH": {
            "H": 1,
            "NH": 1
        }
    },
    "slate_to_candidates": {
        "H": [
            "H1",
            "H2",
            "H3",
            "H4",
            "H5"
        ],
        "NH": [
            "NH1",
            "NH2",
            "NH3",
            "NH4",
            "NH5"
        ]
    }
}