{
    "bloc_voter_props": {
        "H": [
            0.343948279371737,
            0.47170003584231207,
            0.21263643498744694,
            0.4690578244201715,
            0.19280650337501823,
            0.3686869114748543,
            0.4281891531837368,
            0.33358769464559457
        ],
        "NH": [
            0.656051720628263,
            0.5282999641576879,
            0.787363565012553,
            0.5309421755798285,
            0.8071934966249817,
            0.6313130885251457,
            0.5718108468162632,
            0.6664123053544054
        ]
    },
    "cohesion_parameters": {
        "H": {
            "H": 0.77,
            "NH": 0.23
        },
        "NH": {
            "H": 0.52,
            "NH": 0.48
        }
    },
    "alphas": {
        "H": {
            "H": 1,
            "NH": 1
        },
        "NH": {
            "H": 1,
            "NH": 1
        }
    },
    "slate_to_candidates": {
        "H": [
            "H1",
            "H2",
            "H3",
            "H4",
            "H5"
        ],
        "NH": [
            "NH1",
            "NH2",
            "NH3",
            "NH4",
            "NH5"
        ]
    }
}