{
    "bloc_voter_props": {
        "H": [
            0.2953095762227716,
            0.19441364877471728,
            0.3873169168414825,
            0.48624716513062916,
            0.4261590539379839,
            0.47289345206061006,
            0.3837785335747284,
            0.2075929704901348
        ],
        "NH": [
            0.7046904237772285,
            0.8055863512252827,
            0.6126830831585175,
            0.5137528348693708,
            0.5738409460620161,
            0.5271065479393899,
            0.6162214664252715,
            0.7924070295098652
        ]
    },
    "cohesion_parameters": {
        "H": {
            "H": 0.77,
            "NH": 0.23
        },
        "NH": {
            "H": 0.52,
            "NH": 0.48
        }
    },
    "alphas": {
        "H": {
            "H": 1,
            "NH": 1
        },
        "NH": {
            "H": 1,
            "NH": 1
        }
    },
    "slate_to_candidates": {
        "H": [
            "H1",
            "H2",
            "H3",
            "H4",
            "H5"
        ],
        "NH": [
            "NH1",
            "NH2",
            "NH3",
            "NH4",
            "NH5"
        ]
    }
}