{
    "bloc_voter_props": {
        "H": [
            0.3417187688095852,
            0.20690443991586835,
            0.34538011128199103,
            0.37801247612329514,
            0.1916182621538767,
            0.3853221289975386,
            0.5263671105802449,
            0.46192993634845364
        ],
        "NH": [
            0.6582812311904148,
            0.7930955600841316,
            0.654619888718009,
            0.6219875238767049,
            0.8083817378461233,
            0.6146778710024614,
            0.47363288941975507,
            0.5380700636515463
        ]
    },
    "cohesion_parameters": {
        "H": {
            "H": 0.77,
            "NH": 0.23
        },
        "NH": {
            "H": 0.52,
            "NH": 0.48
        }
    },
    "alphas": {
        "H": {
            "H": 1,
            "NH": 1
        },
        "NH": {
            "H": 1,
            "NH": 1
        }
    },
    "slate_to_candidates": {
        "H": [
            "H1",
            "H2",
            "H3",
            "H4",
            "H5"
        ],
        "NH": [
            "NH1",
            "NH2",
            "NH3",
            "NH4",
            "NH5"
        ]
    }
}