{
    "bloc_voter_props": {
        "H": [
            0.3572710206706286,
            0.4480959805501969,
            0.41237475166277965,
            0.4159431558613119,
            0.2790513344159784,
            0.6131378522467631,
            0.3576332743969091,
            0.3737406098383008,
            262868.0,
            102612.0,
            81640.0,
            47762.0,
            147832.0,
            188548.0,
            187020.0,
            50043.0,
            242526.0,
            107421.0,
            51248.0,
            81476.0,
            105442.0,
            181775.0,
            86371.0,
            141941.0,
            197362.0,
            98098.0,
            239998.0,
            271129.0,
            345895.0,
            188506.0,
            189612.0,
            129975.0,
            75786.0,
            87229.0,
            163703.0,
            83824.0,
            76343.0,
            205046.0,
            164946.0,
            195580.0,
            171627.0,
            193727.0,
            133061.0,
            256788.0,
            67436.0,
            87510.0,
            93617.0,
            67428.0,
            167472.0,
            138135.0,
            75186.0,
            130470.0,
            85185.0,
            70094.0,
            47921.0,
            230601.0,
            136858.0,
            159993.0,
            73061.0,
            56808.0,
            136845.0,
            80856.0,
            108445.0,
            157719.0,
            90798.0,
            135599.0,
            197086.0,
            193309.0,
            171649.0,
            157143.0,
            189436.0,
            70912.0,
            57141.0,
            218140.0,
            51504.0,
            95090.0,
            83495.0,
            141941.0,
            80978.0,
            55360.0
        ],
        "NH": [
            0.6427289793293713,
            0.5519040194498032,
            0.5876252483372203,
            0.5840568441386881,
            0.7209486655840216,
            0.38686214775323685,
            0.6423667256030909,
            0.6262593901616992,
            106236.0,
            266017.0,
            302432.0,
            351309.0,
            255345.0,
            203177.0,
            180841.0,
            347089.0,
            150814.0,
            263251.0,
            327790.0,
            300462.0,
            264202.0,
            220927.0,
            283762.0,
            246768.0,
            183322.0,
            281114.0,
            128672.0,
            127291.0,
            52415.0,
            212791.0,
            199149.0,
            251745.0,
            298394.0,
            312519.0,
            230880.0,
            310656.0,
            304635.0,
            193336.0,
            219217.0,
            202977.0,
            231665.0,
            189533.0,
            259509.0,
            134512.0,
            302028.0,
            316873.0,
            285507.0,
            299925.0,
            205446.0,
            259928.0,
            322634.0,
            241906.0,
            292390.0,
            319869.0,
            332464.0,
            137722.0,
            267305.0,
            213574.0,
            308502.0,
            342056.0,
            238189.0,
            288712.0,
            290923.0,
            222240.0,
            286855.0,
            240952.0,
            198892.0,
            178651.0,
            230240.0,
            245913.0,
            215118.0,
            306607.0,
            331738.0,
            166063.0,
            342673.0,
            300267.0,
            295547.0,
            247768.0,
            290574.0,
            321924.0
        ]
    },
    "cohesion_parameters": {
        "H": {
            "H": 0.77,
            "NH": 0.23
        },
        "NH": {
            "H": 0.52,
            "NH": 0.48
        }
    },
    "alphas": {
        "H": {
            "H": 1,
            "NH": 1
        },
        "NH": {
            "H": 1,
            "NH": 1
        }
    },
    "slate_to_candidates": {
        "H": [
            "H1",
            "H2",
            "H3",
            "H4",
            "H5"
        ],
        "NH": [
            "NH1",
            "NH2",
            "NH3",
            "NH4",
            "NH5"
        ]
    }
}