{
    "bloc_voter_props": {
        "H": [
            0.4666147483078764,
            0.5020360361975269,
            0.44310375919717737,
            0.21528045791469116,
            0.26830741387326756,
            0.19651818125474757,
            0.3680977606756574,
            0.3723566568584377
        ],
        "NH": [
            0.5333852516921236,
            0.4979639638024731,
            0.5568962408028226,
            0.7847195420853088,
            0.7316925861267325,
            0.8034818187452524,
            0.6319022393243425,
            0.6276433431415623
        ]
    },
    "cohesion_parameters": {
        "H": {
            "H": 0.77,
            "NH": 0.23
        },
        "NH": {
            "H": 0.52,
            "NH": 0.48
        }
    },
    "alphas": {
        "H": {
            "H": 1,
            "NH": 1
        },
        "NH": {
            "H": 1,
            "NH": 1
        }
    },
    "slate_to_candidates": {
        "H": [
            "H1",
            "H2",
            "H3",
            "H4",
            "H5"
        ],
        "NH": [
            "NH1",
            "NH2",
            "NH3",
            "NH4",
            "NH5"
        ]
    }
}