{
    "bloc_voter_props": {
        "H": [
            0.42741341436728025,
            0.4299879778413049,
            0.4854103074552927,
            0.3754969409051478,
            0.19525740021106314,
            0.37725099475445134,
            0.34370156732201107,
            0.20855484075769676
        ],
        "NH": [
            0.5725865856327198,
            0.5700120221586952,
            0.5145896925447073,
            0.6245030590948522,
            0.8047425997889369,
            0.6227490052455487,
            0.6562984326779889,
            0.7914451592423033
        ]
    },
    "cohesion_parameters": {
        "H": {
            "H": 0.77,
            "NH": 0.23
        },
        "NH": {
            "H": 0.52,
            "NH": 0.48
        }
    },
    "alphas": {
        "H": {
            "H": 1,
            "NH": 1
        },
        "NH": {
            "H": 1,
            "NH": 1
        }
    },
    "slate_to_candidates": {
        "H": [
            "H1",
            "H2",
            "H3",
            "H4",
            "H5"
        ],
        "NH": [
            "NH1",
            "NH2",
            "NH3",
            "NH4",
            "NH5"
        ]
    }
}