{
    "bloc_voter_props": {
        "H": [
            0.3637862573865495,
            0.2094780226641744,
            0.22172904544739738,
            0.3881094315681729,
            0.5067970678199314,
            0.4360973695299741,
            0.3734700444146735,
            0.3392850711975742
        ],
        "NH": [
            0.6362137426134504,
            0.7905219773358256,
            0.7782709545526026,
            0.6118905684318271,
            0.49320293218006866,
            0.5639026304700259,
            0.6265299555853264,
            0.6607149288024259
        ]
    },
    "cohesion_parameters": {
        "H": {
            "H": 0.77,
            "NH": 0.23
        },
        "NH": {
            "H": 0.52,
            "NH": 0.48
        }
    },
    "alphas": {
        "H": {
            "H": 1,
            "NH": 1
        },
        "NH": {
            "H": 1,
            "NH": 1
        }
    },
    "slate_to_candidates": {
        "H": [
            "H1",
            "H2",
            "H3",
            "H4",
            "H5"
        ],
        "NH": [
            "NH1",
            "NH2",
            "NH3",
            "NH4",
            "NH5"
        ]
    }
}