{
    "bloc_voter_props": {
        "H": [
            0.17864351055181274,
            0.31658593338008795,
            0.31621635296498685,
            0.4591545780855086,
            0.4431940948255217,
            0.5619847833278201,
            0.33437999390709927,
            0.4605525782661198,
            195246.0,
            105150.0,
            56461.0,
            71361.0,
            159050.0,
            178409.0,
            188888.0,
            123761.0,
            171907.0,
            100760.0,
            54069.0,
            114421.0,
            94243.0,
            188670.0,
            128988.0,
            148151.0,
            132063.0,
            106354.0,
            119944.0,
            45273.0,
            350264.0,
            188581.0,
            144636.0,
            179768.0,
            85303.0,
            58985.0,
            78596.0,
            107557.0,
            81753.0,
            57566.0,
            232619.0,
            228087.0,
            229867.0,
            199689.0,
            113593.0,
            158601.0,
            103133.0,
            84856.0,
            88413.0,
            66929.0,
            121940.0,
            177458.0,
            38568.0,
            189549.0,
            50090.0,
            125068.0,
            67004.0,
            178500.0,
            94900.0,
            169719.0,
            82092.0,
            137176.0,
            156970.0,
            118684.0,
            68834.0,
            161507.0,
            193227.0,
            258296.0,
            208860.0,
            136196.0,
            140017.0,
            258835.0,
            178479.0,
            83285.0,
            71170.0,
            64526.0,
            69882.0,
            180511.0,
            236477.0,
            264243.0,
            71221.0,
            84064.0
        ],
        "NH": [
            0.8213564894481873,
            0.683414066619912,
            0.6837836470350132,
            0.5408454219144915,
            0.5568059051744784,
            0.43801521667217996,
            0.6656200060929007,
            0.5394474217338803,
            186519.0,
            264434.0,
            321675.0,
            318755.0,
            232213.0,
            205188.0,
            183524.0,
            255280.0,
            223142.0,
            297251.0,
            326793.0,
            284873.0,
            287497.0,
            181838.0,
            266627.0,
            222231.0,
            272169.0,
            278873.0,
            255524.0,
            353328.0,
            46374.0,
            203088.0,
            247320.0,
            192687.0,
            316784.0,
            340367.0,
            293819.0,
            294626.0,
            284331.0,
            333984.0,
            159644.0,
            142176.0,
            153155.0,
            203114.0,
            275866.0,
            245646.0,
            289813.0,
            301375.0,
            288672.0,
            313776.0,
            265395.0,
            205204.0,
            337917.0,
            194936.0,
            322292.0,
            262120.0,
            306592.0,
            189388.0,
            303948.0,
            227406.0,
            289541.0,
            265408.0,
            242740.0,
            251874.0,
            320028.0,
            213653.0,
            182025.0,
            143356.0,
            172483.0,
            261708.0,
            247531.0,
            124785.0,
            197057.0,
            308931.0,
            306411.0,
            317230.0,
            308632.0,
            198949.0,
            164372.0,
            120865.0,
            306081.0,
            306129.0
        ]
    },
    "cohesion_parameters": {
        "H": {
            "H": 0.77,
            "NH": 0.23
        },
        "NH": {
            "H": 0.52,
            "NH": 0.48
        }
    },
    "alphas": {
        "H": {
            "H": 1,
            "NH": 1
        },
        "NH": {
            "H": 1,
            "NH": 1
        }
    },
    "slate_to_candidates": {
        "H": [
            "H1",
            "H2",
            "H3",
            "H4",
            "H5"
        ],
        "NH": [
            "NH1",
            "NH2",
            "NH3",
            "NH4",
            "NH5"
        ]
    }
}