{
    "bloc_voter_props": {
        "H": [
            0.36085986028743244,
            0.36925247610487066,
            0.21637055038431932,
            0.29812306746846784,
            0.5071572922486351,
            0.4103507820710815,
            0.49379320603602317,
            0.1793667179796551
        ],
        "NH": [
            0.6391401397125676,
            0.6307475238951293,
            0.7836294496156807,
            0.7018769325315322,
            0.49284270775136485,
            0.5896492179289186,
            0.5062067939639768,
            0.8206332820203449
        ]
    },
    "cohesion_parameters": {
        "H": {
            "H": 0.77,
            "NH": 0.23
        },
        "NH": {
            "H": 0.52,
            "NH": 0.48
        }
    },
    "alphas": {
        "H": {
            "H": 1,
            "NH": 1
        },
        "NH": {
            "H": 1,
            "NH": 1
        }
    },
    "slate_to_candidates": {
        "H": [
            "H1",
            "H2",
            "H3",
            "H4",
            "H5"
        ],
        "NH": [
            "NH1",
            "NH2",
            "NH3",
            "NH4",
            "NH5"
        ]
    }
}