{
    "bloc_voter_props": {
        "H": [
            0.17665724626902674,
            0.8814199739835094,
            0.2994223808815509,
            0.48728659595855117,
            0.3416112022001113,
            0.6169701630099856,
            0.36263447648871155,
            0.42915831048172554,
            113613.0,
            79893.0,
            98780.0,
            44190.0,
            265923.0,
            179287.0,
            176799.0,
            178419.0,
            145878.0,
            176651.0,
            65939.0,
            86842.0,
            67252.0,
            203145.0,
            120211.0,
            86719.0,
            112719.0,
            108172.0,
            209019.0,
            73691.0,
            226343.0,
            88651.0,
            136513.0,
            179768.0,
            107363.0,
            72838.0,
            148094.0,
            191078.0,
            153066.0,
            96187.0,
            91045.0,
            228087.0,
            190853.0,
            199689.0,
            151272.0,
            207385.0,
            73360.0,
            93621.0,
            87233.0,
            51553.0,
            168805.0,
            90201.0,
            43365.0,
            116390.0,
            57580.0,
            60386.0,
            61476.0,
            201861.0,
            92313.0,
            158641.0,
            85660.0,
            67552.0,
            196166.0,
            110259.0,
            83995.0,
            175075.0,
            192915.0,
            228077.0,
            234889.0,
            84201.0,
            163060.0,
            242091.0,
            151754.0,
            94705.0,
            120143.0,
            198715.0,
            67926.0,
            122299.0,
            119015.0,
            178272.0,
            154279.0,
            44249.0
        ],
        "NH": [
            0.8233427537309733,
            0.1185800260164906,
            0.7005776191184491,
            0.5127134040414488,
            0.6583887977998887,
            0.38302983699001436,
            0.6373655235112885,
            0.5708416895182745,
            278455.0,
            288285.0,
            291530.0,
            339266.0,
            128654.0,
            198291.0,
            199678.0,
            225876.0,
            234746.0,
            224585.0,
            324439.0,
            302749.0,
            322159.0,
            182204.0,
            257365.0,
            284106.0,
            264794.0,
            285605.0,
            180820.0,
            309329.0,
            164406.0,
            289191.0,
            261978.0,
            192687.0,
            296106.0,
            328063.0,
            222684.0,
            181504.0,
            249939.0,
            305736.0,
            290670.0,
            142176.0,
            197205.0,
            203114.0,
            221417.0,
            187171.0,
            322040.0,
            276222.0,
            281453.0,
            332885.0,
            207176.0,
            313911.0,
            325780.0,
            254948.0,
            315006.0,
            312807.0,
            335961.0,
            164776.0,
            303119.0,
            244650.0,
            314726.0,
            330385.0,
            198882.0,
            268550.0,
            282440.0,
            215264.0,
            173933.0,
            146042.0,
            160879.0,
            284996.0,
            232471.0,
            133200.0,
            222688.0,
            292045.0,
            261916.0,
            199244.0,
            300329.0,
            264077.0,
            264972.0,
            190361.0,
            217115.0,
            358139.0
        ]
    },
    "cohesion_parameters": {
        "H": {
            "H": 0.77,
            "NH": 0.23
        },
        "NH": {
            "H": 0.52,
            "NH": 0.48
        }
    },
    "alphas": {
        "H": {
            "H": 1,
            "NH": 1
        },
        "NH": {
            "H": 1,
            "NH": 1
        }
    },
    "slate_to_candidates": {
        "H": [
            "H1",
            "H2",
            "H3",
            "H4",
            "H5"
        ],
        "NH": [
            "NH1",
            "NH2",
            "NH3",
            "NH4",
            "NH5"
        ]
    }
}