{
    "bloc_voter_props": {
        "H": [
            0.35222512808100037,
            0.49555641390982685,
            0.20589356697006297,
            0.42206461796585876,
            0.39524657498945975,
            0.35579329546775823,
            0.20723811161795613,
            0.3983544395073762
        ],
        "NH": [
            0.6477748719189996,
            0.5044435860901731,
            0.794106433029937,
            0.5779353820341413,
            0.6047534250105402,
            0.6442067045322418,
            0.7927618883820439,
            0.6016455604926239
        ]
    },
    "cohesion_parameters": {
        "H": {
            "H": 0.77,
            "NH": 0.23
        },
        "NH": {
            "H": 0.52,
            "NH": 0.48
        }
    },
    "alphas": {
        "H": {
            "H": 1,
            "NH": 1
        },
        "NH": {
            "H": 1,
            "NH": 1
        }
    },
    "slate_to_candidates": {
        "H": [
            "H1",
            "H2",
            "H3",
            "H4",
            "H5"
        ],
        "NH": [
            "NH1",
            "NH2",
            "NH3",
            "NH4",
            "NH5"
        ]
    }
}