{
    "bloc_voter_props": {
        "H": [
            0.19084412062645184,
            0.46794510312637305,
            0.2052442767362449,
            0.43346989134937475,
            0.35399918872590713,
            0.5110991867997333,
            0.26435855334280334,
            0.40782985712563813
        ],
        "NH": [
            0.8091558793735482,
            0.532054896873627,
            0.7947557232637551,
            0.5665301086506253,
            0.6460008112740929,
            0.4889008132002666,
            0.7356414466571967,
            0.5921701428743619
        ]
    },
    "cohesion_parameters": {
        "H": {
            "H": 0.77,
            "NH": 0.23
        },
        "NH": {
            "H": 0.52,
            "NH": 0.48
        }
    },
    "alphas": {
        "H": {
            "H": 1,
            "NH": 1
        },
        "NH": {
            "H": 1,
            "NH": 1
        }
    },
    "slate_to_candidates": {
        "H": [
            "H1",
            "H2",
            "H3",
            "H4",
            "H5"
        ],
        "NH": [
            "NH1",
            "NH2",
            "NH3",
            "NH4",
            "NH5"
        ]
    }
}