{
    "bloc_voter_props": {
        "H": [
            0.20105553611843757,
            0.35861924038433235,
            0.3837444826916842,
            0.21495999071046296,
            0.4613796793254313,
            0.4873810456911794,
            0.3577914040071752,
            0.3723271835510081
        ],
        "NH": [
            0.7989444638815624,
            0.6413807596156677,
            0.6162555173083157,
            0.785040009289537,
            0.5386203206745687,
            0.5126189543088207,
            0.6422085959928249,
            0.6276728164489919
        ]
    },
    "cohesion_parameters": {
        "H": {
            "H": 0.77,
            "NH": 0.23
        },
        "NH": {
            "H": 0.52,
            "NH": 0.48
        }
    },
    "alphas": {
        "H": {
            "H": 1,
            "NH": 1
        },
        "NH": {
            "H": 1,
            "NH": 1
        }
    },
    "slate_to_candidates": {
        "H": [
            "H1",
            "H2",
            "H3",
            "H4",
            "H5"
        ],
        "NH": [
            "NH1",
            "NH2",
            "NH3",
            "NH4",
            "NH5"
        ]
    }
}