{
    "bloc_voter_props": {
        "H": [
            0.4025432250419885,
            0.16783526637897003,
            0.5501420417524564,
            0.25661985659456726,
            0.37678313507197453,
            0.28488812305834704,
            0.13362996179325548,
            0.15288411110358308,
            157071.0,
            64350.0,
            100417.0,
            92578.0,
            131028.0,
            139754.0,
            140051.0,
            116909.0,
            104549.0,
            188225.0,
            86343.0,
            60245.0,
            62167.0,
            246640.0,
            215356.0,
            51496.0,
            84411.0,
            46158.0,
            121312.0,
            125531.0,
            186901.0,
            165356.0,
            121403.0,
            112407.0,
            96076.0,
            96369.0,
            83271.0,
            144671.0,
            37156.0,
            70987.0,
            133925.0,
            177968.0,
            219769.0,
            205292.0,
            267990.0,
            79109.0,
            222728.0,
            52951.0,
            45861.0,
            148727.0,
            178930.0,
            138006.0,
            62843.0,
            307073.0,
            98943.0,
            262416.0,
            46261.0,
            200525.0,
            92974.0,
            111383.0,
            212896.0,
            130913.0,
            230120.0,
            122241.0,
            66265.0,
            328511.0,
            165068.0,
            242921.0,
            189119.0,
            154648.0,
            170782.0,
            136335.0,
            159590.0,
            127079.0,
            62317.0,
            199407.0,
            93556.0,
            173033.0,
            199925.0,
            109291.0,
            162171.0,
            104334.0
        ],
        "NH": [
            0.5974567749580115,
            0.8321647336210299,
            0.4498579582475436,
            0.7433801434054328,
            0.6232168649280254,
            0.7151118769416529,
            0.8663700382067445,
            0.8471158888964169,
            232553.0,
            330001.0,
            292258.0,
            279286.0,
            265574.0,
            229860.0,
            262827.0,
            269729.0,
            277438.0,
            209718.0,
            296688.0,
            330130.0,
            337935.0,
            134454.0,
            187362.0,
            332406.0,
            301003.0,
            322881.0,
            253691.0,
            244022.0,
            216327.0,
            202522.0,
            274892.0,
            283026.0,
            277685.0,
            274422.0,
            292025.0,
            233304.0,
            352950.0,
            319753.0,
            249432.0,
            190483.0,
            179164.0,
            174707.0,
            129068.0,
            303838.0,
            148202.0,
            325311.0,
            335560.0,
            232032.0,
            215231.0,
            261447.0,
            317526.0,
            81979.0,
            271174.0,
            108840.0,
            327188.0,
            168248.0,
            301386.0,
            282417.0,
            190142.0,
            241580.0,
            153799.0,
            256648.0,
            304695.0,
            71127.0,
            217492.0,
            160112.0,
            205600.0,
            247179.0,
            232744.0,
            264860.0,
            222006.0,
            239058.0,
            335617.0,
            201460.0,
            302816.0,
            216669.0,
            166637.0,
            262120.0,
            241013.0,
            263513.0
        ]
    },
    "cohesion_parameters": {
        "H": {
            "H": 0.77,
            "NH": 0.23
        },
        "NH": {
            "H": 0.52,
            "NH": 0.48
        }
    },
    "alphas": {
        "H": {
            "H": 1,
            "NH": 1
        },
        "NH": {
            "H": 1,
            "NH": 1
        }
    },
    "slate_to_candidates": {
        "H": [
            "H1",
            "H2",
            "H3",
            "H4",
            "H5"
        ],
        "NH": [
            "NH1",
            "NH2",
            "NH3",
            "NH4",
            "NH5"
        ]
    }
}