{
    "bloc_voter_props": {
        "H": [
            0.3224081496079199,
            0.466031246135871,
            0.3439668508569836,
            0.3852553658102884,
            0.479454421602877,
            0.19360378125667962,
            0.44086123969157914,
            0.20328783315258078
        ],
        "NH": [
            0.67759185039208,
            0.533968753864129,
            0.6560331491430164,
            0.6147446341897116,
            0.520545578397123,
            0.8063962187433203,
            0.5591387603084208,
            0.7967121668474192
        ]
    },
    "cohesion_parameters": {
        "H": {
            "H": 0.77,
            "NH": 0.23
        },
        "NH": {
            "H": 0.52,
            "NH": 0.48
        }
    },
    "alphas": {
        "H": {
            "H": 1,
            "NH": 1
        },
        "NH": {
            "H": 1,
            "NH": 1
        }
    },
    "slate_to_candidates": {
        "H": [
            "H1",
            "H2",
            "H3",
            "H4",
            "H5"
        ],
        "NH": [
            "NH1",
            "NH2",
            "NH3",
            "NH4",
            "NH5"
        ]
    }
}