{
    "bloc_voter_props": {
        "H": [
            0.5415998524721982,
            0.39029941406897495,
            0.2988913538694009,
            0.4069821624431109,
            0.19731058789378028,
            0.20031423277215438,
            0.4699240130449475,
            0.3399572105631147
        ],
        "NH": [
            0.45840014752780184,
            0.609700585931025,
            0.7011086461305991,
            0.5930178375568891,
            0.8026894121062197,
            0.7996857672278456,
            0.5300759869550524,
            0.6600427894368853
        ]
    },
    "cohesion_parameters": {
        "H": {
            "H": 0.77,
            "NH": 0.23
        },
        "NH": {
            "H": 0.52,
            "NH": 0.48
        }
    },
    "alphas": {
        "H": {
            "H": 1,
            "NH": 1
        },
        "NH": {
            "H": 1,
            "NH": 1
        }
    },
    "slate_to_candidates": {
        "H": [
            "H1",
            "H2",
            "H3",
            "H4",
            "H5"
        ],
        "NH": [
            "NH1",
            "NH2",
            "NH3",
            "NH4",
            "NH5"
        ]
    }
}