{
    "bloc_voter_props": {
        "H": [
            0.5209113445950769,
            0.4542093616648133,
            0.19370052973665394,
            0.45278696902277993,
            0.35543571870476615,
            0.3223519799088411,
            0.2121663604374393,
            0.3364460679393664
        ],
        "NH": [
            0.47908865540492307,
            0.5457906383351867,
            0.806299470263346,
            0.5472130309772201,
            0.6445642812952338,
            0.6776480200911589,
            0.7878336395625607,
            0.6635539320606336
        ]
    },
    "cohesion_parameters": {
        "H": {
            "H": 0.77,
            "NH": 0.23
        },
        "NH": {
            "H": 0.52,
            "NH": 0.48
        }
    },
    "alphas": {
        "H": {
            "H": 1,
            "NH": 1
        },
        "NH": {
            "H": 1,
            "NH": 1
        }
    },
    "slate_to_candidates": {
        "H": [
            "H1",
            "H2",
            "H3",
            "H4",
            "H5"
        ],
        "NH": [
            "NH1",
            "NH2",
            "NH3",
            "NH4",
            "NH5"
        ]
    }
}