{
    "bloc_voter_props": {
        "H": [
            0.21649905910003306,
            0.19338393647488938,
            0.3897445861627622,
            0.3637862380155441,
            0.45453420632335667,
            0.3678310210911183,
            0.36461699309820433,
            0.4854166342558416
        ],
        "NH": [
            0.7835009408999669,
            0.8066160635251106,
            0.6102554138372378,
            0.6362137619844559,
            0.5454657936766434,
            0.6321689789088817,
            0.6353830069017957,
            0.5145833657441584
        ]
    },
    "cohesion_parameters": {
        "H": {
            "H": 0.77,
            "NH": 0.23
        },
        "NH": {
            "H": 0.52,
            "NH": 0.48
        }
    },
    "alphas": {
        "H": {
            "H": 1,
            "NH": 1
        },
        "NH": {
            "H": 1,
            "NH": 1
        }
    },
    "slate_to_candidates": {
        "H": [
            "H1",
            "H2",
            "H3",
            "H4",
            "H5"
        ],
        "NH": [
            "NH1",
            "NH2",
            "NH3",
            "NH4",
            "NH5"
        ]
    }
}