{
    "bloc_voter_props": {
        "H": [
            0.362314774277533,
            0.21772641696650952,
            0.3897445861627622,
            0.3541399936429839,
            0.47525797793021174,
            0.34739310194199696,
            0.21221160002136655,
            0.4854166342558416
        ],
        "NH": [
            0.637685225722467,
            0.7822735830334905,
            0.6102554138372378,
            0.6458600063570161,
            0.5247420220697883,
            0.652606898058003,
            0.7877883999786335,
            0.5145833657441584
        ]
    },
    "cohesion_parameters": {
        "H": {
            "H": 0.77,
            "NH": 0.23
        },
        "NH": {
            "H": 0.52,
            "NH": 0.48
        }
    },
    "alphas": {
        "H": {
            "H": 1,
            "NH": 1
        },
        "NH": {
            "H": 1,
            "NH": 1
        }
    },
    "slate_to_candidates": {
        "H": [
            "H1",
            "H2",
            "H3",
            "H4",
            "H5"
        ],
        "NH": [
            "NH1",
            "NH2",
            "NH3",
            "NH4",
            "NH5"
        ]
    }
}