{
    "bloc_voter_props": {
        "H": [
            0.2717959866345478,
            0.21816126105337988,
            0.4856189810871417,
            0.35564685606843405,
            0.349043876683223,
            0.2260222759513513,
            0.46329327011393373,
            0.478685681394159
        ],
        "NH": [
            0.7282040133654522,
            0.7818387389466201,
            0.5143810189128583,
            0.644353143931566,
            0.650956123316777,
            0.7739777240486487,
            0.5367067298860663,
            0.521314318605841
        ]
    },
    "cohesion_parameters": {
        "H": {
            "H": 0.77,
            "NH": 0.23
        },
        "NH": {
            "H": 0.52,
            "NH": 0.48
        }
    },
    "alphas": {
        "H": {
            "H": 1,
            "NH": 1
        },
        "NH": {
            "H": 1,
            "NH": 1
        }
    },
    "slate_to_candidates": {
        "H": [
            "H1",
            "H2",
            "H3",
            "H4",
            "H5"
        ],
        "NH": [
            "NH1",
            "NH2",
            "NH3",
            "NH4",
            "NH5"
        ]
    }
}