{
    "bloc_voter_props": {
        "H": [
            0.47744567816636274,
            0.40320379371713433,
            0.1845002945338785,
            0.4605557411814444,
            0.506924696692887,
            0.2069601623878047,
            0.3419348638948222,
            0.2752187060389871
        ],
        "NH": [
            0.5225543218336373,
            0.5967962062828657,
            0.8154997054661215,
            0.5394442588185556,
            0.493075303307113,
            0.7930398376121953,
            0.6580651361051778,
            0.7247812939610129
        ]
    },
    "cohesion_parameters": {
        "H": {
            "H": 0.77,
            "NH": 0.23
        },
        "NH": {
            "H": 0.52,
            "NH": 0.48
        }
    },
    "alphas": {
        "H": {
            "H": 1,
            "NH": 1
        },
        "NH": {
            "H": 1,
            "NH": 1
        }
    },
    "slate_to_candidates": {
        "H": [
            "H1",
            "H2",
            "H3",
            "H4",
            "H5"
        ],
        "NH": [
            "NH1",
            "NH2",
            "NH3",
            "NH4",
            "NH5"
        ]
    }
}