{
    "bloc_voter_props": {
        "H": [
            0.3348201557225264,
            0.1834589633387639,
            0.38062140354285307,
            0.29812306746846784,
            0.4111898959917429,
            0.5072557125053502,
            0.5184875282199872,
            0.19652845592309356
        ],
        "NH": [
            0.6651798442774737,
            0.8165410366612361,
            0.619378596457147,
            0.7018769325315322,
            0.5888101040082572,
            0.4927442874946498,
            0.4815124717800128,
            0.8034715440769065
        ]
    },
    "cohesion_parameters": {
        "H": {
            "H": 0.77,
            "NH": 0.23
        },
        "NH": {
            "H": 0.52,
            "NH": 0.48
        }
    },
    "alphas": {
        "H": {
            "H": 1,
            "NH": 1
        },
        "NH": {
            "H": 1,
            "NH": 1
        }
    },
    "slate_to_candidates": {
        "H": [
            "H1",
            "H2",
            "H3",
            "H4",
            "H5"
        ],
        "NH": [
            "NH1",
            "NH2",
            "NH3",
            "NH4",
            "NH5"
        ]
    }
}