{
    "bloc_voter_props": {
        "H": [
            0.17864351055181274,
            0.31658593338008795,
            0.5243066234414469,
            0.4591545780855086,
            0.45498270316198336,
            0.5623273092634946,
            0.33437999390709927,
            0.34655844382675693,
            180584.0,
            103557.0,
            56461.0,
            47762.0,
            159050.0,
            241539.0,
            196853.0,
            71056.0,
            171907.0,
            100760.0,
            112803.0,
            100063.0,
            93249.0,
            169842.0,
            197591.0,
            148151.0,
            132063.0,
            109079.0,
            192065.0,
            45450.0,
            345206.0,
            116460.0,
            76735.0,
            179768.0,
            66185.0,
            129978.0,
            78596.0,
            159164.0,
            81753.0,
            47166.0,
            217052.0,
            179908.0,
            245479.0,
            199104.0,
            117874.0,
            168458.0,
            72693.0,
            92648.0,
            50476.0,
            66614.0,
            168915.0,
            125137.0,
            75063.0,
            189549.0,
            83496.0,
            77476.0,
            62721.0,
            227272.0,
            109299.0,
            163946.0,
            91028.0,
            138131.0,
            207464.0,
            118938.0,
            83135.0,
            166676.0,
            95290.0,
            248625.0,
            158552.0,
            160797.0,
            140017.0,
            264422.0,
            188920.0,
            82142.0,
            81389.0,
            90256.0,
            60447.0,
            180511.0,
            258686.0,
            133710.0,
            71852.0,
            83280.0
        ],
        "NH": [
            0.8213564894481873,
            0.683414066619912,
            0.4756933765585532,
            0.5408454219144915,
            0.5450172968380166,
            0.43767269073650533,
            0.6656200060929007,
            0.6534415561732431,
            192640.0,
            276948.0,
            321675.0,
            351309.0,
            232213.0,
            154442.0,
            190049.0,
            328555.0,
            223142.0,
            297251.0,
            285513.0,
            300303.0,
            276385.0,
            234735.0,
            180971.0,
            222231.0,
            272169.0,
            269827.0,
            199816.0,
            352208.0,
            53765.0,
            258796.0,
            291886.0,
            192687.0,
            314604.0,
            271493.0,
            293819.0,
            207876.0,
            284331.0,
            329427.0,
            179945.0,
            194728.0,
            139316.0,
            204546.0,
            252698.0,
            216756.0,
            331521.0,
            278444.0,
            332199.0,
            301008.0,
            223336.0,
            257375.0,
            323202.0,
            194936.0,
            292028.0,
            308598.0,
            331168.0,
            139103.0,
            263214.0,
            233604.0,
            305022.0,
            262015.0,
            165861.0,
            249477.0,
            320330.0,
            204661.0,
            276931.0,
            138282.0,
            244604.0,
            217997.0,
            247531.0,
            123345.0,
            199910.0,
            292767.0,
            298645.0,
            312162.0,
            319233.0,
            198949.0,
            135574.0,
            259178.0,
            304408.0,
            303294.0
        ]
    },
    "cohesion_parameters": {
        "H": {
            "H": 0.77,
            "NH": 0.23
        },
        "NH": {
            "H": 0.52,
            "NH": 0.48
        }
    },
    "alphas": {
        "H": {
            "H": 1,
            "NH": 1
        },
        "NH": {
            "H": 1,
            "NH": 1
        }
    },
    "slate_to_candidates": {
        "H": [
            "H1",
            "H2",
            "H3",
            "H4",
            "H5"
        ],
        "NH": [
            "NH1",
            "NH2",
            "NH3",
            "NH4",
            "NH5"
        ]
    }
}