{
    "bloc_voter_props": {
        "H": [
            0.4353116849334592,
            0.42153166195200054,
            0.3998359086209438,
            0.458572753629952,
            0.20472873735389518,
            0.37171139325471325,
            0.34370156732201107,
            0.1991928992434185
        ],
        "NH": [
            0.5646883150665408,
            0.5784683380479995,
            0.6001640913790562,
            0.541427246370048,
            0.7952712626461048,
            0.6282886067452867,
            0.6562984326779889,
            0.8008071007565816
        ]
    },
    "cohesion_parameters": {
        "H": {
            "H": 0.77,
            "NH": 0.23
        },
        "NH": {
            "H": 0.52,
            "NH": 0.48
        }
    },
    "alphas": {
        "H": {
            "H": 1,
            "NH": 1
        },
        "NH": {
            "H": 1,
            "NH": 1
        }
    },
    "slate_to_candidates": {
        "H": [
            "H1",
            "H2",
            "H3",
            "H4",
            "H5"
        ],
        "NH": [
            "NH1",
            "NH2",
            "NH3",
            "NH4",
            "NH5"
        ]
    }
}