{
    "bloc_voter_props": {
        "H": [
            0.39763451585003656,
            0.2123939610898801,
            0.36147674401855295,
            0.3152842398643186,
            0.23412441833264847,
            0.34406322673303635,
            0.4589138174783,
            0.5204688180131046
        ],
        "NH": [
            0.6023654841499635,
            0.7876060389101199,
            0.6385232559814471,
            0.6847157601356814,
            0.7658755816673515,
            0.6559367732669636,
            0.5410861825216999,
            0.47953118198689537
        ]
    },
    "cohesion_parameters": {
        "H": {
            "H": 0.77,
            "NH": 0.23
        },
        "NH": {
            "H": 0.52,
            "NH": 0.48
        }
    },
    "alphas": {
        "H": {
            "H": 1,
            "NH": 1
        },
        "NH": {
            "H": 1,
            "NH": 1
        }
    },
    "slate_to_candidates": {
        "H": [
            "H1",
            "H2",
            "H3",
            "H4",
            "H5"
        ],
        "NH": [
            "NH1",
            "NH2",
            "NH3",
            "NH4",
            "NH5"
        ]
    }
}