{
    "bloc_voter_props": {
        "H": [
            0.343948279371737,
            0.34352350074613514,
            0.19694802440432338,
            0.48486101962522676,
            0.4500436456477973,
            0.5007337019425228,
            0.2932615236255006,
            0.20300233377252122
        ],
        "NH": [
            0.656051720628263,
            0.6564764992538649,
            0.8030519755956766,
            0.5151389803747732,
            0.5499563543522027,
            0.49926629805747724,
            0.7067384763744994,
            0.7969976662274788
        ]
    },
    "cohesion_parameters": {
        "H": {
            "H": 0.77,
            "NH": 0.23
        },
        "NH": {
            "H": 0.52,
            "NH": 0.48
        }
    },
    "alphas": {
        "H": {
            "H": 1,
            "NH": 1
        },
        "NH": {
            "H": 1,
            "NH": 1
        }
    },
    "slate_to_candidates": {
        "H": [
            "H1",
            "H2",
            "H3",
            "H4",
            "H5"
        ],
        "NH": [
            "NH1",
            "NH2",
            "NH3",
            "NH4",
            "NH5"
        ]
    }
}