{
    "bloc_voter_props": {
        "H": [
            0.3878327517960707,
            0.34226526742486657,
            0.19917286377415688,
            0.4142258754336156,
            0.3451940144264079,
            0.4766047999484124,
            0.2136696662907459,
            0.4497815038205952
        ],
        "NH": [
            0.6121672482039293,
            0.6577347325751335,
            0.8008271362258431,
            0.5857741245663844,
            0.654805985573592,
            0.5233952000515876,
            0.7863303337092541,
            0.5502184961794048
        ]
    },
    "cohesion_parameters": {
        "H": {
            "H": 0.77,
            "NH": 0.23
        },
        "NH": {
            "H": 0.52,
            "NH": 0.48
        }
    },
    "alphas": {
        "H": {
            "H": 1,
            "NH": 1
        },
        "NH": {
            "H": 1,
            "NH": 1
        }
    },
    "slate_to_candidates": {
        "H": [
            "H1",
            "H2",
            "H3",
            "H4",
            "H5"
        ],
        "NH": [
            "NH1",
            "NH2",
            "NH3",
            "NH4",
            "NH5"
        ]
    }
}