{
    "bloc_voter_props": {
        "H": [
            0.5606506762374904,
            0.2174644813847224,
            0.34538011128199103,
            0.37124455482547286,
            0.18600453428442973,
            0.4312746201838663,
            0.3135495312010626,
            0.40988912673596756
        ],
        "NH": [
            0.43934932376250957,
            0.7825355186152776,
            0.654619888718009,
            0.6287554451745271,
            0.8139954657155702,
            0.5687253798161337,
            0.6864504687989375,
            0.5901108732640324
        ]
    },
    "cohesion_parameters": {
        "H": {
            "H": 0.77,
            "NH": 0.23
        },
        "NH": {
            "H": 0.52,
            "NH": 0.48
        }
    },
    "alphas": {
        "H": {
            "H": 1,
            "NH": 1
        },
        "NH": {
            "H": 1,
            "NH": 1
        }
    },
    "slate_to_candidates": {
        "H": [
            "H1",
            "H2",
            "H3",
            "H4",
            "H5"
        ],
        "NH": [
            "NH1",
            "NH2",
            "NH3",
            "NH4",
            "NH5"
        ]
    }
}