{
    "bloc_voter_props": {
        "H": [
            0.19153937895048065,
            0.22438418090176313,
            0.40010355172901213,
            0.36061793356613275,
            0.47810311398802297,
            0.33514167591530264,
            0.3577914040071752,
            0.4854166342558416
        ],
        "NH": [
            0.8084606210495193,
            0.7756158190982368,
            0.5998964482709879,
            0.6393820664338673,
            0.521896886011977,
            0.6648583240846974,
            0.6422085959928249,
            0.5145833657441584
        ]
    },
    "cohesion_parameters": {
        "H": {
            "H": 0.77,
            "NH": 0.23
        },
        "NH": {
            "H": 0.52,
            "NH": 0.48
        }
    },
    "alphas": {
        "H": {
            "H": 1,
            "NH": 1
        },
        "NH": {
            "H": 1,
            "NH": 1
        }
    },
    "slate_to_candidates": {
        "H": [
            "H1",
            "H2",
            "H3",
            "H4",
            "H5"
        ],
        "NH": [
            "NH1",
            "NH2",
            "NH3",
            "NH4",
            "NH5"
        ]
    }
}