{
    "bloc_voter_props": {
        "H": [
            0.480152731174857,
            0.33153732771043243,
            0.5008053718439405,
            0.31696546627318295,
            0.20059285813136193,
            0.4535720081496789,
            0.3429949420909087,
            0.20100441253037257
        ],
        "NH": [
            0.519847268825143,
            0.6684626722895676,
            0.49919462815605953,
            0.6830345337268171,
            0.799407141868638,
            0.5464279918503211,
            0.6570050579090913,
            0.7989955874696274
        ]
    },
    "cohesion_parameters": {
        "H": {
            "H": 0.77,
            "NH": 0.23
        },
        "NH": {
            "H": 0.52,
            "NH": 0.48
        }
    },
    "alphas": {
        "H": {
            "H": 1,
            "NH": 1
        },
        "NH": {
            "H": 1,
            "NH": 1
        }
    },
    "slate_to_candidates": {
        "H": [
            "H1",
            "H2",
            "H3",
            "H4",
            "H5"
        ],
        "NH": [
            "NH1",
            "NH2",
            "NH3",
            "NH4",
            "NH5"
        ]
    }
}