{
    "bloc_voter_props": {
        "H": [
            0.482525306615549,
            0.40176888304903297,
            0.5203718526038141,
            0.28922354209545226,
            0.21616981986579237,
            0.38230983652058964,
            0.35607194788896884,
            0.20181594825362464
        ],
        "NH": [
            0.5174746933844511,
            0.598231116950967,
            0.4796281473961858,
            0.7107764579045477,
            0.7838301801342077,
            0.6176901634794104,
            0.6439280521110312,
            0.7981840517463754
        ]
    },
    "cohesion_parameters": {
        "H": {
            "H": 0.77,
            "NH": 0.23
        },
        "NH": {
            "H": 0.52,
            "NH": 0.48
        }
    },
    "alphas": {
        "H": {
            "H": 1,
            "NH": 1
        },
        "NH": {
            "H": 1,
            "NH": 1
        }
    },
    "slate_to_candidates": {
        "H": [
            "H1",
            "H2",
            "H3",
            "H4",
            "H5"
        ],
        "NH": [
            "NH1",
            "NH2",
            "NH3",
            "NH4",
            "NH5"
        ]
    }
}