{
    "bloc_voter_props": {
        "H": [
            0.3224081496079199,
            0.5020360361975269,
            0.44313104623481536,
            0.3852553658102884,
            0.39965010523103933,
            0.19360378125667962,
            0.37479411161255466,
            0.20579716790667874
        ],
        "NH": [
            0.67759185039208,
            0.4979639638024731,
            0.5568689537651846,
            0.6147446341897116,
            0.6003498947689606,
            0.8063962187433203,
            0.6252058883874454,
            0.7942028320933212
        ]
    },
    "cohesion_parameters": {
        "H": {
            "H": 0.77,
            "NH": 0.23
        },
        "NH": {
            "H": 0.52,
            "NH": 0.48
        }
    },
    "alphas": {
        "H": {
            "H": 1,
            "NH": 1
        },
        "NH": {
            "H": 1,
            "NH": 1
        }
    },
    "slate_to_candidates": {
        "H": [
            "H1",
            "H2",
            "H3",
            "H4",
            "H5"
        ],
        "NH": [
            "NH1",
            "NH2",
            "NH3",
            "NH4",
            "NH5"
        ]
    }
}