{
    "bloc_voter_props": {
        "H": [
            0.4691603688865538,
            0.18440019618632916,
            0.22828572782109968,
            0.29869037516401153,
            0.4594391072496149,
            0.4237696594446557,
            0.4131493181422122,
            0.3677193119620838
        ],
        "NH": [
            0.5308396311134462,
            0.8155998038136708,
            0.7717142721789003,
            0.7013096248359885,
            0.5405608927503851,
            0.5762303405553443,
            0.5868506818577878,
            0.6322806880379163
        ]
    },
    "cohesion_parameters": {
        "H": {
            "H": 0.77,
            "NH": 0.23
        },
        "NH": {
            "H": 0.52,
            "NH": 0.48
        }
    },
    "alphas": {
        "H": {
            "H": 1,
            "NH": 1
        },
        "NH": {
            "H": 1,
            "NH": 1
        }
    },
    "slate_to_candidates": {
        "H": [
            "H1",
            "H2",
            "H3",
            "H4",
            "H5"
        ],
        "NH": [
            "NH1",
            "NH2",
            "NH3",
            "NH4",
            "NH5"
        ]
    }
}