{
    "bloc_voter_props": {
        "H": [
            0.38846839456791366,
            0.2094780226641744,
            0.21717700864836972,
            0.5228115852739007,
            0.3473454024018641,
            0.33089300903988683,
            0.47801044042697216,
            0.33981387720376477
        ],
        "NH": [
            0.6115316054320864,
            0.7905219773358256,
            0.7828229913516302,
            0.47718841472609935,
            0.6526545975981358,
            0.6691069909601132,
            0.5219895595730278,
            0.6601861227962352
        ]
    },
    "cohesion_parameters": {
        "H": {
            "H": 0.77,
            "NH": 0.23
        },
        "NH": {
            "H": 0.52,
            "NH": 0.48
        }
    },
    "alphas": {
        "H": {
            "H": 1,
            "NH": 1
        },
        "NH": {
            "H": 1,
            "NH": 1
        }
    },
    "slate_to_candidates": {
        "H": [
            "H1",
            "H2",
            "H3",
            "H4",
            "H5"
        ],
        "NH": [
            "NH1",
            "NH2",
            "NH3",
            "NH4",
            "NH5"
        ]
    }
}