{
    "bloc_voter_props": {
        "H": [
            0.5415998524721982,
            0.3791804061776288,
            0.2988913538694009,
            0.1956032577041911,
            0.19614407681873672,
            0.42598688764586273,
            0.4488984036414208,
            0.3399572105631147
        ],
        "NH": [
            0.45840014752780184,
            0.6208195938223712,
            0.7011086461305991,
            0.8043967422958089,
            0.8038559231812633,
            0.5740131123541373,
            0.5511015963585791,
            0.6600427894368853
        ]
    },
    "cohesion_parameters": {
        "H": {
            "H": 0.77,
            "NH": 0.23
        },
        "NH": {
            "H": 0.52,
            "NH": 0.48
        }
    },
    "alphas": {
        "H": {
            "H": 1,
            "NH": 1
        },
        "NH": {
            "H": 1,
            "NH": 1
        }
    },
    "slate_to_candidates": {
        "H": [
            "H1",
            "H2",
            "H3",
            "H4",
            "H5"
        ],
        "NH": [
            "NH1",
            "NH2",
            "NH3",
            "NH4",
            "NH5"
        ]
    }
}