{
    "bloc_voter_props": {
        "H": [
            0.5159723312187582,
            0.4305033365329883,
            0.21528007304612923,
            0.20975534093846734,
            0.3438805278512075,
            0.45505240075811304,
            0.33634200720107643,
            0.3243354930156207
        ],
        "NH": [
            0.4840276687812418,
            0.5694966634670117,
            0.7847199269538707,
            0.7902446590615326,
            0.6561194721487925,
            0.544947599241887,
            0.6636579927989236,
            0.6756645069843793
        ]
    },
    "cohesion_parameters": {
        "H": {
            "H": 0.77,
            "NH": 0.23
        },
        "NH": {
            "H": 0.52,
            "NH": 0.48
        }
    },
    "alphas": {
        "H": {
            "H": 1,
            "NH": 1
        },
        "NH": {
            "H": 1,
            "NH": 1
        }
    },
    "slate_to_candidates": {
        "H": [
            "H1",
            "H2",
            "H3",
            "H4",
            "H5"
        ],
        "NH": [
            "NH1",
            "NH2",
            "NH3",
            "NH4",
            "NH5"
        ]
    }
}