{
    "bloc_voter_props": {
        "H": [
            0.4708408313720845,
            0.355646570922792,
            0.3541935012808109,
            0.4644100196122241,
            0.22931915162503755,
            0.4288424623657554,
            0.353029571905593,
            0.16769954786628383
        ],
        "NH": [
            0.5291591686279156,
            0.6443534290772079,
            0.6458064987191892,
            0.5355899803877758,
            0.7706808483749624,
            0.5711575376342446,
            0.646970428094407,
            0.8323004521337162
        ]
    },
    "cohesion_parameters": {
        "H": {
            "H": 0.77,
            "NH": 0.23
        },
        "NH": {
            "H": 0.52,
            "NH": 0.48
        }
    },
    "alphas": {
        "H": {
            "H": 1,
            "NH": 1
        },
        "NH": {
            "H": 1,
            "NH": 1
        }
    },
    "slate_to_candidates": {
        "H": [
            "H1",
            "H2",
            "H3",
            "H4",
            "H5"
        ],
        "NH": [
            "NH1",
            "NH2",
            "NH3",
            "NH4",
            "NH5"
        ]
    }
}