{
    "bloc_voter_props": {
        "H": [
            0.35282276554944136,
            0.4973093040416866,
            0.3882132542994902,
            0.18897937661120226,
            0.2742392065085214,
            0.2798400249668239,
            0.32634419127179476,
            0.5182334312701673
        ],
        "NH": [
            0.6471772344505586,
            0.5026906959583134,
            0.6117867457005097,
            0.8110206233887978,
            0.7257607934914786,
            0.7201599750331761,
            0.6736558087282053,
            0.4817665687298327
        ]
    },
    "cohesion_parameters": {
        "H": {
            "H": 0.77,
            "NH": 0.23
        },
        "NH": {
            "H": 0.52,
            "NH": 0.48
        }
    },
    "alphas": {
        "H": {
            "H": 1,
            "NH": 1
        },
        "NH": {
            "H": 1,
            "NH": 1
        }
    },
    "slate_to_candidates": {
        "H": [
            "H1",
            "H2",
            "H3",
            "H4",
            "H5"
        ],
        "NH": [
            "NH1",
            "NH2",
            "NH3",
            "NH4",
            "NH5"
        ]
    }
}