{
    "bloc_voter_props": {
        "H": [
            0.42569670999569015,
            0.3996145431357105,
            0.4006213419185707,
            0.4086857188622638,
            0.20073475985516434,
            0.2143573698055042,
            0.3890685950547495,
            0.40819668332674197
        ],
        "NH": [
            0.5743032900043099,
            0.6003854568642895,
            0.5993786580814293,
            0.5913142811377362,
            0.7992652401448357,
            0.7856426301944958,
            0.6109314049452504,
            0.591803316673258
        ]
    },
    "cohesion_parameters": {
        "H": {
            "H": 0.77,
            "NH": 0.23
        },
        "NH": {
            "H": 0.52,
            "NH": 0.48
        }
    },
    "alphas": {
        "H": {
            "H": 1,
            "NH": 1
        },
        "NH": {
            "H": 1,
            "NH": 1
        }
    },
    "slate_to_candidates": {
        "H": [
            "H1",
            "H2",
            "H3",
            "H4",
            "H5"
        ],
        "NH": [
            "NH1",
            "NH2",
            "NH3",
            "NH4",
            "NH5"
        ]
    }
}