{
    "bloc_voter_props": {
        "H": [
            0.44659741507943146,
            0.21437508106740163,
            0.5493877289826565,
            0.34443170142499724,
            0.2756623218539108,
            0.19877885274934012,
            0.4698251117250612,
            0.326247058438717
        ],
        "NH": [
            0.5534025849205686,
            0.7856249189325983,
            0.45061227101734347,
            0.6555682985750028,
            0.7243376781460892,
            0.8012211472506598,
            0.5301748882749389,
            0.673752941561283
        ]
    },
    "cohesion_parameters": {
        "H": {
            "H": 0.77,
            "NH": 0.23
        },
        "NH": {
            "H": 0.52,
            "NH": 0.48
        }
    },
    "alphas": {
        "H": {
            "H": 1,
            "NH": 1
        },
        "NH": {
            "H": 1,
            "NH": 1
        }
    },
    "slate_to_candidates": {
        "H": [
            "H1",
            "H2",
            "H3",
            "H4",
            "H5"
        ],
        "NH": [
            "NH1",
            "NH2",
            "NH3",
            "NH4",
            "NH5"
        ]
    }
}