{
    "bloc_voter_props": {
        "H": [
            0.33694825428760705,
            0.20097899498110167,
            0.5355391957261756,
            0.13048961724326183,
            0.3783795323091451,
            0.2714303827930723,
            0.3149054640370942,
            0.6420124079100427,
            184464.0,
            112130.0,
            65663.0,
            97470.0,
            141779.0,
            130617.0,
            179525.0,
            105059.0,
            148723.0,
            300780.0,
            79376.0,
            77698.0,
            43376.0,
            191413.0,
            329392.0,
            87124.0,
            131875.0,
            96890.0,
            190465.0,
            67917.0,
            132934.0,
            159559.0,
            207179.0,
            146925.0,
            57870.0,
            91468.0,
            253020.0,
            190000.0,
            50077.0,
            89917.0,
            98981.0,
            179177.0,
            128167.0,
            113628.0,
            184729.0,
            194197.0,
            213498.0,
            65829.0,
            105918.0,
            159774.0,
            161227.0,
            187700.0,
            87598.0,
            115606.0,
            52416.0,
            71473.0,
            194689.0,
            155796.0,
            117715.0,
            179401.0,
            52945.0,
            255696.0,
            186520.0,
            118031.0,
            72420.0,
            122883.0,
            152745.0,
            130952.0,
            151340.0,
            205207.0,
            177702.0,
            83750.0,
            91499.0,
            87842.0,
            50521.0,
            227650.0,
            67686.0,
            264886.0,
            115073.0,
            197186.0,
            48663.0,
            74991.0
        ],
        "NH": [
            0.663051745712393,
            0.7990210050188983,
            0.46446080427382447,
            0.8695103827567382,
            0.6216204676908549,
            0.7285696172069277,
            0.6850945359629058,
            0.35798759208995734,
            206085.0,
            289899.0,
            302293.0,
            302491.0,
            260845.0,
            270266.0,
            188662.0,
            299084.0,
            226533.0,
            84446.0,
            290956.0,
            291879.0,
            350685.0,
            179387.0,
            45452.0,
            296785.0,
            268832.0,
            288082.0,
            189694.0,
            333308.0,
            269677.0,
            207492.0,
            181287.0,
            234175.0,
            342671.0,
            285733.0,
            148474.0,
            182758.0,
            320367.0,
            277958.0,
            295839.0,
            203780.0,
            273655.0,
            290070.0,
            202879.0,
            194670.0,
            152700.0,
            308869.0,
            277299.0,
            223671.0,
            216648.0,
            207298.0,
            299714.0,
            273495.0,
            332101.0,
            302331.0,
            191059.0,
            217789.0,
            284569.0,
            190677.0,
            349624.0,
            117633.0,
            206326.0,
            265288.0,
            313291.0,
            275587.0,
            221330.0,
            251193.0,
            224281.0,
            194935.0,
            224740.0,
            300956.0,
            297756.0,
            279383.0,
            323698.0,
            159493.0,
            323367.0,
            125922.0,
            268196.0,
            173565.0,
            319561.0,
            297616.0
        ]
    },
    "cohesion_parameters": {
        "H": {
            "H": 0.77,
            "NH": 0.23
        },
        "NH": {
            "H": 0.52,
            "NH": 0.48
        }
    },
    "alphas": {
        "H": {
            "H": 1,
            "NH": 1
        },
        "NH": {
            "H": 1,
            "NH": 1
        }
    },
    "slate_to_candidates": {
        "H": [
            "H1",
            "H2",
            "H3",
            "H4",
            "H5"
        ],
        "NH": [
            "NH1",
            "NH2",
            "NH3",
            "NH4",
            "NH5"
        ]
    }
}