{
    "bloc_voter_props": {
        "H": [
            0.4580602978833454,
            0.39752872034978554,
            0.19397584764515538,
            0.4605557411814444,
            0.3528933618818842,
            0.2069601623878047,
            0.5137675611132335,
            0.2752187060389871
        ],
        "NH": [
            0.5419397021166545,
            0.6024712796502144,
            0.8060241523548446,
            0.5394442588185556,
            0.6471066381181158,
            0.7930398376121953,
            0.4862324388867665,
            0.7247812939610129
        ]
    },
    "cohesion_parameters": {
        "H": {
            "H": 0.77,
            "NH": 0.23
        },
        "NH": {
            "H": 0.52,
            "NH": 0.48
        }
    },
    "alphas": {
        "H": {
            "H": 1,
            "NH": 1
        },
        "NH": {
            "H": 1,
            "NH": 1
        }
    },
    "slate_to_candidates": {
        "H": [
            "H1",
            "H2",
            "H3",
            "H4",
            "H5"
        ],
        "NH": [
            "NH1",
            "NH2",
            "NH3",
            "NH4",
            "NH5"
        ]
    }
}