{
    "bloc_voter_props": {
        "H": [
            0.22161523585934972,
            0.5781565327042189,
            0.29998875716730583,
            0.3813609021747318,
            0.3416112022001113,
            0.6169701630099856,
            0.34526843451792744,
            0.42915831048172554,
            113613.0,
            79893.0,
            85044.0,
            44190.0,
            201798.0,
            189443.0,
            176799.0,
            178419.0,
            145878.0,
            176651.0,
            94804.0,
            101287.0,
            94243.0,
            267270.0,
            120211.0,
            119457.0,
            121517.0,
            108172.0,
            119944.0,
            73691.0,
            350876.0,
            92839.0,
            136513.0,
            179768.0,
            91637.0,
            72838.0,
            148094.0,
            191078.0,
            113734.0,
            108825.0,
            62180.0,
            228087.0,
            190853.0,
            199689.0,
            163060.0,
            207385.0,
            73360.0,
            93621.0,
            98732.0,
            77072.0,
            96625.0,
            162381.0,
            43365.0,
            205465.0,
            65905.0,
            76112.0,
            53151.0,
            236246.0,
            92313.0,
            155781.0,
            84401.0,
            112524.0,
            196166.0,
            65494.0,
            56993.0,
            175075.0,
            234882.0,
            217921.0,
            234889.0,
            198715.0,
            151272.0,
            210566.0,
            151754.0,
            62823.0,
            66373.0,
            85460.0,
            69882.0,
            161631.0,
            119015.0,
            161176.0,
            121541.0,
            69295.0
        ],
        "NH": [
            0.7783847641406503,
            0.42184346729578115,
            0.7000112428326941,
            0.6186390978252682,
            0.6583887977998887,
            0.38302983699001436,
            0.6547315654820726,
            0.5708416895182745,
            278455.0,
            288285.0,
            302541.0,
            339266.0,
            183931.0,
            190656.0,
            199678.0,
            225876.0,
            234746.0,
            224585.0,
            300578.0,
            294154.0,
            287497.0,
            126927.0,
            257365.0,
            256625.0,
            280122.0,
            285605.0,
            255524.0,
            309329.0,
            48008.0,
            277216.0,
            261978.0,
            192687.0,
            290149.0,
            328063.0,
            222684.0,
            181504.0,
            282976.0,
            279335.0,
            314531.0,
            142176.0,
            197205.0,
            203114.0,
            232471.0,
            187171.0,
            322040.0,
            276222.0,
            268097.0,
            320062.0,
            307456.0,
            213631.0,
            325780.0,
            180244.0,
            332071.0,
            318764.0,
            318896.0,
            130051.0,
            303119.0,
            234171.0,
            282516.0,
            258425.0,
            198882.0,
            324617.0,
            313737.0,
            215264.0,
            137285.0,
            153677.0,
            160879.0,
            199244.0,
            221417.0,
            178404.0,
            222688.0,
            323220.0,
            318548.0,
            317206.0,
            308632.0,
            231040.0,
            264972.0,
            212146.0,
            244596.0,
            318539.0
        ]
    },
    "cohesion_parameters": {
        "H": {
            "H": 0.77,
            "NH": 0.23
        },
        "NH": {
            "H": 0.52,
            "NH": 0.48
        }
    },
    "alphas": {
        "H": {
            "H": 1,
            "NH": 1
        },
        "NH": {
            "H": 1,
            "NH": 1
        }
    },
    "slate_to_candidates": {
        "H": [
            "H1",
            "H2",
            "H3",
            "H4",
            "H5"
        ],
        "NH": [
            "NH1",
            "NH2",
            "NH3",
            "NH4",
            "NH5"
        ]
    }
}