{
    "bloc_voter_props": {
        "H": [
            0.3628239267814887,
            0.20625434935654885,
            0.32491076221660803,
            0.4959170077243214,
            0.19493560471071847,
            0.3800730304174925,
            0.3856317393205091,
            0.4933778529395729
        ],
        "NH": [
            0.6371760732185113,
            0.7937456506434512,
            0.675089237783392,
            0.5040829922756785,
            0.8050643952892815,
            0.6199269695825075,
            0.6143682606794909,
            0.5066221470604271
        ]
    },
    "cohesion_parameters": {
        "H": {
            "H": 0.77,
            "NH": 0.23
        },
        "NH": {
            "H": 0.52,
            "NH": 0.48
        }
    },
    "alphas": {
        "H": {
            "H": 1,
            "NH": 1
        },
        "NH": {
            "H": 1,
            "NH": 1
        }
    },
    "slate_to_candidates": {
        "H": [
            "H1",
            "H2",
            "H3",
            "H4",
            "H5"
        ],
        "NH": [
            "NH1",
            "NH2",
            "NH3",
            "NH4",
            "NH5"
        ]
    }
}