{
    "bloc_voter_props": {
        "H": [
            0.5143030373727194,
            0.2500920748652359,
            0.32491076221660803,
            0.32393965097921185,
            0.43975174392426514,
            0.20712606026948677,
            0.3134804215941948,
            0.47284213305604667
        ],
        "NH": [
            0.4856969626272806,
            0.7499079251347641,
            0.675089237783392,
            0.6760603490207882,
            0.5602482560757348,
            0.7928739397305132,
            0.6865195784058052,
            0.5271578669439533
        ]
    },
    "cohesion_parameters": {
        "H": {
            "H": 0.77,
            "NH": 0.23
        },
        "NH": {
            "H": 0.52,
            "NH": 0.48
        }
    },
    "alphas": {
        "H": {
            "H": 1,
            "NH": 1
        },
        "NH": {
            "H": 1,
            "NH": 1
        }
    },
    "slate_to_candidates": {
        "H": [
            "H1",
            "H2",
            "H3",
            "H4",
            "H5"
        ],
        "NH": [
            "NH1",
            "NH2",
            "NH3",
            "NH4",
            "NH5"
        ]
    }
}