{
    "bloc_voter_props": {
        "H": [
            0.343948279371737,
            0.42510234061306434,
            0.20631293333708287,
            0.48884512727036,
            0.19280650337501823,
            0.3686869114748543,
            0.42477606118260364,
            0.37545904859509777
        ],
        "NH": [
            0.656051720628263,
            0.5748976593869357,
            0.7936870666629171,
            0.51115487272964,
            0.8071934966249817,
            0.6313130885251457,
            0.5752239388173964,
            0.6245409514049022
        ]
    },
    "cohesion_parameters": {
        "H": {
            "H": 0.77,
            "NH": 0.23
        },
        "NH": {
            "H": 0.52,
            "NH": 0.48
        }
    },
    "alphas": {
        "H": {
            "H": 1,
            "NH": 1
        },
        "NH": {
            "H": 1,
            "NH": 1
        }
    },
    "slate_to_candidates": {
        "H": [
            "H1",
            "H2",
            "H3",
            "H4",
            "H5"
        ],
        "NH": [
            "NH1",
            "NH2",
            "NH3",
            "NH4",
            "NH5"
        ]
    }
}