{
    "bloc_voter_props": {
        "H": [
            0.4207379130012941,
            0.19670790315892442,
            0.4081206559568117,
            0.34538787059112935,
            0.33607443269875087,
            0.45238420750701,
            0.46789191554534515,
            0.20100441253037257
        ],
        "NH": [
            0.579262086998706,
            0.8032920968410756,
            0.5918793440431883,
            0.6546121294088706,
            0.6639255673012492,
            0.54761579249299,
            0.5321080844546549,
            0.7989955874696274
        ]
    },
    "cohesion_parameters": {
        "H": {
            "H": 0.77,
            "NH": 0.23
        },
        "NH": {
            "H": 0.52,
            "NH": 0.48
        }
    },
    "alphas": {
        "H": {
            "H": 1,
            "NH": 1
        },
        "NH": {
            "H": 1,
            "NH": 1
        }
    },
    "slate_to_candidates": {
        "H": [
            "H1",
            "H2",
            "H3",
            "H4",
            "H5"
        ],
        "NH": [
            "NH1",
            "NH2",
            "NH3",
            "NH4",
            "NH5"
        ]
    }
}