{
    "bloc_voter_props": {
        "H": [
            0.39646853380564584,
            0.21437508106740163,
            0.43468535800764535,
            0.5093627537939038,
            0.2756623218539108,
            0.19877885274934012,
            0.4698251117250612,
            0.326247058438717
        ],
        "NH": [
            0.6035314661943542,
            0.7856249189325983,
            0.5653146419923546,
            0.4906372462060961,
            0.7243376781460892,
            0.8012211472506598,
            0.5301748882749389,
            0.673752941561283
        ]
    },
    "cohesion_parameters": {
        "H": {
            "H": 0.77,
            "NH": 0.23
        },
        "NH": {
            "H": 0.52,
            "NH": 0.48
        }
    },
    "alphas": {
        "H": {
            "H": 1,
            "NH": 1
        },
        "NH": {
            "H": 1,
            "NH": 1
        }
    },
    "slate_to_candidates": {
        "H": [
            "H1",
            "H2",
            "H3",
            "H4",
            "H5"
        ],
        "NH": [
            "NH1",
            "NH2",
            "NH3",
            "NH4",
            "NH5"
        ]
    }
}