{
    "bloc_voter_props": {
        "H": [
            0.5143368052053547,
            0.28197063941278827,
            0.6085124074738318,
            0.4958973989406332,
            0.38856267171862446,
            0.631973914206062,
            0.1894978725553325,
            0.45476765271344927,
            154315.0,
            115274.0,
            80340.0,
            47762.0,
            147832.0,
            169512.0,
            151232.0,
            134248.0,
            216965.0,
            277537.0,
            79085.0,
            76974.0,
            95793.0,
            124927.0,
            123288.0,
            72447.0,
            85593.0,
            88481.0,
            190465.0,
            186658.0,
            178856.0,
            122957.0,
            207179.0,
            146925.0,
            49899.0,
            69614.0,
            160372.0,
            115077.0,
            99906.0,
            85126.0,
            79691.0,
            170153.0,
            128167.0,
            90922.0,
            141304.0,
            194197.0,
            79274.0,
            151101.0,
            102227.0,
            53083.0,
            173044.0,
            113598.0,
            70639.0,
            257268.0,
            99241.0,
            76264.0,
            52233.0,
            155796.0,
            85186.0,
            179401.0,
            57409.0,
            228365.0,
            200085.0,
            112608.0,
            50238.0,
            341421.0,
            162405.0,
            189402.0,
            258758.0,
            237683.0,
            171649.0,
            54561.0,
            209319.0,
            127122.0,
            53701.0,
            227650.0,
            50624.0,
            119062.0,
            109352.0,
            121597.0,
            94985.0,
            74991.0
        ],
        "NH": [
            0.48566319479464526,
            0.7180293605872118,
            0.3914875925261682,
            0.5041026010593668,
            0.6114373282813755,
            0.3680260857939381,
            0.8105021274446675,
            0.5452323472865507,
            230342.0,
            261850.0,
            293614.0,
            351309.0,
            255345.0,
            230984.0,
            217226.0,
            259154.0,
            149759.0,
            90517.0,
            302700.0,
            294708.0,
            300062.0,
            241860.0,
            280345.0,
            305464.0,
            288266.0,
            309334.0,
            189694.0,
            199427.0,
            225042.0,
            245535.0,
            181287.0,
            234175.0,
            349403.0,
            331609.0,
            224392.0,
            287608.0,
            266573.0,
            289627.0,
            323335.0,
            207517.0,
            273655.0,
            310229.0,
            250462.0,
            194670.0,
            292817.0,
            218030.0,
            273118.0,
            314973.0,
            222744.0,
            278371.0,
            301085.0,
            122097.0,
            279164.0,
            290662.0,
            335170.0,
            217789.0,
            313316.0,
            190677.0,
            346293.0,
            140738.0,
            178398.0,
            284257.0,
            353542.0,
            48445.0,
            227736.0,
            213331.0,
            131793.0,
            156174.0,
            230240.0,
            340886.0,
            183827.0,
            239374.0,
            324858.0,
            159493.0,
            329748.0,
            272771.0,
            264017.0,
            253893.0,
            299420.0,
            297616.0
        ]
    },
    "cohesion_parameters": {
        "H": {
            "H": 0.77,
            "NH": 0.23
        },
        "NH": {
            "H": 0.52,
            "NH": 0.48
        }
    },
    "alphas": {
        "H": {
            "H": 1,
            "NH": 1
        },
        "NH": {
            "H": 1,
            "NH": 1
        }
    },
    "slate_to_candidates": {
        "H": [
            "H1",
            "H2",
            "H3",
            "H4",
            "H5"
        ],
        "NH": [
            "NH1",
            "NH2",
            "NH3",
            "NH4",
            "NH5"
        ]
    }
}