{
    "bloc_voter_props": {
        "H": [
            0.4392199765772371,
            0.2427258524607137,
            0.3374967028750929,
            0.4561071156892072,
            0.43948096294495403,
            0.2656278217604767,
            0.41425902419696353,
            0.24164405572544878
        ],
        "NH": [
            0.5607800234227629,
            0.7572741475392862,
            0.6625032971249071,
            0.5438928843107927,
            0.5605190370550459,
            0.7343721782395233,
            0.5857409758030365,
            0.7583559442745512
        ]
    },
    "cohesion_parameters": {
        "H": {
            "H": 0.77,
            "NH": 0.23
        },
        "NH": {
            "H": 0.52,
            "NH": 0.48
        }
    },
    "alphas": {
        "H": {
            "H": 1,
            "NH": 1
        },
        "NH": {
            "H": 1,
            "NH": 1
        }
    },
    "slate_to_candidates": {
        "H": [
            "H1",
            "H2",
            "H3",
            "H4",
            "H5"
        ],
        "NH": [
            "NH1",
            "NH2",
            "NH3",
            "NH4",
            "NH5"
        ]
    }
}