{
    "bloc_voter_props": {
        "H": [
            0.24210347397105297,
            0.2481305134186614,
            0.33918126362031636,
            0.31677351104680146,
            0.43877031936393823,
            0.25892249508340304,
            0.4504617491454126,
            0.5438774800999194
        ],
        "NH": [
            0.7578965260289471,
            0.7518694865813386,
            0.6608187363796837,
            0.6832264889531986,
            0.5612296806360618,
            0.741077504916597,
            0.5495382508545874,
            0.4561225199000805
        ]
    },
    "cohesion_parameters": {
        "H": {
            "H": 0.77,
            "NH": 0.23
        },
        "NH": {
            "H": 0.52,
            "NH": 0.48
        }
    },
    "alphas": {
        "H": {
            "H": 1,
            "NH": 1
        },
        "NH": {
            "H": 1,
            "NH": 1
        }
    },
    "slate_to_candidates": {
        "H": [
            "H1",
            "H2",
            "H3",
            "H4",
            "H5"
        ],
        "NH": [
            "NH1",
            "NH2",
            "NH3",
            "NH4",
            "NH5"
        ]
    }
}