{
    "bloc_voter_props": {
        "H": [
            0.37072472940184514,
            0.4955980012927363,
            0.3800770601756187,
            0.20792196596952375,
            0.2339416396529177,
            0.2981144625656951,
            0.3348012893998436,
            0.5089749015529841
        ],
        "NH": [
            0.6292752705981548,
            0.5044019987072637,
            0.6199229398243813,
            0.7920780340304763,
            0.7660583603470823,
            0.7018855374343049,
            0.6651987106001565,
            0.491025098447016
        ]
    },
    "cohesion_parameters": {
        "H": {
            "H": 0.77,
            "NH": 0.23
        },
        "NH": {
            "H": 0.52,
            "NH": 0.48
        }
    },
    "alphas": {
        "H": {
            "H": 1,
            "NH": 1
        },
        "NH": {
            "H": 1,
            "NH": 1
        }
    },
    "slate_to_candidates": {
        "H": [
            "H1",
            "H2",
            "H3",
            "H4",
            "H5"
        ],
        "NH": [
            "NH1",
            "NH2",
            "NH3",
            "NH4",
            "NH5"
        ]
    }
}