{
    "bloc_voter_props": {
        "H": [
            0.4927151506142317,
            0.34226526742486657,
            0.19917286377415688,
            0.47167244698804545,
            0.3451940144264079,
            0.31366045541194654,
            0.2136696662907459,
            0.45096903995987364
        ],
        "NH": [
            0.5072848493857683,
            0.6577347325751335,
            0.8008271362258431,
            0.5283275530119546,
            0.654805985573592,
            0.6863395445880535,
            0.7863303337092541,
            0.5490309600401264
        ]
    },
    "cohesion_parameters": {
        "H": {
            "H": 0.77,
            "NH": 0.23
        },
        "NH": {
            "H": 0.52,
            "NH": 0.48
        }
    },
    "alphas": {
        "H": {
            "H": 1,
            "NH": 1
        },
        "NH": {
            "H": 1,
            "NH": 1
        }
    },
    "slate_to_candidates": {
        "H": [
            "H1",
            "H2",
            "H3",
            "H4",
            "H5"
        ],
        "NH": [
            "NH1",
            "NH2",
            "NH3",
            "NH4",
            "NH5"
        ]
    }
}