{
    "bloc_voter_props": {
        "H": [
            0.34381154502634126,
            0.27257149538963515,
            0.3455699300162821,
            0.3905920229958725,
            0.1916182621538767,
            0.3183177421685147,
            0.5144156387177884,
            0.46405935242961727
        ],
        "NH": [
            0.6561884549736587,
            0.7274285046103649,
            0.6544300699837179,
            0.6094079770041275,
            0.8083817378461233,
            0.6816822578314853,
            0.4855843612822116,
            0.5359406475703827
        ]
    },
    "cohesion_parameters": {
        "H": {
            "H": 0.77,
            "NH": 0.23
        },
        "NH": {
            "H": 0.52,
            "NH": 0.48
        }
    },
    "alphas": {
        "H": {
            "H": 1,
            "NH": 1
        },
        "NH": {
            "H": 1,
            "NH": 1
        }
    },
    "slate_to_candidates": {
        "H": [
            "H1",
            "H2",
            "H3",
            "H4",
            "H5"
        ],
        "NH": [
            "NH1",
            "NH2",
            "NH3",
            "NH4",
            "NH5"
        ]
    }
}