{
    "bloc_voter_props": {
        "H": [
            0.470054674703606,
            0.4157419690466901,
            0.31492463861980685,
            0.23114194413699912,
            0.2339416396529177,
            0.26245337331302654,
            0.4915471145311985,
            0.4031255728445768
        ],
        "NH": [
            0.5299453252963939,
            0.58425803095331,
            0.6850753613801931,
            0.7688580558630009,
            0.7660583603470823,
            0.7375466266869735,
            0.5084528854688015,
            0.5968744271554232
        ]
    },
    "cohesion_parameters": {
        "H": {
            "H": 0.77,
            "NH": 0.23
        },
        "NH": {
            "H": 0.52,
            "NH": 0.48
        }
    },
    "alphas": {
        "H": {
            "H": 1,
            "NH": 1
        },
        "NH": {
            "H": 1,
            "NH": 1
        }
    },
    "slate_to_candidates": {
        "H": [
            "H1",
            "H2",
            "H3",
            "H4",
            "H5"
        ],
        "NH": [
            "NH1",
            "NH2",
            "NH3",
            "NH4",
            "NH5"
        ]
    }
}