{
    "bloc_voter_props": {
        "H": [
            0.3568109726015921,
            0.29677803011884424,
            0.4057211556742628,
            0.404552103870657,
            0.19891550706304026,
            0.4288424623657554,
            0.4777115294600595,
            0.258965026873346
        ],
        "NH": [
            0.6431890273984079,
            0.7032219698811557,
            0.5942788443257372,
            0.595447896129343,
            0.8010844929369597,
            0.5711575376342446,
            0.5222884705399404,
            0.741034973126654
        ]
    },
    "cohesion_parameters": {
        "H": {
            "H": 0.77,
            "NH": 0.23
        },
        "NH": {
            "H": 0.52,
            "NH": 0.48
        }
    },
    "alphas": {
        "H": {
            "H": 1,
            "NH": 1
        },
        "NH": {
            "H": 1,
            "NH": 1
        }
    },
    "slate_to_candidates": {
        "H": [
            "H1",
            "H2",
            "H3",
            "H4",
            "H5"
        ],
        "NH": [
            "NH1",
            "NH2",
            "NH3",
            "NH4",
            "NH5"
        ]
    }
}