{
    "bloc_voter_props": {
        "H": [
            0.47154422327649803,
            0.36914879623785457,
            0.22160491492556936,
            0.187153676737226,
            0.3438805278512075,
            0.47613439707324823,
            0.40787472755722487,
            0.3497703300857693
        ],
        "NH": [
            0.528455776723502,
            0.6308512037621454,
            0.7783950850744307,
            0.812846323262774,
            0.6561194721487925,
            0.5238656029267518,
            0.5921252724427751,
            0.6502296699142307
        ]
    },
    "cohesion_parameters": {
        "H": {
            "H": 0.77,
            "NH": 0.23
        },
        "NH": {
            "H": 0.52,
            "NH": 0.48
        }
    },
    "alphas": {
        "H": {
            "H": 1,
            "NH": 1
        },
        "NH": {
            "H": 1,
            "NH": 1
        }
    },
    "slate_to_candidates": {
        "H": [
            "H1",
            "H2",
            "H3",
            "H4",
            "H5"
        ],
        "NH": [
            "NH1",
            "NH2",
            "NH3",
            "NH4",
            "NH5"
        ]
    }
}