{
    "bloc_voter_props": {
        "H": [
            0.3637862573865495,
            0.3899998742881567,
            0.22172904544739738,
            0.2069320105247114,
            0.5067970678199314,
            0.4360973695299741,
            0.3513038372071423,
            0.3622026930044314
        ],
        "NH": [
            0.6362137426134504,
            0.6100001257118434,
            0.7782709545526026,
            0.7930679894752886,
            0.49320293218006866,
            0.5639026304700259,
            0.6486961627928577,
            0.6377973069955686
        ]
    },
    "cohesion_parameters": {
        "H": {
            "H": 0.77,
            "NH": 0.23
        },
        "NH": {
            "H": 0.52,
            "NH": 0.48
        }
    },
    "alphas": {
        "H": {
            "H": 1,
            "NH": 1
        },
        "NH": {
            "H": 1,
            "NH": 1
        }
    },
    "slate_to_candidates": {
        "H": [
            "H1",
            "H2",
            "H3",
            "H4",
            "H5"
        ],
        "NH": [
            "NH1",
            "NH2",
            "NH3",
            "NH4",
            "NH5"
        ]
    }
}