{
    "bloc_voter_props": {
        "H": [
            0.18992790446162694,
            0.4522461355391934,
            0.4051378247973217,
            0.2980341350757618,
            0.26316592168138636,
            0.4804344234546704,
            0.2776866567312519,
            0.4627042671743345
        ],
        "NH": [
            0.8100720955383731,
            0.5477538644608065,
            0.5948621752026783,
            0.7019658649242382,
            0.7368340783186137,
            0.5195655765453296,
            0.7223133432687481,
            0.5372957328256656
        ]
    },
    "cohesion_parameters": {
        "H": {
            "H": 0.77,
            "NH": 0.23
        },
        "NH": {
            "H": 0.52,
            "NH": 0.48
        }
    },
    "alphas": {
        "H": {
            "H": 1,
            "NH": 1
        },
        "NH": {
            "H": 1,
            "NH": 1
        }
    },
    "slate_to_candidates": {
        "H": [
            "H1",
            "H2",
            "H3",
            "H4",
            "H5"
        ],
        "NH": [
            "NH1",
            "NH2",
            "NH3",
            "NH4",
            "NH5"
        ]
    }
}