{
    "bloc_voter_props": {
        "H": [
            0.42569670999569015,
            0.443070985658675,
            0.4006213419185707,
            0.34369617424963544,
            0.22007391697362363,
            0.19545130234428418,
            0.4697046573463636,
            0.3528905938003269
        ],
        "NH": [
            0.5743032900043099,
            0.556929014341325,
            0.5993786580814293,
            0.6563038257503645,
            0.7799260830263763,
            0.8045486976557158,
            0.5302953426536364,
            0.6471094061996732
        ]
    },
    "cohesion_parameters": {
        "H": {
            "H": 0.77,
            "NH": 0.23
        },
        "NH": {
            "H": 0.52,
            "NH": 0.48
        }
    },
    "alphas": {
        "H": {
            "H": 1,
            "NH": 1
        },
        "NH": {
            "H": 1,
            "NH": 1
        }
    },
    "slate_to_candidates": {
        "H": [
            "H1",
            "H2",
            "H3",
            "H4",
            "H5"
        ],
        "NH": [
            "NH1",
            "NH2",
            "NH3",
            "NH4",
            "NH5"
        ]
    }
}