{
    "bloc_voter_props": {
        "H": [
            0.17864351055181274,
            0.31658593338008795,
            0.6101340397985051,
            0.5144598315919235,
            0.45498270316198336,
            0.42135085762322777,
            0.2072072799285353,
            0.34655844382675693,
            203117.0,
            105991.0,
            56461.0,
            47762.0,
            149824.0,
            236074.0,
            182798.0,
            71056.0,
            171907.0,
            182301.0,
            65268.0,
            100063.0,
            53502.0,
            197519.0,
            197591.0,
            127925.0,
            132063.0,
            109079.0,
            148698.0,
            53668.0,
            345206.0,
            116460.0,
            82335.0,
            179768.0,
            66185.0,
            129978.0,
            78596.0,
            159164.0,
            79059.0,
            55944.0,
            217052.0,
            195580.0,
            236926.0,
            110366.0,
            117874.0,
            173923.0,
            120228.0,
            94059.0,
            60376.0,
            66614.0,
            168915.0,
            130322.0,
            74099.0,
            161872.0,
            83496.0,
            75042.0,
            53943.0,
            227272.0,
            198037.0,
            148274.0,
            84017.0,
            158357.0,
            207464.0,
            118938.0,
            83135.0,
            168402.0,
            109754.0,
            237392.0,
            158552.0,
            160797.0,
            140017.0,
            256271.0,
            188593.0,
            83106.0,
            81389.0,
            90256.0,
            90294.0,
            123027.0,
            185064.0,
            280090.0,
            74546.0,
            83280.0
        ],
        "NH": [
            0.8213564894481873,
            0.683414066619912,
            0.3898659602014949,
            0.48554016840807646,
            0.5450172968380166,
            0.5786491423767722,
            0.7927927200714647,
            0.6534415561732431,
            188166.0,
            284310.0,
            321675.0,
            351309.0,
            243684.0,
            152288.0,
            184389.0,
            328555.0,
            223142.0,
            209885.0,
            335190.0,
            300303.0,
            321663.0,
            193713.0,
            180971.0,
            250383.0,
            272169.0,
            269827.0,
            255412.0,
            313394.0,
            53765.0,
            258796.0,
            288533.0,
            192687.0,
            314604.0,
            271493.0,
            293819.0,
            207876.0,
            294393.0,
            326167.0,
            179945.0,
            202977.0,
            142818.0,
            267404.0,
            252698.0,
            218910.0,
            281844.0,
            288605.0,
            328544.0,
            301008.0,
            223336.0,
            245391.0,
            330115.0,
            235958.0,
            292028.0,
            301236.0,
            334428.0,
            139103.0,
            200356.0,
            225355.0,
            298214.0,
            233863.0,
            165861.0,
            249477.0,
            320330.0,
            229681.0,
            277919.0,
            142963.0,
            244604.0,
            217997.0,
            247531.0,
            132029.0,
            201360.0,
            285854.0,
            298645.0,
            312162.0,
            277610.0,
            266297.0,
            200043.0,
            123193.0,
            294346.0,
            303294.0
        ]
    },
    "cohesion_parameters": {
        "H": {
            "H": 0.77,
            "NH": 0.23
        },
        "NH": {
            "H": 0.52,
            "NH": 0.48
        }
    },
    "alphas": {
        "H": {
            "H": 1,
            "NH": 1
        },
        "NH": {
            "H": 1,
            "NH": 1
        }
    },
    "slate_to_candidates": {
        "H": [
            "H1",
            "H2",
            "H3",
            "H4",
            "H5"
        ],
        "NH": [
            "NH1",
            "NH2",
            "NH3",
            "NH4",
            "NH5"
        ]
    }
}