{
    "bloc_voter_props": {
        "H": [
            0.357274962877632,
            0.492440124380652,
            0.4523618341723874,
            0.18503408371986066,
            0.3742854721929407,
            0.34218299907170224,
            0.3786695834049046,
            0.24935042781660863
        ],
        "NH": [
            0.642725037122368,
            0.507559875619348,
            0.5476381658276126,
            0.8149659162801394,
            0.6257145278070593,
            0.6578170009282978,
            0.6213304165950955,
            0.7506495721833913
        ]
    },
    "cohesion_parameters": {
        "H": {
            "H": 0.77,
            "NH": 0.23
        },
        "NH": {
            "H": 0.52,
            "NH": 0.48
        }
    },
    "alphas": {
        "H": {
            "H": 1,
            "NH": 1
        },
        "NH": {
            "H": 1,
            "NH": 1
        }
    },
    "slate_to_candidates": {
        "H": [
            "H1",
            "H2",
            "H3",
            "H4",
            "H5"
        ],
        "NH": [
            "NH1",
            "NH2",
            "NH3",
            "NH4",
            "NH5"
        ]
    }
}