{
    "bloc_voter_props": {
        "H": [
            0.4568458733283623,
            0.40438935995899605,
            0.5129730496212841,
            0.18500458494336403,
            0.40382202765532205,
            0.20031423277215438,
            0.33999262375364625,
            0.3399572105631147
        ],
        "NH": [
            0.5431541266716376,
            0.595610640041004,
            0.48702695037871585,
            0.814995415056636,
            0.596177972344678,
            0.7996857672278456,
            0.6600073762463537,
            0.6600427894368853
        ]
    },
    "cohesion_parameters": {
        "H": {
            "H": 0.77,
            "NH": 0.23
        },
        "NH": {
            "H": 0.52,
            "NH": 0.48
        }
    },
    "alphas": {
        "H": {
            "H": 1,
            "NH": 1
        },
        "NH": {
            "H": 1,
            "NH": 1
        }
    },
    "slate_to_candidates": {
        "H": [
            "H1",
            "H2",
            "H3",
            "H4",
            "H5"
        ],
        "NH": [
            "NH1",
            "NH2",
            "NH3",
            "NH4",
            "NH5"
        ]
    }
}