{
    "bloc_voter_props": {
        "H": [
            0.4405160259661223,
            0.21448586245241413,
            0.2921278641491464,
            0.37078604492217837,
            0.541235850283192,
            0.2561488826776965,
            0.45251160203886226,
            0.2709076192052249
        ],
        "NH": [
            0.5594839740338777,
            0.7855141375475858,
            0.7078721358508536,
            0.6292139550778216,
            0.45876414971680807,
            0.7438511173223035,
            0.5474883979611378,
            0.7290923807947751
        ]
    },
    "cohesion_parameters": {
        "H": {
            "H": 0.77,
            "NH": 0.23
        },
        "NH": {
            "H": 0.52,
            "NH": 0.48
        }
    },
    "alphas": {
        "H": {
            "H": 1,
            "NH": 1
        },
        "NH": {
            "H": 1,
            "NH": 1
        }
    },
    "slate_to_candidates": {
        "H": [
            "H1",
            "H2",
            "H3",
            "H4",
            "H5"
        ],
        "NH": [
            "NH1",
            "NH2",
            "NH3",
            "NH4",
            "NH5"
        ]
    }
}