{
    "bloc_voter_props": {
        "H": [
            0.5217847017488991,
            0.37677845241404034,
            0.31332328362437023,
            0.20017087345871085,
            0.46514329946561456,
            0.19360378125667962,
            0.3251642139214826,
            0.4377689938095719
        ],
        "NH": [
            0.47821529825110093,
            0.6232215475859596,
            0.6866767163756298,
            0.7998291265412891,
            0.5348567005343855,
            0.8063962187433203,
            0.6748357860785175,
            0.5622310061904281
        ]
    },
    "cohesion_parameters": {
        "H": {
            "H": 0.77,
            "NH": 0.23
        },
        "NH": {
            "H": 0.52,
            "NH": 0.48
        }
    },
    "alphas": {
        "H": {
            "H": 1,
            "NH": 1
        },
        "NH": {
            "H": 1,
            "NH": 1
        }
    },
    "slate_to_candidates": {
        "H": [
            "H1",
            "H2",
            "H3",
            "H4",
            "H5"
        ],
        "NH": [
            "NH1",
            "NH2",
            "NH3",
            "NH4",
            "NH5"
        ]
    }
}