{
    "bloc_voter_props": {
        "H": [
            0.5062437536189599,
            0.2619515054875263,
            0.352267545023925,
            0.3138430290484082,
            0.29891873117893797,
            0.2136173077063777,
            0.36205247670094787,
            0.5221202263587956
        ],
        "NH": [
            0.49375624638104015,
            0.7380484945124737,
            0.647732454976075,
            0.6861569709515918,
            0.701081268821062,
            0.7863826922936222,
            0.6379475232990521,
            0.47787977364120443
        ]
    },
    "cohesion_parameters": {
        "H": {
            "H": 0.77,
            "NH": 0.23
        },
        "NH": {
            "H": 0.52,
            "NH": 0.48
        }
    },
    "alphas": {
        "H": {
            "H": 1,
            "NH": 1
        },
        "NH": {
            "H": 1,
            "NH": 1
        }
    },
    "slate_to_candidates": {
        "H": [
            "H1",
            "H2",
            "H3",
            "H4",
            "H5"
        ],
        "NH": [
            "NH1",
            "NH2",
            "NH3",
            "NH4",
            "NH5"
        ]
    }
}