{
    "bloc_voter_props": {
        "H": [
            0.4392199765772371,
            0.2427258524607137,
            0.3374967028750929,
            0.4587589813115436,
            0.4542670876997456,
            0.2656278217604767,
            0.39690178091168865,
            0.24164405572544878
        ],
        "NH": [
            0.5607800234227629,
            0.7572741475392862,
            0.6625032971249071,
            0.5412410186884564,
            0.5457329123002543,
            0.7343721782395233,
            0.6030982190883113,
            0.7583559442745512
        ]
    },
    "cohesion_parameters": {
        "H": {
            "H": 0.77,
            "NH": 0.23
        },
        "NH": {
            "H": 0.52,
            "NH": 0.48
        }
    },
    "alphas": {
        "H": {
            "H": 1,
            "NH": 1
        },
        "NH": {
            "H": 1,
            "NH": 1
        }
    },
    "slate_to_candidates": {
        "H": [
            "H1",
            "H2",
            "H3",
            "H4",
            "H5"
        ],
        "NH": [
            "NH1",
            "NH2",
            "NH3",
            "NH4",
            "NH5"
        ]
    }
}