{
    "bloc_voter_props": {
        "H": [
            0.5209113445950769,
            0.4542093616648133,
            0.19370052973665394,
            0.3195561729513666,
            0.30410186736178474,
            0.3223519799088411,
            0.25898623614247146,
            0.4705474486817778
        ],
        "NH": [
            0.47908865540492307,
            0.5457906383351867,
            0.806299470263346,
            0.6804438270486334,
            0.6958981326382153,
            0.6776480200911589,
            0.7410137638575286,
            0.5294525513182222
        ]
    },
    "cohesion_parameters": {
        "H": {
            "H": 0.77,
            "NH": 0.23
        },
        "NH": {
            "H": 0.52,
            "NH": 0.48
        }
    },
    "alphas": {
        "H": {
            "H": 1,
            "NH": 1
        },
        "NH": {
            "H": 1,
            "NH": 1
        }
    },
    "slate_to_candidates": {
        "H": [
            "H1",
            "H2",
            "H3",
            "H4",
            "H5"
        ],
        "NH": [
            "NH1",
            "NH2",
            "NH3",
            "NH4",
            "NH5"
        ]
    }
}