{
    "bloc_voter_props": {
        "H": [
            0.5062437536189599,
            0.21120348719431314,
            0.352267545023925,
            0.3138430290484082,
            0.29891873117893797,
            0.26568174592301746,
            0.48549516432720347,
            0.40569563975975087
        ],
        "NH": [
            0.49375624638104015,
            0.7887965128056869,
            0.647732454976075,
            0.6861569709515918,
            0.701081268821062,
            0.7343182540769825,
            0.5145048356727966,
            0.5943043602402491
        ]
    },
    "cohesion_parameters": {
        "H": {
            "H": 0.77,
            "NH": 0.23
        },
        "NH": {
            "H": 0.52,
            "NH": 0.48
        }
    },
    "alphas": {
        "H": {
            "H": 1,
            "NH": 1
        },
        "NH": {
            "H": 1,
            "NH": 1
        }
    },
    "slate_to_candidates": {
        "H": [
            "H1",
            "H2",
            "H3",
            "H4",
            "H5"
        ],
        "NH": [
            "NH1",
            "NH2",
            "NH3",
            "NH4",
            "NH5"
        ]
    }
}