{
    "bloc_voter_props": {
        "H": [
            0.5217847017488991,
            0.37677845241404034,
            0.30829707158803366,
            0.20017087345871085,
            0.4586984076144508,
            0.19360378125667962,
            0.3253545753554495,
            0.4448762168237593
        ],
        "NH": [
            0.47821529825110093,
            0.6232215475859596,
            0.6917029284119663,
            0.7998291265412891,
            0.5413015923855492,
            0.8063962187433203,
            0.6746454246445506,
            0.5551237831762408
        ]
    },
    "cohesion_parameters": {
        "H": {
            "H": 0.77,
            "NH": 0.23
        },
        "NH": {
            "H": 0.52,
            "NH": 0.48
        }
    },
    "alphas": {
        "H": {
            "H": 1,
            "NH": 1
        },
        "NH": {
            "H": 1,
            "NH": 1
        }
    },
    "slate_to_candidates": {
        "H": [
            "H1",
            "H2",
            "H3",
            "H4",
            "H5"
        ],
        "NH": [
            "NH1",
            "NH2",
            "NH3",
            "NH4",
            "NH5"
        ]
    }
}