{
    "bloc_voter_props": {
        "H": [
            0.357274962877632,
            0.3498873223264203,
            0.4523618341723874,
            0.28813552158757966,
            0.5154509616901972,
            0.28369471758584996,
            0.3786695834049046,
            0.20338044215465814
        ],
        "NH": [
            0.642725037122368,
            0.6501126776735797,
            0.5476381658276126,
            0.7118644784124204,
            0.4845490383098028,
            0.71630528241415,
            0.6213304165950955,
            0.7966195578453419
        ]
    },
    "cohesion_parameters": {
        "H": {
            "H": 0.77,
            "NH": 0.23
        },
        "NH": {
            "H": 0.52,
            "NH": 0.48
        }
    },
    "alphas": {
        "H": {
            "H": 1,
            "NH": 1
        },
        "NH": {
            "H": 1,
            "NH": 1
        }
    },
    "slate_to_candidates": {
        "H": [
            "H1",
            "H2",
            "H3",
            "H4",
            "H5"
        ],
        "NH": [
            "NH1",
            "NH2",
            "NH3",
            "NH4",
            "NH5"
        ]
    }
}