{
    "bloc_voter_props": {
        "H": [
            0.5299496581921559,
            0.2123939610898801,
            0.49251490639598006,
            0.31286062008278276,
            0.23412441833264847,
            0.34406322673303635,
            0.32703924924654576,
            0.39231989362106384
        ],
        "NH": [
            0.4700503418078441,
            0.7876060389101199,
            0.5074850936040199,
            0.6871393799172173,
            0.7658755816673515,
            0.6559367732669636,
            0.6729607507534542,
            0.6076801063789362
        ]
    },
    "cohesion_parameters": {
        "H": {
            "H": 0.77,
            "NH": 0.23
        },
        "NH": {
            "H": 0.52,
            "NH": 0.48
        }
    },
    "alphas": {
        "H": {
            "H": 1,
            "NH": 1
        },
        "NH": {
            "H": 1,
            "NH": 1
        }
    },
    "slate_to_candidates": {
        "H": [
            "H1",
            "H2",
            "H3",
            "H4",
            "H5"
        ],
        "NH": [
            "NH1",
            "NH2",
            "NH3",
            "NH4",
            "NH5"
        ]
    }
}