{
    "bloc_voter_props": {
        "H": [
            0.343948279371737,
            0.456218624453327,
            0.19694802440432338,
            0.48412186820560865,
            0.3378412766288605,
            0.5014527321550366,
            0.2932615236255006,
            0.20300233377252122
        ],
        "NH": [
            0.656051720628263,
            0.5437813755466729,
            0.8030519755956766,
            0.5158781317943913,
            0.6621587233711395,
            0.49854726784496334,
            0.7067384763744994,
            0.7969976662274788
        ]
    },
    "cohesion_parameters": {
        "H": {
            "H": 0.77,
            "NH": 0.23
        },
        "NH": {
            "H": 0.52,
            "NH": 0.48
        }
    },
    "alphas": {
        "H": {
            "H": 1,
            "NH": 1
        },
        "NH": {
            "H": 1,
            "NH": 1
        }
    },
    "slate_to_candidates": {
        "H": [
            "H1",
            "H2",
            "H3",
            "H4",
            "H5"
        ],
        "NH": [
            "NH1",
            "NH2",
            "NH3",
            "NH4",
            "NH5"
        ]
    }
}