{
    "bloc_voter_props": {
        "H": [
            0.17864351055181274,
            0.31658593338008795,
            0.5243066234414469,
            0.4591545780855086,
            0.33944169907995164,
            0.5623273092634946,
            0.33437999390709927,
            0.4605525782661198,
            180584.0,
            103557.0,
            56461.0,
            47762.0,
            159050.0,
            168552.0,
            196853.0,
            155344.0,
            171907.0,
            100760.0,
            112803.0,
            100063.0,
            94894.0,
            242829.0,
            197591.0,
            148151.0,
            132063.0,
            107947.0,
            192065.0,
            168319.0,
            345206.0,
            116460.0,
            96149.0,
            179768.0,
            66185.0,
            129978.0,
            78596.0,
            72190.0,
            81753.0,
            81165.0,
            217052.0,
            179908.0,
            245479.0,
            199104.0,
            115044.0,
            168458.0,
            72693.0,
            82110.0,
            50476.0,
            66101.0,
            168915.0,
            125137.0,
            73920.0,
            189549.0,
            49497.0,
            77476.0,
            62721.0,
            227272.0,
            109299.0,
            163946.0,
            84838.0,
            138131.0,
            207464.0,
            72587.0,
            83135.0,
            43807.0,
            95290.0,
            248625.0,
            158552.0,
            174068.0,
            140017.0,
            264422.0,
            178479.0,
            83285.0,
            80605.0,
            90256.0,
            60447.0,
            180511.0,
            256755.0,
            135641.0,
            118203.0,
            84064.0
        ],
        "NH": [
            0.8213564894481873,
            0.683414066619912,
            0.4756933765585532,
            0.5408454219144915,
            0.6605583009200483,
            0.43767269073650533,
            0.6656200060929007,
            0.5394474217338803,
            192640.0,
            276948.0,
            321675.0,
            351309.0,
            232213.0,
            234078.0,
            190049.0,
            218982.0,
            223142.0,
            297251.0,
            285513.0,
            300303.0,
            278747.0,
            155099.0,
            180971.0,
            222231.0,
            272169.0,
            266359.0,
            199816.0,
            229073.0,
            53765.0,
            258796.0,
            293961.0,
            192687.0,
            314604.0,
            271493.0,
            293819.0,
            307924.0,
            284331.0,
            301430.0,
            179945.0,
            194728.0,
            139316.0,
            204546.0,
            265747.0,
            216756.0,
            331521.0,
            293330.0,
            332199.0,
            302114.0,
            223336.0,
            257375.0,
            307038.0,
            194936.0,
            320025.0,
            308598.0,
            331168.0,
            139103.0,
            263214.0,
            233604.0,
            297586.0,
            262015.0,
            165861.0,
            304841.0,
            320330.0,
            327796.0,
            276931.0,
            138282.0,
            244604.0,
            207801.0,
            247531.0,
            123345.0,
            197057.0,
            308931.0,
            295810.0,
            312162.0,
            319233.0,
            198949.0,
            138647.0,
            256105.0,
            249044.0,
            306129.0
        ]
    },
    "cohesion_parameters": {
        "H": {
            "H": 0.77,
            "NH": 0.23
        },
        "NH": {
            "H": 0.52,
            "NH": 0.48
        }
    },
    "alphas": {
        "H": {
            "H": 1,
            "NH": 1
        },
        "NH": {
            "H": 1,
            "NH": 1
        }
    },
    "slate_to_candidates": {
        "H": [
            "H1",
            "H2",
            "H3",
            "H4",
            "H5"
        ],
        "NH": [
            "NH1",
            "NH2",
            "NH3",
            "NH4",
            "NH5"
        ]
    }
}