{
    "bloc_voter_props": {
        "H": [
            0.3568109726015921,
            0.19847959967218096,
            0.49139391910069635,
            0.3191243495352198,
            0.20680560577730528,
            0.4288424623657554,
            0.4777115294600595,
            0.3482196607306629
        ],
        "NH": [
            0.6431890273984079,
            0.801520400327819,
            0.5086060808993036,
            0.6808756504647802,
            0.7931943942226947,
            0.5711575376342446,
            0.5222884705399404,
            0.6517803392693371
        ]
    },
    "cohesion_parameters": {
        "H": {
            "H": 0.77,
            "NH": 0.23
        },
        "NH": {
            "H": 0.52,
            "NH": 0.48
        }
    },
    "alphas": {
        "H": {
            "H": 1,
            "NH": 1
        },
        "NH": {
            "H": 1,
            "NH": 1
        }
    },
    "slate_to_candidates": {
        "H": [
            "H1",
            "H2",
            "H3",
            "H4",
            "H5"
        ],
        "NH": [
            "NH1",
            "NH2",
            "NH3",
            "NH4",
            "NH5"
        ]
    }
}