{
    "bloc_voter_props": {
        "H": [
            0.4071500412409312,
            0.2123939610898801,
            0.3544483051738525,
            0.3138430290484082,
            0.23412441833264847,
            0.33084558946278925,
            0.4612247138404284,
            0.5221202263587956
        ],
        "NH": [
            0.5928499587590688,
            0.7876060389101199,
            0.6455516948261475,
            0.6861569709515918,
            0.7658755816673515,
            0.6691544105372108,
            0.5387752861595716,
            0.47787977364120443
        ]
    },
    "cohesion_parameters": {
        "H": {
            "H": 0.77,
            "NH": 0.23
        },
        "NH": {
            "H": 0.52,
            "NH": 0.48
        }
    },
    "alphas": {
        "H": {
            "H": 1,
            "NH": 1
        },
        "NH": {
            "H": 1,
            "NH": 1
        }
    },
    "slate_to_candidates": {
        "H": [
            "H1",
            "H2",
            "H3",
            "H4",
            "H5"
        ],
        "NH": [
            "NH1",
            "NH2",
            "NH3",
            "NH4",
            "NH5"
        ]
    }
}