{
    "bloc_voter_props": {
        "H": [
            0.33262372471155316,
            0.2094780226641744,
            0.20260445863087115,
            0.5228115852739007,
            0.3473454024018641,
            0.3853922401193171,
            0.47801044042697216,
            0.35352158177576176
        ],
        "NH": [
            0.6673762752884469,
            0.7905219773358256,
            0.7973955413691288,
            0.47718841472609935,
            0.6526545975981358,
            0.6146077598806828,
            0.5219895595730278,
            0.6464784182242382
        ]
    },
    "cohesion_parameters": {
        "H": {
            "H": 0.77,
            "NH": 0.23
        },
        "NH": {
            "H": 0.52,
            "NH": 0.48
        }
    },
    "alphas": {
        "H": {
            "H": 1,
            "NH": 1
        },
        "NH": {
            "H": 1,
            "NH": 1
        }
    },
    "slate_to_candidates": {
        "H": [
            "H1",
            "H2",
            "H3",
            "H4",
            "H5"
        ],
        "NH": [
            "NH1",
            "NH2",
            "NH3",
            "NH4",
            "NH5"
        ]
    }
}