{
    "bloc_voter_props": {
        "H": [
            0.485242316927844,
            0.39503518193887366,
            0.25057686984713173,
            0.4468349089866318,
            0.41943739283259013,
            0.32529867655516936,
            0.20008767827602925,
            0.3144397780625301
        ],
        "NH": [
            0.5147576830721561,
            0.6049648180611263,
            0.7494231301528682,
            0.5531650910133682,
            0.5805626071674099,
            0.6747013234448307,
            0.7999123217239708,
            0.6855602219374699
        ]
    },
    "cohesion_parameters": {
        "H": {
            "H": 0.77,
            "NH": 0.23
        },
        "NH": {
            "H": 0.52,
            "NH": 0.48
        }
    },
    "alphas": {
        "H": {
            "H": 1,
            "NH": 1
        },
        "NH": {
            "H": 1,
            "NH": 1
        }
    },
    "slate_to_candidates": {
        "H": [
            "H1",
            "H2",
            "H3",
            "H4",
            "H5"
        ],
        "NH": [
            "NH1",
            "NH2",
            "NH3",
            "NH4",
            "NH5"
        ]
    }
}