{
    "bloc_voter_props": {
        "H": [
            0.5050341255241502,
            0.364195836352863,
            0.20292078564851967,
            0.32371624894260576,
            0.25150792661835575,
            0.42672234141960186,
            0.3106673405476685,
            0.45248816241827394
        ],
        "NH": [
            0.4949658744758498,
            0.635804163647137,
            0.7970792143514803,
            0.6762837510573942,
            0.7484920733816443,
            0.5732776585803981,
            0.6893326594523315,
            0.5475118375817261
        ]
    },
    "cohesion_parameters": {
        "H": {
            "H": 0.77,
            "NH": 0.23
        },
        "NH": {
            "H": 0.52,
            "NH": 0.48
        }
    },
    "alphas": {
        "H": {
            "H": 1,
            "NH": 1
        },
        "NH": {
            "H": 1,
            "NH": 1
        }
    },
    "slate_to_candidates": {
        "H": [
            "H1",
            "H2",
            "H3",
            "H4",
            "H5"
        ],
        "NH": [
            "NH1",
            "NH2",
            "NH3",
            "NH4",
            "NH5"
        ]
    }
}