{
    "bloc_voter_props": {
        "H": [
            0.2934259078964096,
            0.1979890784846778,
            0.44664832062109205,
            0.3269050596197228,
            0.2741705726422091,
            0.2721814163017536,
            0.4564785931347711,
            0.567246681936778
        ],
        "NH": [
            0.7065740921035903,
            0.8020109215153222,
            0.553351679378908,
            0.6730949403802772,
            0.7258294273577909,
            0.7278185836982465,
            0.5435214068652289,
            0.43275331806322204
        ]
    },
    "cohesion_parameters": {
        "H": {
            "H": 0.77,
            "NH": 0.23
        },
        "NH": {
            "H": 0.52,
            "NH": 0.48
        }
    },
    "alphas": {
        "H": {
            "H": 1,
            "NH": 1
        },
        "NH": {
            "H": 1,
            "NH": 1
        }
    },
    "slate_to_candidates": {
        "H": [
            "H1",
            "H2",
            "H3",
            "H4",
            "H5"
        ],
        "NH": [
            "NH1",
            "NH2",
            "NH3",
            "NH4",
            "NH5"
        ]
    }
}