{
    "bloc_voter_props": {
        "H": [
            0.3568109726015921,
            0.19847959967218096,
            0.3782828010797472,
            0.4245093120937587,
            0.2178482985886931,
            0.37758295943687115,
            0.4777115294600595,
            0.3978665965408347
        ],
        "NH": [
            0.6431890273984079,
            0.801520400327819,
            0.6217171989202528,
            0.5754906879062412,
            0.782151701411307,
            0.6224170405631289,
            0.5222884705399404,
            0.6021334034591653
        ]
    },
    "cohesion_parameters": {
        "H": {
            "H": 0.77,
            "NH": 0.23
        },
        "NH": {
            "H": 0.52,
            "NH": 0.48
        }
    },
    "alphas": {
        "H": {
            "H": 1,
            "NH": 1
        },
        "NH": {
            "H": 1,
            "NH": 1
        }
    },
    "slate_to_candidates": {
        "H": [
            "H1",
            "H2",
            "H3",
            "H4",
            "H5"
        ],
        "NH": [
            "NH1",
            "NH2",
            "NH3",
            "NH4",
            "NH5"
        ]
    }
}