{
    "bloc_voter_props": {
        "H": [
            0.2797867606678215,
            0.4627048060400191,
            0.3194675293049233,
            0.5477220576935496,
            0.25150792661835575,
            0.32949501335188575,
            0.19526093387276014,
            0.45248816241827394
        ],
        "NH": [
            0.7202132393321785,
            0.5372951939599809,
            0.6805324706950767,
            0.45227794230645035,
            0.7484920733816443,
            0.6705049866481143,
            0.8047390661272399,
            0.5475118375817261
        ]
    },
    "cohesion_parameters": {
        "H": {
            "H": 0.77,
            "NH": 0.23
        },
        "NH": {
            "H": 0.52,
            "NH": 0.48
        }
    },
    "alphas": {
        "H": {
            "H": 1,
            "NH": 1
        },
        "NH": {
            "H": 1,
            "NH": 1
        }
    },
    "slate_to_candidates": {
        "H": [
            "H1",
            "H2",
            "H3",
            "H4",
            "H5"
        ],
        "NH": [
            "NH1",
            "NH2",
            "NH3",
            "NH4",
            "NH5"
        ]
    }
}