{
    "bloc_voter_props": {
        "H": [
            0.5445158760455563,
            0.21310605189116896,
            0.34311653111516827,
            0.37124455482547286,
            0.19037028631945233,
            0.42598688764586273,
            0.28094122572348196,
            0.4658646486958348
        ],
        "NH": [
            0.4554841239544437,
            0.7868939481088311,
            0.6568834688848317,
            0.6287554451745271,
            0.8096297136805477,
            0.5740131123541373,
            0.7190587742765181,
            0.5341353513041651
        ]
    },
    "cohesion_parameters": {
        "H": {
            "H": 0.77,
            "NH": 0.23
        },
        "NH": {
            "H": 0.52,
            "NH": 0.48
        }
    },
    "alphas": {
        "H": {
            "H": 1,
            "NH": 1
        },
        "NH": {
            "H": 1,
            "NH": 1
        }
    },
    "slate_to_candidates": {
        "H": [
            "H1",
            "H2",
            "H3",
            "H4",
            "H5"
        ],
        "NH": [
            "NH1",
            "NH2",
            "NH3",
            "NH4",
            "NH5"
        ]
    }
}