{
    "bloc_voter_props": {
        "H": [
            0.5606506762374904,
            0.3320064219305557,
            0.34538011128199103,
            0.25145776950129994,
            0.18600453428442973,
            0.38051790588126033,
            0.3135495312010626,
            0.46192993634845364
        ],
        "NH": [
            0.43934932376250957,
            0.6679935780694443,
            0.654619888718009,
            0.7485422304987001,
            0.8139954657155702,
            0.6194820941187397,
            0.6864504687989375,
            0.5380700636515463
        ]
    },
    "cohesion_parameters": {
        "H": {
            "H": 0.77,
            "NH": 0.23
        },
        "NH": {
            "H": 0.52,
            "NH": 0.48
        }
    },
    "alphas": {
        "H": {
            "H": 1,
            "NH": 1
        },
        "NH": {
            "H": 1,
            "NH": 1
        }
    },
    "slate_to_candidates": {
        "H": [
            "H1",
            "H2",
            "H3",
            "H4",
            "H5"
        ],
        "NH": [
            "NH1",
            "NH2",
            "NH3",
            "NH4",
            "NH5"
        ]
    }
}