{
    "bloc_voter_props": {
        "H": [
            0.3568109726015921,
            0.19847959967218096,
            0.3782828010797472,
            0.4322405404331855,
            0.20680560577730528,
            0.3882305253687939,
            0.4777115294600595,
            0.3875548065377742
        ],
        "NH": [
            0.6431890273984079,
            0.801520400327819,
            0.6217171989202528,
            0.5677594595668145,
            0.7931943942226947,
            0.6117694746312061,
            0.5222884705399404,
            0.6124451934622258
        ]
    },
    "cohesion_parameters": {
        "H": {
            "H": 0.77,
            "NH": 0.23
        },
        "NH": {
            "H": 0.52,
            "NH": 0.48
        }
    },
    "alphas": {
        "H": {
            "H": 1,
            "NH": 1
        },
        "NH": {
            "H": 1,
            "NH": 1
        }
    },
    "slate_to_candidates": {
        "H": [
            "H1",
            "H2",
            "H3",
            "H4",
            "H5"
        ],
        "NH": [
            "NH1",
            "NH2",
            "NH3",
            "NH4",
            "NH5"
        ]
    }
}