{
    "bloc_voter_props": {
        "H": [
            0.4946333401398414,
            0.4973093040416866,
            0.3560529263415767,
            0.20792196596952375,
            0.2350579567546101,
            0.29811124865877553,
            0.35323006431820725,
            0.38564790081495115
        ],
        "NH": [
            0.5053666598601586,
            0.5026906959583134,
            0.6439470736584233,
            0.7920780340304763,
            0.76494204324539,
            0.7018887513412245,
            0.6467699356817928,
            0.6143520991850488
        ]
    },
    "cohesion_parameters": {
        "H": {
            "H": 0.77,
            "NH": 0.23
        },
        "NH": {
            "H": 0.52,
            "NH": 0.48
        }
    },
    "alphas": {
        "H": {
            "H": 1,
            "NH": 1
        },
        "NH": {
            "H": 1,
            "NH": 1
        }
    },
    "slate_to_candidates": {
        "H": [
            "H1",
            "H2",
            "H3",
            "H4",
            "H5"
        ],
        "NH": [
            "NH1",
            "NH2",
            "NH3",
            "NH4",
            "NH5"
        ]
    }
}