{
    "bloc_voter_props": {
        "H": [
            0.44832022024816665,
            0.18075323967541043,
            0.2809736744607278,
            0.31497949439952533,
            0.3438805278512075,
            0.45340823211858894,
            0.40805356974379653,
            0.39543071386586687
        ],
        "NH": [
            0.5516797797518334,
            0.8192467603245895,
            0.7190263255392721,
            0.6850205056004747,
            0.6561194721487925,
            0.5465917678814111,
            0.5919464302562035,
            0.6045692861341331
        ]
    },
    "cohesion_parameters": {
        "H": {
            "H": 0.77,
            "NH": 0.23
        },
        "NH": {
            "H": 0.52,
            "NH": 0.48
        }
    },
    "alphas": {
        "H": {
            "H": 1,
            "NH": 1
        },
        "NH": {
            "H": 1,
            "NH": 1
        }
    },
    "slate_to_candidates": {
        "H": [
            "H1",
            "H2",
            "H3",
            "H4",
            "H5"
        ],
        "NH": [
            "NH1",
            "NH2",
            "NH3",
            "NH4",
            "NH5"
        ]
    }
}