{
    "bloc_voter_props": {
        "H": [
            0.49382073689723943,
            0.1931025334854959,
            0.3822713016715069,
            0.34015551010650463,
            0.44678629030560035,
            0.3991845345452888,
            0.353029571905593,
            0.2236235466533322
        ],
        "NH": [
            0.5061792631027605,
            0.8068974665145041,
            0.6177286983284931,
            0.6598444898934953,
            0.5532137096943996,
            0.6008154654547112,
            0.646970428094407,
            0.7763764533466678
        ]
    },
    "cohesion_parameters": {
        "H": {
            "H": 0.77,
            "NH": 0.23
        },
        "NH": {
            "H": 0.52,
            "NH": 0.48
        }
    },
    "alphas": {
        "H": {
            "H": 1,
            "NH": 1
        },
        "NH": {
            "H": 1,
            "NH": 1
        }
    },
    "slate_to_candidates": {
        "H": [
            "H1",
            "H2",
            "H3",
            "H4",
            "H5"
        ],
        "NH": [
            "NH1",
            "NH2",
            "NH3",
            "NH4",
            "NH5"
        ]
    }
}