{
    "bloc_voter_props": {
        "H": [
            0.253787736720897,
            0.3121945368499205,
            0.5315846434050782,
            0.21002719189042637,
            0.2873816481817344,
            0.32820401648678305,
            0.45450786754635236,
            0.4514713418394379
        ],
        "NH": [
            0.746212263279103,
            0.6878054631500795,
            0.46841535659492184,
            0.7899728081095736,
            0.7126183518182656,
            0.6717959835132169,
            0.5454921324536476,
            0.5485286581605622
        ]
    },
    "cohesion_parameters": {
        "H": {
            "H": 0.77,
            "NH": 0.23
        },
        "NH": {
            "H": 0.52,
            "NH": 0.48
        }
    },
    "alphas": {
        "H": {
            "H": 1,
            "NH": 1
        },
        "NH": {
            "H": 1,
            "NH": 1
        }
    },
    "slate_to_candidates": {
        "H": [
            "H1",
            "H2",
            "H3",
            "H4",
            "H5"
        ],
        "NH": [
            "NH1",
            "NH2",
            "NH3",
            "NH4",
            "NH5"
        ]
    }
}