{
    "bloc_voter_props": {
        "H": [
            0.35282276554944136,
            0.3663456463814425,
            0.4963647110527178,
            0.24774946315185772,
            0.17888853727098308,
            0.31288261617755647,
            0.3466283823745495,
            0.5182334312701673
        ],
        "NH": [
            0.6471772344505586,
            0.6336543536185575,
            0.5036352889472822,
            0.7522505368481422,
            0.8211114627290169,
            0.6871173838224435,
            0.6533716176254505,
            0.4817665687298327
        ]
    },
    "cohesion_parameters": {
        "H": {
            "H": 0.77,
            "NH": 0.23
        },
        "NH": {
            "H": 0.52,
            "NH": 0.48
        }
    },
    "alphas": {
        "H": {
            "H": 1,
            "NH": 1
        },
        "NH": {
            "H": 1,
            "NH": 1
        }
    },
    "slate_to_candidates": {
        "H": [
            "H1",
            "H2",
            "H3",
            "H4",
            "H5"
        ],
        "NH": [
            "NH1",
            "NH2",
            "NH3",
            "NH4",
            "NH5"
        ]
    }
}