{
    "bloc_voter_props": {
        "H": [
            0.3981854939850907,
            0.38908298781386147,
            0.36226508148039327,
            0.48728659595855117,
            0.4422218618633602,
            0.18284971132225622,
            0.5664526844919234,
            0.471476518484701,
            99363.0,
            79893.0,
            85055.0,
            44556.0,
            264062.0,
            189060.0,
            130491.0,
            178419.0,
            245393.0,
            173884.0,
            70401.0,
            94644.0,
            97658.0,
            143965.0,
            185625.0,
            74455.0,
            54214.0,
            91502.0,
            336434.0,
            71897.0,
            225432.0,
            78758.0,
            136513.0,
            179768.0,
            151406.0,
            72838.0,
            152096.0,
            191078.0,
            126217.0,
            95265.0,
            88151.0,
            199168.0,
            186851.0,
            205924.0,
            118096.0,
            238465.0,
            73360.0,
            86266.0,
            99952.0,
            73662.0,
            109646.0,
            173586.0,
            101443.0,
            175002.0,
            57214.0,
            109306.0,
            60295.0,
            187079.0,
            237003.0,
            222283.0,
            103145.0,
            62986.0,
            197412.0,
            110259.0,
            77676.0,
            67002.0,
            198804.0,
            176325.0,
            147897.0,
            83508.0,
            174581.0,
            158646.0,
            150632.0,
            47639.0,
            196958.0,
            90983.0,
            68721.0,
            89777.0,
            178195.0,
            147185.0,
            155876.0,
            42939.0
        ],
        "NH": [
            0.6018145060149094,
            0.6109170121861385,
            0.6377349185196067,
            0.5127134040414488,
            0.5577781381366398,
            0.8171502886777438,
            0.43354731550807657,
            0.5285234815152989,
            272160.0,
            288285.0,
            306506.0,
            344637.0,
            121485.0,
            192978.0,
            258677.0,
            225876.0,
            128542.0,
            208066.0,
            304523.0,
            300104.0,
            299027.0,
            227575.0,
            186318.0,
            325348.0,
            312120.0,
            292123.0,
            62830.0,
            301196.0,
            159863.0,
            320323.0,
            261978.0,
            192687.0,
            223715.0,
            328063.0,
            231835.0,
            181504.0,
            261463.0,
            276160.0,
            314949.0,
            174848.0,
            188054.0,
            192157.0,
            256291.0,
            139070.0,
            322040.0,
            293785.0,
            296947.0,
            303482.0,
            287093.0,
            204287.0,
            301874.0,
            227327.0,
            309635.0,
            289450.0,
            322354.0,
            202519.0,
            159657.0,
            147491.0,
            300021.0,
            310515.0,
            173067.0,
            268550.0,
            305651.0,
            324905.0,
            204700.0,
            215474.0,
            238930.0,
            287169.0,
            220945.0,
            212210.0,
            243405.0,
            343028.0,
            181639.0,
            299358.0,
            299487.0,
            277587.0,
            219601.0,
            253008.0,
            238935.0,
            330702.0
        ]
    },
    "cohesion_parameters": {
        "H": {
            "H": 0.77,
            "NH": 0.23
        },
        "NH": {
            "H": 0.52,
            "NH": 0.48
        }
    },
    "alphas": {
        "H": {
            "H": 1,
            "NH": 1
        },
        "NH": {
            "H": 1,
            "NH": 1
        }
    },
    "slate_to_candidates": {
        "H": [
            "H1",
            "H2",
            "H3",
            "H4",
            "H5"
        ],
        "NH": [
            "NH1",
            "NH2",
            "NH3",
            "NH4",
            "NH5"
        ]
    }
}