{
    "bloc_voter_props": {
        "H": [
            0.33447567567567565,
            0.30832409882015516,
            0.5634454333607751,
            0.25661985659456726,
            0.5133407746458624,
            0.14417401038892208,
            0.13496337785437312,
            0.5265358209336157,
            257800.0,
            90958.0,
            100961.0,
            94108.0,
            131514.0,
            120192.0,
            191080.0,
            65143.0,
            104549.0,
            188225.0,
            78242.0,
            66192.0,
            65499.0,
            143650.0,
            144749.0,
            49869.0,
            80427.0,
            62490.0,
            130753.0,
            150077.0,
            186227.0,
            134208.0,
            69040.0,
            113135.0,
            53965.0,
            97960.0,
            55954.0,
            156244.0,
            94584.0,
            70017.0,
            133925.0,
            177968.0,
            219769.0,
            88369.0,
            262684.0,
            66488.0,
            222728.0,
            46953.0,
            95857.0,
            148727.0,
            173563.0,
            145802.0,
            53209.0,
            191619.0,
            92445.0,
            263385.0,
            45311.0,
            152831.0,
            188535.0,
            147071.0,
            129351.0,
            178607.0,
            173044.0,
            122241.0,
            106591.0,
            323934.0,
            156537.0,
            212372.0,
            188633.0,
            181707.0,
            201930.0,
            141605.0,
            164957.0,
            127079.0,
            83372.0,
            196932.0,
            56121.0,
            287137.0,
            193663.0,
            130112.0,
            170702.0,
            70106.0
        ],
        "NH": [
            0.6655243243243243,
            0.6916759011798449,
            0.43655456663922493,
            0.7433801434054328,
            0.48665922535413764,
            0.8558259896110779,
            0.8650366221456269,
            0.4734641790663842,
            138259.0,
            281327.0,
            288612.0,
            285932.0,
            268416.0,
            264498.0,
            179069.0,
            315411.0,
            277438.0,
            209718.0,
            288376.0,
            327748.0,
            328151.0,
            239253.0,
            228753.0,
            316909.0,
            323131.0,
            305471.0,
            255256.0,
            217480.0,
            207370.0,
            237326.0,
            333471.0,
            286669.0,
            338781.0,
            277604.0,
            330948.0,
            211300.0,
            304633.0,
            318149.0,
            249432.0,
            190483.0,
            179164.0,
            315037.0,
            111474.0,
            337442.0,
            148202.0,
            328719.0,
            272642.0,
            232032.0,
            203913.0,
            242207.0,
            320070.0,
            208735.0,
            286271.0,
            118650.0,
            336899.0,
            220561.0,
            210975.0,
            233617.0,
            270000.0,
            189267.0,
            198040.0,
            256648.0,
            270401.0,
            66927.0,
            225232.0,
            175850.0,
            202758.0,
            209058.0,
            197940.0,
            257809.0,
            233324.0,
            239058.0,
            300477.0,
            201706.0,
            348343.0,
            104761.0,
            186722.0,
            271138.0,
            233273.0,
            306108.0
        ]
    },
    "cohesion_parameters": {
        "H": {
            "H": 0.77,
            "NH": 0.23
        },
        "NH": {
            "H": 0.52,
            "NH": 0.48
        }
    },
    "alphas": {
        "H": {
            "H": 1,
            "NH": 1
        },
        "NH": {
            "H": 1,
            "NH": 1
        }
    },
    "slate_to_candidates": {
        "H": [
            "H1",
            "H2",
            "H3",
            "H4",
            "H5"
        ],
        "NH": [
            "NH1",
            "NH2",
            "NH3",
            "NH4",
            "NH5"
        ]
    }
}