{
    "bloc_voter_props": {
        "H": [
            0.30254889124057166,
            0.29456651057424665,
            0.3853616547268011,
            0.19558012572190467,
            0.3438805278512075,
            0.3107930664396251,
            0.4673662446213854,
            0.5311722636233176
        ],
        "NH": [
            0.6974511087594284,
            0.7054334894257533,
            0.6146383452731989,
            0.8044198742780954,
            0.6561194721487925,
            0.6892069335603749,
            0.5326337553786147,
            0.4688277363766824
        ]
    },
    "cohesion_parameters": {
        "H": {
            "H": 0.77,
            "NH": 0.23
        },
        "NH": {
            "H": 0.52,
            "NH": 0.48
        }
    },
    "alphas": {
        "H": {
            "H": 1,
            "NH": 1
        },
        "NH": {
            "H": 1,
            "NH": 1
        }
    },
    "slate_to_candidates": {
        "H": [
            "H1",
            "H2",
            "H3",
            "H4",
            "H5"
        ],
        "NH": [
            "NH1",
            "NH2",
            "NH3",
            "NH4",
            "NH5"
        ]
    }
}