{
    "bloc_voter_props": {
        "H": [
            0.44659741507943146,
            0.2697355389719045,
            0.45289691280072913,
            0.34443170142499724,
            0.2756623218539108,
            0.21252606155359255,
            0.5628498288365088,
            0.25832976853704526
        ],
        "NH": [
            0.5534025849205686,
            0.7302644610280955,
            0.5471030871992708,
            0.6555682985750028,
            0.7243376781460892,
            0.7874739384464075,
            0.4371501711634912,
            0.7416702314629547
        ]
    },
    "cohesion_parameters": {
        "H": {
            "H": 0.77,
            "NH": 0.23
        },
        "NH": {
            "H": 0.52,
            "NH": 0.48
        }
    },
    "alphas": {
        "H": {
            "H": 1,
            "NH": 1
        },
        "NH": {
            "H": 1,
            "NH": 1
        }
    },
    "slate_to_candidates": {
        "H": [
            "H1",
            "H2",
            "H3",
            "H4",
            "H5"
        ],
        "NH": [
            "NH1",
            "NH2",
            "NH3",
            "NH4",
            "NH5"
        ]
    }
}