{
    "bloc_voter_props": {
        "H": [
            0.4011256055174851,
            0.1905047013533159,
            0.3873902339077687,
            0.20449130871358903,
            0.40382202765532205,
            0.4051657071728645,
            0.5200002699820462,
            0.3399572105631147
        ],
        "NH": [
            0.5988743944825149,
            0.8094952986466841,
            0.6126097660922313,
            0.795508691286411,
            0.596177972344678,
            0.5948342928271355,
            0.4799997300179538,
            0.6600427894368853
        ]
    },
    "cohesion_parameters": {
        "H": {
            "H": 0.77,
            "NH": 0.23
        },
        "NH": {
            "H": 0.52,
            "NH": 0.48
        }
    },
    "alphas": {
        "H": {
            "H": 1,
            "NH": 1
        },
        "NH": {
            "H": 1,
            "NH": 1
        }
    },
    "slate_to_candidates": {
        "H": [
            "H1",
            "H2",
            "H3",
            "H4",
            "H5"
        ],
        "NH": [
            "NH1",
            "NH2",
            "NH3",
            "NH4",
            "NH5"
        ]
    }
}