{
    "bloc_voter_props": {
        "H": [
            0.17665724626902674,
            0.8814199739835094,
            0.36226508148039327,
            0.48728659595855117,
            0.3416112022001113,
            0.25153850967957275,
            0.3398842346639367,
            0.4376568618864714,
            173977.0,
            79893.0,
            97559.0,
            44556.0,
            265923.0,
            177758.0,
            109302.0,
            178419.0,
            202965.0,
            173595.0,
            65939.0,
            88063.0,
            67252.0,
            203145.0,
            208957.0,
            149286.0,
            95623.0,
            108172.0,
            216860.0,
            71897.0,
            226343.0,
            92933.0,
            136513.0,
            179768.0,
            107363.0,
            72838.0,
            152096.0,
            191078.0,
            153066.0,
            96187.0,
            91045.0,
            193864.0,
            186851.0,
            199689.0,
            118096.0,
            241096.0,
            73360.0,
            85647.0,
            65124.0,
            73662.0,
            168805.0,
            90201.0,
            94202.0,
            175002.0,
            57214.0,
            60386.0,
            61476.0,
            144774.0,
            92313.0,
            227587.0,
            117191.0,
            64800.0,
            196166.0,
            110259.0,
            83995.0,
            154489.0,
            158192.0,
            192107.0,
            234889.0,
            84201.0,
            166848.0,
            242091.0,
            151754.0,
            46620.0,
            249723.0,
            198715.0,
            67926.0,
            67932.0,
            119015.0,
            120336.0,
            91712.0,
            44249.0
        ],
        "NH": [
            0.8233427537309733,
            0.1185800260164906,
            0.6377349185196067,
            0.5127134040414488,
            0.6583887977998887,
            0.7484614903204272,
            0.6601157653360633,
            0.5623431381135285,
            194240.0,
            288285.0,
            297899.0,
            344637.0,
            128654.0,
            224890.0,
            282319.0,
            225876.0,
            169892.0,
            208015.0,
            324439.0,
            296380.0,
            322159.0,
            182204.0,
            161049.0,
            221353.0,
            301935.0,
            285605.0,
            161336.0,
            301196.0,
            164406.0,
            305715.0,
            261978.0,
            192687.0,
            296106.0,
            328063.0,
            231835.0,
            181504.0,
            249939.0,
            305736.0,
            290670.0,
            174297.0,
            188054.0,
            203114.0,
            256291.0,
            127915.0,
            322040.0,
            296956.0,
            310856.0,
            303482.0,
            207176.0,
            313911.0,
            295509.0,
            227327.0,
            309635.0,
            312807.0,
            335961.0,
            229630.0,
            303119.0,
            148042.0,
            272151.0,
            331227.0,
            198882.0,
            268550.0,
            282440.0,
            232714.0,
            238420.0,
            185389.0,
            160879.0,
            284996.0,
            225781.0,
            133200.0,
            222688.0,
            321474.0,
            117713.0,
            199244.0,
            300329.0,
            308063.0,
            264972.0,
            264532.0,
            279868.0,
            358139.0
        ]
    },
    "cohesion_parameters": {
        "H": {
            "H": 0.77,
            "NH": 0.23
        },
        "NH": {
            "H": 0.52,
            "NH": 0.48
        }
    },
    "alphas": {
        "H": {
            "H": 1,
            "NH": 1
        },
        "NH": {
            "H": 1,
            "NH": 1
        }
    },
    "slate_to_candidates": {
        "H": [
            "H1",
            "H2",
            "H3",
            "H4",
            "H5"
        ],
        "NH": [
            "NH1",
            "NH2",
            "NH3",
            "NH4",
            "NH5"
        ]
    }
}