{
    "bloc_voter_props": {
        "H": [
            0.27601509532175156,
            0.40320379371713433,
            0.2038931733733696,
            0.5054676770331652,
            0.3066481204476831,
            0.18770539691813334,
            0.5393513433012384,
            0.43225008150201094
        ],
        "NH": [
            0.7239849046782484,
            0.5967962062828657,
            0.7961068266266303,
            0.49453232296683486,
            0.6933518795523169,
            0.8122946030818666,
            0.4606486566987617,
            0.5677499184979891
        ]
    },
    "cohesion_parameters": {
        "H": {
            "H": 0.77,
            "NH": 0.23
        },
        "NH": {
            "H": 0.52,
            "NH": 0.48
        }
    },
    "alphas": {
        "H": {
            "H": 1,
            "NH": 1
        },
        "NH": {
            "H": 1,
            "NH": 1
        }
    },
    "slate_to_candidates": {
        "H": [
            "H1",
            "H2",
            "H3",
            "H4",
            "H5"
        ],
        "NH": [
            "NH1",
            "NH2",
            "NH3",
            "NH4",
            "NH5"
        ]
    }
}