{
    "bloc_voter_props": {
        "H": [
            0.48784517587927556,
            0.23702106680120313,
            0.46533026021557444,
            0.3138430290484082,
            0.2380984692588225,
            0.3038314764718493,
            0.39084756257624603,
            0.40569563975975087
        ],
        "NH": [
            0.5121548241207244,
            0.7629789331987968,
            0.5346697397844256,
            0.6861569709515918,
            0.7619015307411775,
            0.6961685235281507,
            0.609152437423754,
            0.5943043602402491
        ]
    },
    "cohesion_parameters": {
        "H": {
            "H": 0.77,
            "NH": 0.23
        },
        "NH": {
            "H": 0.52,
            "NH": 0.48
        }
    },
    "alphas": {
        "H": {
            "H": 1,
            "NH": 1
        },
        "NH": {
            "H": 1,
            "NH": 1
        }
    },
    "slate_to_candidates": {
        "H": [
            "H1",
            "H2",
            "H3",
            "H4",
            "H5"
        ],
        "NH": [
            "NH1",
            "NH2",
            "NH3",
            "NH4",
            "NH5"
        ]
    }
}