{
    "bloc_voter_props": {
        "H": [
            0.43453539103033895,
            0.43908088817077134,
            0.38583429099913163,
            0.34369617424963544,
            0.22007391697362363,
            0.19545130234428418,
            0.47471148176004924,
            0.3573472405365872
        ],
        "NH": [
            0.565464608969661,
            0.5609191118292287,
            0.6141657090008683,
            0.6563038257503645,
            0.7799260830263763,
            0.8045486976557158,
            0.5252885182399508,
            0.6426527594634128
        ]
    },
    "cohesion_parameters": {
        "H": {
            "H": 0.77,
            "NH": 0.23
        },
        "NH": {
            "H": 0.52,
            "NH": 0.48
        }
    },
    "alphas": {
        "H": {
            "H": 1,
            "NH": 1
        },
        "NH": {
            "H": 1,
            "NH": 1
        }
    },
    "slate_to_candidates": {
        "H": [
            "H1",
            "H2",
            "H3",
            "H4",
            "H5"
        ],
        "NH": [
            "NH1",
            "NH2",
            "NH3",
            "NH4",
            "NH5"
        ]
    }
}