{
    "bloc_voter_props": {
        "H": [
            0.34970148340228885,
            0.2697355389719045,
            0.4469491885310328,
            0.4408373794726571,
            0.2791882055636301,
            0.2123647095786237,
            0.5628498288365088,
            0.2619152687804498
        ],
        "NH": [
            0.6502985165977112,
            0.7302644610280955,
            0.5530508114689672,
            0.5591626205273429,
            0.7208117944363699,
            0.7876352904213764,
            0.4371501711634912,
            0.7380847312195502
        ]
    },
    "cohesion_parameters": {
        "H": {
            "H": 0.77,
            "NH": 0.23
        },
        "NH": {
            "H": 0.52,
            "NH": 0.48
        }
    },
    "alphas": {
        "H": {
            "H": 1,
            "NH": 1
        },
        "NH": {
            "H": 1,
            "NH": 1
        }
    },
    "slate_to_candidates": {
        "H": [
            "H1",
            "H2",
            "H3",
            "H4",
            "H5"
        ],
        "NH": [
            "NH1",
            "NH2",
            "NH3",
            "NH4",
            "NH5"
        ]
    }
}