{
    "bloc_voter_props": {
        "H": [
            0.35903772910533105,
            0.2030324104533853,
            0.4057211556742628,
            0.404552103870657,
            0.2118156983844162,
            0.4288424623657554,
            0.48063815536496474,
            0.3336638269481848
        ],
        "NH": [
            0.640962270894669,
            0.7969675895466147,
            0.5942788443257372,
            0.595447896129343,
            0.7881843016155838,
            0.5711575376342446,
            0.5193618446350353,
            0.6663361730518151
        ]
    },
    "cohesion_parameters": {
        "H": {
            "H": 0.77,
            "NH": 0.23
        },
        "NH": {
            "H": 0.52,
            "NH": 0.48
        }
    },
    "alphas": {
        "H": {
            "H": 1,
            "NH": 1
        },
        "NH": {
            "H": 1,
            "NH": 1
        }
    },
    "slate_to_candidates": {
        "H": [
            "H1",
            "H2",
            "H3",
            "H4",
            "H5"
        ],
        "NH": [
            "NH1",
            "NH2",
            "NH3",
            "NH4",
            "NH5"
        ]
    }
}