{
    "bloc_voter_props": {
        "H": [
            0.45491674346941724,
            0.2661871453186216,
            0.4144995847605489,
            0.44980440740010874,
            0.43948096294495403,
            0.2561488826776965,
            0.33717279110705145,
            0.2174989486250729
        ],
        "NH": [
            0.5450832565305828,
            0.7338128546813785,
            0.5855004152394512,
            0.5501955925998913,
            0.5605190370550459,
            0.7438511173223035,
            0.6628272088929485,
            0.7825010513749271
        ]
    },
    "cohesion_parameters": {
        "H": {
            "H": 0.77,
            "NH": 0.23
        },
        "NH": {
            "H": 0.52,
            "NH": 0.48
        }
    },
    "alphas": {
        "H": {
            "H": 1,
            "NH": 1
        },
        "NH": {
            "H": 1,
            "NH": 1
        }
    },
    "slate_to_candidates": {
        "H": [
            "H1",
            "H2",
            "H3",
            "H4",
            "H5"
        ],
        "NH": [
            "NH1",
            "NH2",
            "NH3",
            "NH4",
            "NH5"
        ]
    }
}