{
    "bloc_voter_props": {
        "H": [
            0.35222512808100037,
            0.36437325128326026,
            0.20821512177527457,
            0.48884512727036,
            0.19280650337501823,
            0.4200926375118291,
            0.4261236782164939,
            0.37545904859509777
        ],
        "NH": [
            0.6477748719189996,
            0.6356267487167397,
            0.7917848782247254,
            0.51115487272964,
            0.8071934966249817,
            0.5799073624881709,
            0.5738763217835061,
            0.6245409514049022
        ]
    },
    "cohesion_parameters": {
        "H": {
            "H": 0.77,
            "NH": 0.23
        },
        "NH": {
            "H": 0.52,
            "NH": 0.48
        }
    },
    "alphas": {
        "H": {
            "H": 1,
            "NH": 1
        },
        "NH": {
            "H": 1,
            "NH": 1
        }
    },
    "slate_to_candidates": {
        "H": [
            "H1",
            "H2",
            "H3",
            "H4",
            "H5"
        ],
        "NH": [
            "NH1",
            "NH2",
            "NH3",
            "NH4",
            "NH5"
        ]
    }
}