{
    "bloc_voter_props": {
        "H": [
            0.47040212067912746,
            0.3380738051077493,
            0.3542835298203762,
            0.46650260303654134,
            0.1938940756993534,
            0.4280447786156525,
            0.353029571905593,
            0.2236235466533322
        ],
        "NH": [
            0.5295978793208725,
            0.6619261948922507,
            0.6457164701796237,
            0.5334973969634587,
            0.8061059243006465,
            0.5719552213843475,
            0.646970428094407,
            0.7763764533466678
        ]
    },
    "cohesion_parameters": {
        "H": {
            "H": 0.77,
            "NH": 0.23
        },
        "NH": {
            "H": 0.52,
            "NH": 0.48
        }
    },
    "alphas": {
        "H": {
            "H": 1,
            "NH": 1
        },
        "NH": {
            "H": 1,
            "NH": 1
        }
    },
    "slate_to_candidates": {
        "H": [
            "H1",
            "H2",
            "H3",
            "H4",
            "H5"
        ],
        "NH": [
            "NH1",
            "NH2",
            "NH3",
            "NH4",
            "NH5"
        ]
    }
}