{
    "bloc_voter_props": {
        "H": [
            0.4022639489434751,
            0.20538433640099077,
            0.4953847972994184,
            0.2982562501938931,
            0.3876363662302149,
            0.4812953681080012,
            0.3821243855912044,
            0.1966118670408202
        ],
        "NH": [
            0.5977360510565249,
            0.7946156635990093,
            0.5046152027005816,
            0.7017437498061069,
            0.6123636337697851,
            0.5187046318919988,
            0.6178756144087957,
            0.8033881329591798
        ]
    },
    "cohesion_parameters": {
        "H": {
            "H": 0.77,
            "NH": 0.23
        },
        "NH": {
            "H": 0.52,
            "NH": 0.48
        }
    },
    "alphas": {
        "H": {
            "H": 1,
            "NH": 1
        },
        "NH": {
            "H": 1,
            "NH": 1
        }
    },
    "slate_to_candidates": {
        "H": [
            "H1",
            "H2",
            "H3",
            "H4",
            "H5"
        ],
        "NH": [
            "NH1",
            "NH2",
            "NH3",
            "NH4",
            "NH5"
        ]
    }
}