{
    "bloc_voter_props": {
        "H": [
            0.2056141513510367,
            0.3991230074369634,
            0.1896309407103475,
            0.42011382567136696,
            0.46960879379026493,
            0.30807948316417183,
            0.4007264941421234,
            0.4633766664653581
        ],
        "NH": [
            0.7943858486489633,
            0.6008769925630366,
            0.8103690592896525,
            0.5798861743286331,
            0.530391206209735,
            0.6919205168358282,
            0.5992735058578765,
            0.5366233335346419
        ]
    },
    "cohesion_parameters": {
        "H": {
            "H": 0.77,
            "NH": 0.23
        },
        "NH": {
            "H": 0.52,
            "NH": 0.48
        }
    },
    "alphas": {
        "H": {
            "H": 1,
            "NH": 1
        },
        "NH": {
            "H": 1,
            "NH": 1
        }
    },
    "slate_to_candidates": {
        "H": [
            "H1",
            "H2",
            "H3",
            "H4",
            "H5"
        ],
        "NH": [
            "NH1",
            "NH2",
            "NH3",
            "NH4",
            "NH5"
        ]
    }
}