{
    "bloc_voter_props": {
        "H": [
            0.5143368052053547,
            0.28197063941278827,
            0.41237475166277965,
            0.42114712175773705,
            0.38856267171862446,
            0.49805230799604133,
            0.18939469966573774,
            0.5034177156797035,
            154315.0,
            102612.0,
            45004.0,
            47762.0,
            147832.0,
            256915.0,
            151550.0,
            49876.0,
            227444.0,
            114271.0,
            125058.0,
            81476.0,
            105442.0,
            140009.0,
            187512.0,
            102668.0,
            85355.0,
            71935.0,
            239998.0,
            112729.0,
            142881.0,
            122639.0,
            207179.0,
            146925.0,
            70856.0,
            48657.0,
            153655.0,
            140025.0,
            103024.0,
            51081.0,
            155830.0,
            195580.0,
            171627.0,
            90922.0,
            174470.0,
            194197.0,
            67436.0,
            79111.0,
            93617.0,
            79102.0,
            148064.0,
            129751.0,
            73601.0,
            336318.0,
            95972.0,
            76264.0,
            86278.0,
            226514.0,
            79404.0,
            179401.0,
            57409.0,
            228365.0,
            243414.0,
            114718.0,
            47120.0,
            83217.0,
            212028.0,
            269480.0,
            215429.0,
            237683.0,
            171649.0,
            112597.0,
            113755.0,
            130864.0,
            53701.0,
            227256.0,
            51476.0,
            178407.0,
            188730.0,
            126371.0,
            94985.0,
            74991.0
        ],
        "NH": [
            0.48566319479464526,
            0.7180293605872118,
            0.5876252483372203,
            0.578852878242263,
            0.6114373282813755,
            0.5019476920039586,
            0.8106053003342623,
            0.49658228432029655,
            230342.0,
            266017.0,
            328319.0,
            351309.0,
            255345.0,
            138474.0,
            218977.0,
            351883.0,
            155917.0,
            259875.0,
            269737.0,
            300462.0,
            264202.0,
            234062.0,
            208141.0,
            286586.0,
            285378.0,
            295885.0,
            128672.0,
            257362.0,
            252629.0,
            243784.0,
            181287.0,
            234175.0,
            332959.0,
            348053.0,
            225719.0,
            244665.0,
            274354.0,
            325077.0,
            244165.0,
            202977.0,
            231665.0,
            310229.0,
            209422.0,
            194670.0,
            302028.0,
            321005.0,
            285507.0,
            288697.0,
            228343.0,
            273815.0,
            330547.0,
            48959.0,
            301696.0,
            290662.0,
            299720.0,
            143105.0,
            288487.0,
            190677.0,
            346293.0,
            140738.0,
            156044.0,
            260527.0,
            345761.0,
            319391.0,
            191464.0,
            128508.0,
            154147.0,
            156174.0,
            230240.0,
            284880.0,
            280513.0,
            247032.0,
            324858.0,
            141115.0,
            335464.0,
            209502.0,
            197434.0,
            264146.0,
            299420.0,
            297616.0
        ]
    },
    "cohesion_parameters": {
        "H": {
            "H": 0.77,
            "NH": 0.23
        },
        "NH": {
            "H": 0.52,
            "NH": 0.48
        }
    },
    "alphas": {
        "H": {
            "H": 1,
            "NH": 1
        },
        "NH": {
            "H": 1,
            "NH": 1
        }
    },
    "slate_to_candidates": {
        "H": [
            "H1",
            "H2",
            "H3",
            "H4",
            "H5"
        ],
        "NH": [
            "NH1",
            "NH2",
            "NH3",
            "NH4",
            "NH5"
        ]
    }
}