{
    "bloc_voter_props": {
        "H": [
            0.5153991799919224,
            0.1905047013533159,
            0.3936728412954224,
            0.20449130871358903,
            0.40382202765532205,
            0.4051657071728645,
            0.3893961864320947,
            0.3399572105631147
        ],
        "NH": [
            0.4846008200080776,
            0.8094952986466841,
            0.6063271587045775,
            0.795508691286411,
            0.596177972344678,
            0.5948342928271355,
            0.6106038135679053,
            0.6600427894368853
        ]
    },
    "cohesion_parameters": {
        "H": {
            "H": 0.77,
            "NH": 0.23
        },
        "NH": {
            "H": 0.52,
            "NH": 0.48
        }
    },
    "alphas": {
        "H": {
            "H": 1,
            "NH": 1
        },
        "NH": {
            "H": 1,
            "NH": 1
        }
    },
    "slate_to_candidates": {
        "H": [
            "H1",
            "H2",
            "H3",
            "H4",
            "H5"
        ],
        "NH": [
            "NH1",
            "NH2",
            "NH3",
            "NH4",
            "NH5"
        ]
    }
}