{
    "bloc_voter_props": {
        "H": [
            0.343948279371737,
            0.456218624453327,
            0.21263643498744694,
            0.4722184913809244,
            0.19280650337501823,
            0.36592046606052453,
            0.44386574724290334,
            0.33358769464559457
        ],
        "NH": [
            0.656051720628263,
            0.5437813755466729,
            0.787363565012553,
            0.5277815086190756,
            0.8071934966249817,
            0.6340795339394755,
            0.5561342527570966,
            0.6664123053544054
        ]
    },
    "cohesion_parameters": {
        "H": {
            "H": 0.77,
            "NH": 0.23
        },
        "NH": {
            "H": 0.52,
            "NH": 0.48
        }
    },
    "alphas": {
        "H": {
            "H": 1,
            "NH": 1
        },
        "NH": {
            "H": 1,
            "NH": 1
        }
    },
    "slate_to_candidates": {
        "H": [
            "H1",
            "H2",
            "H3",
            "H4",
            "H5"
        ],
        "NH": [
            "NH1",
            "NH2",
            "NH3",
            "NH4",
            "NH5"
        ]
    }
}