{
    "bloc_voter_props": {
        "H": [
            0.4405160259661223,
            0.2117970388409217,
            0.5622570142530986,
            0.35162548403733584,
            0.2791882055636301,
            0.2561488826776965,
            0.45251160203886226,
            0.27287731109527497
        ],
        "NH": [
            0.5594839740338777,
            0.7882029611590783,
            0.4377429857469014,
            0.6483745159626642,
            0.7208117944363699,
            0.7438511173223035,
            0.5474883979611378,
            0.7271226889047251
        ]
    },
    "cohesion_parameters": {
        "H": {
            "H": 0.77,
            "NH": 0.23
        },
        "NH": {
            "H": 0.52,
            "NH": 0.48
        }
    },
    "alphas": {
        "H": {
            "H": 1,
            "NH": 1
        },
        "NH": {
            "H": 1,
            "NH": 1
        }
    },
    "slate_to_candidates": {
        "H": [
            "H1",
            "H2",
            "H3",
            "H4",
            "H5"
        ],
        "NH": [
            "NH1",
            "NH2",
            "NH3",
            "NH4",
            "NH5"
        ]
    }
}