{
    "bloc_voter_props": {
        "H": [
            0.5297836749428072,
            0.39029941406897495,
            0.44257395196050947,
            0.21048926487187491,
            0.40382202765532205,
            0.20031423277215438,
            0.33999262375364625,
            0.3399572105631147
        ],
        "NH": [
            0.4702163250571928,
            0.609700585931025,
            0.5574260480394906,
            0.7895107351281251,
            0.596177972344678,
            0.7996857672278456,
            0.6600073762463537,
            0.6600427894368853
        ]
    },
    "cohesion_parameters": {
        "H": {
            "H": 0.77,
            "NH": 0.23
        },
        "NH": {
            "H": 0.52,
            "NH": 0.48
        }
    },
    "alphas": {
        "H": {
            "H": 1,
            "NH": 1
        },
        "NH": {
            "H": 1,
            "NH": 1
        }
    },
    "slate_to_candidates": {
        "H": [
            "H1",
            "H2",
            "H3",
            "H4",
            "H5"
        ],
        "NH": [
            "NH1",
            "NH2",
            "NH3",
            "NH4",
            "NH5"
        ]
    }
}