{
    "bloc_voter_props": {
        "H": [
            0.4199162742968436,
            0.3879657679612007,
            0.36841061702242617,
            0.20449130871358903,
            0.20049122428205682,
            0.40406196541599126,
            0.5200002699820462,
            0.3399572105631147
        ],
        "NH": [
            0.5800837257031565,
            0.6120342320387993,
            0.6315893829775738,
            0.795508691286411,
            0.7995087757179432,
            0.5959380345840087,
            0.4799997300179538,
            0.6600427894368853
        ]
    },
    "cohesion_parameters": {
        "H": {
            "H": 0.77,
            "NH": 0.23
        },
        "NH": {
            "H": 0.52,
            "NH": 0.48
        }
    },
    "alphas": {
        "H": {
            "H": 1,
            "NH": 1
        },
        "NH": {
            "H": 1,
            "NH": 1
        }
    },
    "slate_to_candidates": {
        "H": [
            "H1",
            "H2",
            "H3",
            "H4",
            "H5"
        ],
        "NH": [
            "NH1",
            "NH2",
            "NH3",
            "NH4",
            "NH5"
        ]
    }
}