{
    "bloc_voter_props": {
        "H": [
            0.2075006959418801,
            0.4046593644408487,
            0.18762460187989397,
            0.5418617237844051,
            0.32363802581732015,
            0.412424842404679,
            0.3158842614740668,
            0.46586074328805327
        ],
        "NH": [
            0.79249930405812,
            0.5953406355591513,
            0.8123753981201061,
            0.4581382762155949,
            0.6763619741826798,
            0.587575157595321,
            0.6841157385259332,
            0.5341392567119467
        ]
    },
    "cohesion_parameters": {
        "H": {
            "H": 0.77,
            "NH": 0.23
        },
        "NH": {
            "H": 0.52,
            "NH": 0.48
        }
    },
    "alphas": {
        "H": {
            "H": 1,
            "NH": 1
        },
        "NH": {
            "H": 1,
            "NH": 1
        }
    },
    "slate_to_candidates": {
        "H": [
            "H1",
            "H2",
            "H3",
            "H4",
            "H5"
        ],
        "NH": [
            "NH1",
            "NH2",
            "NH3",
            "NH4",
            "NH5"
        ]
    }
}