{
    "bloc_voter_props": {
        "H": [
            0.5143368052053547,
            0.28197063941278827,
            0.6085124074738318,
            0.4958973989406332,
            0.38856267171862446,
            0.42800146090198105,
            0.18939469966573774,
            0.45476765271344927,
            154315.0,
            114142.0,
            45004.0,
            47762.0,
            147832.0,
            256915.0,
            151550.0,
            48653.0,
            228667.0,
            138025.0,
            81282.0,
            81476.0,
            98210.0,
            124927.0,
            187512.0,
            102668.0,
            85355.0,
            74897.0,
            239998.0,
            172074.0,
            142881.0,
            122639.0,
            207179.0,
            146925.0,
            49899.0,
            69614.0,
            153655.0,
            140025.0,
            103024.0,
            51081.0,
            151558.0,
            195580.0,
            128167.0,
            90922.0,
            174470.0,
            194197.0,
            67436.0,
            79111.0,
            102227.0,
            79102.0,
            147617.0,
            121079.0,
            70639.0,
            336318.0,
            95972.0,
            76264.0,
            86278.0,
            155796.0,
            84178.0,
            179401.0,
            57409.0,
            228365.0,
            243414.0,
            101810.0,
            47120.0,
            276955.0,
            251056.0,
            119518.0,
            215429.0,
            237683.0,
            171649.0,
            112597.0,
            113755.0,
            130864.0,
            53701.0,
            231528.0,
            51476.0,
            119062.0,
            207725.0,
            121597.0,
            94985.0,
            74991.0
        ],
        "NH": [
            0.48566319479464526,
            0.7180293605872118,
            0.3914875925261682,
            0.5041026010593668,
            0.6114373282813755,
            0.571998539098019,
            0.8106053003342623,
            0.5452323472865507,
            230342.0,
            256504.0,
            328319.0,
            351309.0,
            255345.0,
            138474.0,
            218977.0,
            346844.0,
            160956.0,
            243917.0,
            311575.0,
            300462.0,
            271814.0,
            241860.0,
            208141.0,
            286586.0,
            285378.0,
            325347.0,
            128672.0,
            194093.0,
            252629.0,
            243784.0,
            181287.0,
            234175.0,
            349403.0,
            331609.0,
            225719.0,
            244665.0,
            274354.0,
            325077.0,
            219681.0,
            202977.0,
            273655.0,
            310229.0,
            209422.0,
            194670.0,
            302028.0,
            321005.0,
            273118.0,
            288697.0,
            227284.0,
            281975.0,
            301085.0,
            48959.0,
            301696.0,
            290662.0,
            299720.0,
            217789.0,
            298740.0,
            190677.0,
            346293.0,
            140738.0,
            156044.0,
            274817.0,
            345761.0,
            126917.0,
            146660.0,
            279144.0,
            154147.0,
            156174.0,
            230240.0,
            284880.0,
            280513.0,
            247032.0,
            324858.0,
            165599.0,
            335464.0,
            272771.0,
            180784.0,
            253893.0,
            299420.0,
            297616.0
        ]
    },
    "cohesion_parameters": {
        "H": {
            "H": 0.77,
            "NH": 0.23
        },
        "NH": {
            "H": 0.52,
            "NH": 0.48
        }
    },
    "alphas": {
        "H": {
            "H": 1,
            "NH": 1
        },
        "NH": {
            "H": 1,
            "NH": 1
        }
    },
    "slate_to_candidates": {
        "H": [
            "H1",
            "H2",
            "H3",
            "H4",
            "H5"
        ],
        "NH": [
            "NH1",
            "NH2",
            "NH3",
            "NH4",
            "NH5"
        ]
    }
}