{
    "bloc_voter_props": {
        "H": [
            0.485242316927844,
            0.4323086422687466,
            0.21528007304612923,
            0.32590850038279245,
            0.5128420779399325,
            0.32529867655516936,
            0.2047454309122206,
            0.33064918157548195
        ],
        "NH": [
            0.5147576830721561,
            0.5676913577312533,
            0.7847199269538707,
            0.6740914996172076,
            0.4871579220600675,
            0.6747013234448307,
            0.7952545690877794,
            0.669350818424518
        ]
    },
    "cohesion_parameters": {
        "H": {
            "H": 0.77,
            "NH": 0.23
        },
        "NH": {
            "H": 0.52,
            "NH": 0.48
        }
    },
    "alphas": {
        "H": {
            "H": 1,
            "NH": 1
        },
        "NH": {
            "H": 1,
            "NH": 1
        }
    },
    "slate_to_candidates": {
        "H": [
            "H1",
            "H2",
            "H3",
            "H4",
            "H5"
        ],
        "NH": [
            "NH1",
            "NH2",
            "NH3",
            "NH4",
            "NH5"
        ]
    }
}