{
    "bloc_voter_props": {
        "H": [
            0.5606506762374904,
            0.21863984303929015,
            0.34538011128199103,
            0.37124455482547286,
            0.18544674111023637,
            0.4312746201838663,
            0.28094122572348196,
            0.4464044545080041
        ],
        "NH": [
            0.43934932376250957,
            0.7813601569607098,
            0.654619888718009,
            0.6287554451745271,
            0.8145532588897636,
            0.5687253798161337,
            0.7190587742765181,
            0.553595545491996
        ]
    },
    "cohesion_parameters": {
        "H": {
            "H": 0.77,
            "NH": 0.23
        },
        "NH": {
            "H": 0.52,
            "NH": 0.48
        }
    },
    "alphas": {
        "H": {
            "H": 1,
            "NH": 1
        },
        "NH": {
            "H": 1,
            "NH": 1
        }
    },
    "slate_to_candidates": {
        "H": [
            "H1",
            "H2",
            "H3",
            "H4",
            "H5"
        ],
        "NH": [
            "NH1",
            "NH2",
            "NH3",
            "NH4",
            "NH5"
        ]
    }
}