{
    "bloc_voter_props": {
        "H": [
            0.5113912412619417,
            0.3220853713572347,
            0.17957535799069788,
            0.3213792517368119,
            0.3209957433553787,
            0.46781628755648835,
            0.25767957711822886,
            0.45248816241827394
        ],
        "NH": [
            0.48860875873805826,
            0.6779146286427653,
            0.8204246420093021,
            0.6786207482631881,
            0.6790042566446213,
            0.5321837124435116,
            0.7423204228817711,
            0.5475118375817261
        ]
    },
    "cohesion_parameters": {
        "H": {
            "H": 0.77,
            "NH": 0.23
        },
        "NH": {
            "H": 0.52,
            "NH": 0.48
        }
    },
    "alphas": {
        "H": {
            "H": 1,
            "NH": 1
        },
        "NH": {
            "H": 1,
            "NH": 1
        }
    },
    "slate_to_candidates": {
        "H": [
            "H1",
            "H2",
            "H3",
            "H4",
            "H5"
        ],
        "NH": [
            "NH1",
            "NH2",
            "NH3",
            "NH4",
            "NH5"
        ]
    }
}