{
    "bloc_voter_props": {
        "H": [
            0.5142324251584973,
            0.25230671993154735,
            0.3640208510294058,
            0.48736015515853487,
            0.25715834824285944,
            0.22748590646083133,
            0.4501703593453111,
            0.2849483589256078
        ],
        "NH": [
            0.48576757484150274,
            0.7476932800684526,
            0.6359791489705942,
            0.5126398448414652,
            0.7428416517571406,
            0.7725140935391687,
            0.5498296406546889,
            0.7150516410743921
        ]
    },
    "cohesion_parameters": {
        "H": {
            "H": 0.77,
            "NH": 0.23
        },
        "NH": {
            "H": 0.52,
            "NH": 0.48
        }
    },
    "alphas": {
        "H": {
            "H": 1,
            "NH": 1
        },
        "NH": {
            "H": 1,
            "NH": 1
        }
    },
    "slate_to_candidates": {
        "H": [
            "H1",
            "H2",
            "H3",
            "H4",
            "H5"
        ],
        "NH": [
            "NH1",
            "NH2",
            "NH3",
            "NH4",
            "NH5"
        ]
    }
}