{
    "bloc_voter_props": {
        "H": [
            0.4785868223230989,
            0.2697355389719045,
            0.4469491885310328,
            0.3192746175494478,
            0.2791882055636301,
            0.21252606155359255,
            0.5628498288365088,
            0.25832976853704526
        ],
        "NH": [
            0.5214131776769011,
            0.7302644610280955,
            0.5530508114689672,
            0.6807253824505523,
            0.7208117944363699,
            0.7874739384464075,
            0.4371501711634912,
            0.7416702314629547
        ]
    },
    "cohesion_parameters": {
        "H": {
            "H": 0.77,
            "NH": 0.23
        },
        "NH": {
            "H": 0.52,
            "NH": 0.48
        }
    },
    "alphas": {
        "H": {
            "H": 1,
            "NH": 1
        },
        "NH": {
            "H": 1,
            "NH": 1
        }
    },
    "slate_to_candidates": {
        "H": [
            "H1",
            "H2",
            "H3",
            "H4",
            "H5"
        ],
        "NH": [
            "NH1",
            "NH2",
            "NH3",
            "NH4",
            "NH5"
        ]
    }
}