{
    "bloc_voter_props": {
        "H": [
            0.18992790446162694,
            0.4522800413894489,
            0.2975013091124631,
            0.43346989134937475,
            0.26316592168138636,
            0.5110991867997333,
            0.2776866567312519,
            0.40782985712563813
        ],
        "NH": [
            0.8100720955383731,
            0.5477199586105511,
            0.7024986908875369,
            0.5665301086506253,
            0.7368340783186137,
            0.4889008132002666,
            0.7223133432687481,
            0.5921701428743619
        ]
    },
    "cohesion_parameters": {
        "H": {
            "H": 0.77,
            "NH": 0.23
        },
        "NH": {
            "H": 0.52,
            "NH": 0.48
        }
    },
    "alphas": {
        "H": {
            "H": 1,
            "NH": 1
        },
        "NH": {
            "H": 1,
            "NH": 1
        }
    },
    "slate_to_candidates": {
        "H": [
            "H1",
            "H2",
            "H3",
            "H4",
            "H5"
        ],
        "NH": [
            "NH1",
            "NH2",
            "NH3",
            "NH4",
            "NH5"
        ]
    }
}