{
    "bloc_voter_props": {
        "H": [
            0.43453539103033895,
            0.4230858558293375,
            0.33313786447065213,
            0.3899750719351947,
            0.1840134238348512,
            0.37725099475445134,
            0.4766422923425299,
            0.2208410102771007
        ],
        "NH": [
            0.565464608969661,
            0.5769141441706624,
            0.6668621355293479,
            0.6100249280648053,
            0.8159865761651488,
            0.6227490052455487,
            0.52335770765747,
            0.7791589897228993
        ]
    },
    "cohesion_parameters": {
        "H": {
            "H": 0.77,
            "NH": 0.23
        },
        "NH": {
            "H": 0.52,
            "NH": 0.48
        }
    },
    "alphas": {
        "H": {
            "H": 1,
            "NH": 1
        },
        "NH": {
            "H": 1,
            "NH": 1
        }
    },
    "slate_to_candidates": {
        "H": [
            "H1",
            "H2",
            "H3",
            "H4",
            "H5"
        ],
        "NH": [
            "NH1",
            "NH2",
            "NH3",
            "NH4",
            "NH5"
        ]
    }
}