{
    "bloc_voter_props": {
        "H": [
            0.3435425006952564,
            0.5022972740624463,
            0.19466116123754718,
            0.450933849504838,
            0.19088652278921206,
            0.32949501335188575,
            0.3751249516232846,
            0.45248816241827394
        ],
        "NH": [
            0.6564574993047436,
            0.4977027259375537,
            0.8053388387624528,
            0.5490661504951619,
            0.809113477210788,
            0.6705049866481143,
            0.6248750483767155,
            0.5475118375817261
        ]
    },
    "cohesion_parameters": {
        "H": {
            "H": 0.77,
            "NH": 0.23
        },
        "NH": {
            "H": 0.52,
            "NH": 0.48
        }
    },
    "alphas": {
        "H": {
            "H": 1,
            "NH": 1
        },
        "NH": {
            "H": 1,
            "NH": 1
        }
    },
    "slate_to_candidates": {
        "H": [
            "H1",
            "H2",
            "H3",
            "H4",
            "H5"
        ],
        "NH": [
            "NH1",
            "NH2",
            "NH3",
            "NH4",
            "NH5"
        ]
    }
}