{
    "bloc_voter_props": {
        "H": [
            0.4962359741516109,
            0.3542643490114845,
            0.4473856189814857,
            0.3494210712438101,
            0.3131218099447485,
            0.196496571740963,
            0.43608440463035864,
            0.23249601468658546
        ],
        "NH": [
            0.5037640258483891,
            0.6457356509885155,
            0.5526143810185142,
            0.6505789287561898,
            0.6868781900552515,
            0.803503428259037,
            0.5639155953696414,
            0.7675039853134146
        ]
    },
    "cohesion_parameters": {
        "H": {
            "H": 0.77,
            "NH": 0.23
        },
        "NH": {
            "H": 0.52,
            "NH": 0.48
        }
    },
    "alphas": {
        "H": {
            "H": 1,
            "NH": 1
        },
        "NH": {
            "H": 1,
            "NH": 1
        }
    },
    "slate_to_candidates": {
        "H": [
            "H1",
            "H2",
            "H3",
            "H4",
            "H5"
        ],
        "NH": [
            "NH1",
            "NH2",
            "NH3",
            "NH4",
            "NH5"
        ]
    }
}