{
    "bloc_voter_props": {
        "H": [
            0.4025432250419885,
            0.16992342010235767,
            0.626952254607746,
            0.31392706103207163,
            0.37678313507197453,
            0.28488812305834704,
            0.13362996179325548,
            0.15288411110358308,
            157071.0,
            64561.0,
            100417.0,
            104994.0,
            131028.0,
            148629.0,
            143454.0,
            137693.0,
            104549.0,
            77162.0,
            109566.0,
            60245.0,
            62167.0,
            196390.0,
            215356.0,
            42386.0,
            84411.0,
            55081.0,
            121312.0,
            125531.0,
            186901.0,
            131224.0,
            121758.0,
            112407.0,
            96076.0,
            91712.0,
            83271.0,
            153164.0,
            37156.0,
            70987.0,
            133925.0,
            177968.0,
            219769.0,
            199383.0,
            328186.0,
            75055.0,
            222728.0,
            52951.0,
            45861.0,
            148727.0,
            226252.0,
            148046.0,
            51928.0,
            309471.0,
            98943.0,
            231438.0,
            46261.0,
            200525.0,
            92974.0,
            176715.0,
            212896.0,
            130913.0,
            230120.0,
            94052.0,
            66265.0,
            265917.0,
            165068.0,
            234428.0,
            187795.0,
            154648.0,
            204914.0,
            136335.0,
            159590.0,
            127079.0,
            71301.0,
            207889.0,
            93556.0,
            152249.0,
            191050.0,
            121759.0,
            162171.0,
            111109.0
        ],
        "NH": [
            0.5974567749580115,
            0.8300765798976423,
            0.3730477453922541,
            0.6860729389679283,
            0.6232168649280254,
            0.7151118769416529,
            0.8663700382067445,
            0.8471158888964169,
            232553.0,
            323483.0,
            292258.0,
            294405.0,
            265574.0,
            218315.0,
            247476.0,
            250740.0,
            277438.0,
            313150.0,
            281502.0,
            330130.0,
            337935.0,
            176056.0,
            187362.0,
            333073.0,
            301003.0,
            329896.0,
            253691.0,
            244022.0,
            216327.0,
            243546.0,
            267344.0,
            283026.0,
            277685.0,
            277082.0,
            292025.0,
            224481.0,
            352950.0,
            319753.0,
            249432.0,
            190483.0,
            179164.0,
            204368.0,
            71100.0,
            320585.0,
            148202.0,
            325311.0,
            335560.0,
            232032.0,
            173876.0,
            253647.0,
            319460.0,
            82180.0,
            271174.0,
            145465.0,
            327188.0,
            168248.0,
            301386.0,
            202459.0,
            190142.0,
            241580.0,
            153799.0,
            287665.0,
            304695.0,
            128894.0,
            217492.0,
            168935.0,
            196762.0,
            247179.0,
            191720.0,
            264860.0,
            222006.0,
            239058.0,
            322967.0,
            179100.0,
            302816.0,
            235658.0,
            178182.0,
            261632.0,
            241013.0,
            263887.0
        ]
    },
    "cohesion_parameters": {
        "H": {
            "H": 0.77,
            "NH": 0.23
        },
        "NH": {
            "H": 0.52,
            "NH": 0.48
        }
    },
    "alphas": {
        "H": {
            "H": 1,
            "NH": 1
        },
        "NH": {
            "H": 1,
            "NH": 1
        }
    },
    "slate_to_candidates": {
        "H": [
            "H1",
            "H2",
            "H3",
            "H4",
            "H5"
        ],
        "NH": [
            "NH1",
            "NH2",
            "NH3",
            "NH4",
            "NH5"
        ]
    }
}