{
    "bloc_voter_props": {
        "H": [
            0.35222512808100037,
            0.36634961144975675,
            0.18081151540673332,
            0.4198595582306692,
            0.410704564084426,
            0.4856892860577749,
            0.2209223003208279,
            0.39227581436217357
        ],
        "NH": [
            0.6477748719189996,
            0.6336503885502432,
            0.8191884845932667,
            0.5801404417693308,
            0.589295435915574,
            0.514310713942225,
            0.7790776996791721,
            0.6077241856378265
        ]
    },
    "cohesion_parameters": {
        "H": {
            "H": 0.77,
            "NH": 0.23
        },
        "NH": {
            "H": 0.52,
            "NH": 0.48
        }
    },
    "alphas": {
        "H": {
            "H": 1,
            "NH": 1
        },
        "NH": {
            "H": 1,
            "NH": 1
        }
    },
    "slate_to_candidates": {
        "H": [
            "H1",
            "H2",
            "H3",
            "H4",
            "H5"
        ],
        "NH": [
            "NH1",
            "NH2",
            "NH3",
            "NH4",
            "NH5"
        ]
    }
}