{
    "bloc_voter_props": {
        "H": [
            0.343948279371737,
            0.19762709947467452,
            0.1998320077349413,
            0.5092669189386818,
            0.3295396021016023,
            0.31045738863903766,
            0.47485787907967036,
            0.45359890124101826
        ],
        "NH": [
            0.656051720628263,
            0.8023729005253255,
            0.8001679922650587,
            0.4907330810613182,
            0.6704603978983977,
            0.6895426113609623,
            0.5251421209203296,
            0.5464010987589817
        ]
    },
    "cohesion_parameters": {
        "H": {
            "H": 0.77,
            "NH": 0.23
        },
        "NH": {
            "H": 0.52,
            "NH": 0.48
        }
    },
    "alphas": {
        "H": {
            "H": 1,
            "NH": 1
        },
        "NH": {
            "H": 1,
            "NH": 1
        }
    },
    "slate_to_candidates": {
        "H": [
            "H1",
            "H2",
            "H3",
            "H4",
            "H5"
        ],
        "NH": [
            "NH1",
            "NH2",
            "NH3",
            "NH4",
            "NH5"
        ]
    }
}