{
    "bloc_voter_props": {
        "H": [
            0.43453539103033895,
            0.43908088817077134,
            0.33597301053502554,
            0.3857394657266129,
            0.20861910871926473,
            0.20010566541593136,
            0.4766422923425299,
            0.35461330950960895
        ],
        "NH": [
            0.565464608969661,
            0.5609191118292287,
            0.6640269894649744,
            0.6142605342733871,
            0.7913808912807353,
            0.7998943345840687,
            0.52335770765747,
            0.6453866904903911
        ]
    },
    "cohesion_parameters": {
        "H": {
            "H": 0.77,
            "NH": 0.23
        },
        "NH": {
            "H": 0.52,
            "NH": 0.48
        }
    },
    "alphas": {
        "H": {
            "H": 1,
            "NH": 1
        },
        "NH": {
            "H": 1,
            "NH": 1
        }
    },
    "slate_to_candidates": {
        "H": [
            "H1",
            "H2",
            "H3",
            "H4",
            "H5"
        ],
        "NH": [
            "NH1",
            "NH2",
            "NH3",
            "NH4",
            "NH5"
        ]
    }
}