{
    "bloc_voter_props": {
        "H": [
            0.4349485429755097,
            0.4219312650559609,
            0.46373862219613754,
            0.3899750719351947,
            0.2039426024617924,
            0.37725099475445134,
            0.34370156732201107,
            0.20041353268532736
        ],
        "NH": [
            0.5650514570244903,
            0.5780687349440391,
            0.5362613778038625,
            0.6100249280648053,
            0.7960573975382076,
            0.6227490052455487,
            0.6562984326779889,
            0.7995864673146726
        ]
    },
    "cohesion_parameters": {
        "H": {
            "H": 0.77,
            "NH": 0.23
        },
        "NH": {
            "H": 0.52,
            "NH": 0.48
        }
    },
    "alphas": {
        "H": {
            "H": 1,
            "NH": 1
        },
        "NH": {
            "H": 1,
            "NH": 1
        }
    },
    "slate_to_candidates": {
        "H": [
            "H1",
            "H2",
            "H3",
            "H4",
            "H5"
        ],
        "NH": [
            "NH1",
            "NH2",
            "NH3",
            "NH4",
            "NH5"
        ]
    }
}