{
    "bloc_voter_props": {
        "H": [
            0.5209113445950769,
            0.4542093616648133,
            0.19370052973665394,
            0.3252873018931804,
            0.19088652278921206,
            0.3223519799088411,
            0.37203158152182025,
            0.45793258245027474
        ],
        "NH": [
            0.47908865540492307,
            0.5457906383351867,
            0.806299470263346,
            0.6747126981068196,
            0.809113477210788,
            0.6776480200911589,
            0.6279684184781797,
            0.5420674175497253
        ]
    },
    "cohesion_parameters": {
        "H": {
            "H": 0.77,
            "NH": 0.23
        },
        "NH": {
            "H": 0.52,
            "NH": 0.48
        }
    },
    "alphas": {
        "H": {
            "H": 1,
            "NH": 1
        },
        "NH": {
            "H": 1,
            "NH": 1
        }
    },
    "slate_to_candidates": {
        "H": [
            "H1",
            "H2",
            "H3",
            "H4",
            "H5"
        ],
        "NH": [
            "NH1",
            "NH2",
            "NH3",
            "NH4",
            "NH5"
        ]
    }
}