{
    "bloc_voter_props": {
        "H": [
            0.19084412062645184,
            0.46794510312637305,
            0.2052442767362449,
            0.37817351857750076,
            0.4155095595342813,
            0.2528793013453398,
            0.5026711866702892,
            0.4011178737572467
        ],
        "NH": [
            0.8091558793735482,
            0.532054896873627,
            0.7947557232637551,
            0.6218264814224993,
            0.5844904404657186,
            0.7471206986546601,
            0.4973288133297108,
            0.5988821262427533
        ]
    },
    "cohesion_parameters": {
        "H": {
            "H": 0.77,
            "NH": 0.23
        },
        "NH": {
            "H": 0.52,
            "NH": 0.48
        }
    },
    "alphas": {
        "H": {
            "H": 1,
            "NH": 1
        },
        "NH": {
            "H": 1,
            "NH": 1
        }
    },
    "slate_to_candidates": {
        "H": [
            "H1",
            "H2",
            "H3",
            "H4",
            "H5"
        ],
        "NH": [
            "NH1",
            "NH2",
            "NH3",
            "NH4",
            "NH5"
        ]
    }
}