{
    "bloc_voter_props": {
        "H": [
            0.2717959866345478,
            0.19250258189380517,
            0.49708844568767424,
            0.45433949348481284,
            0.349043876683223,
            0.2523837187258979,
            0.47447035396174675,
            0.3562945226386298
        ],
        "NH": [
            0.7282040133654522,
            0.8074974181061948,
            0.5029115543123258,
            0.5456605065151872,
            0.650956123316777,
            0.7476162812741022,
            0.5255296460382533,
            0.6437054773613702
        ]
    },
    "cohesion_parameters": {
        "H": {
            "H": 0.77,
            "NH": 0.23
        },
        "NH": {
            "H": 0.52,
            "NH": 0.48
        }
    },
    "alphas": {
        "H": {
            "H": 1,
            "NH": 1
        },
        "NH": {
            "H": 1,
            "NH": 1
        }
    },
    "slate_to_candidates": {
        "H": [
            "H1",
            "H2",
            "H3",
            "H4",
            "H5"
        ],
        "NH": [
            "NH1",
            "NH2",
            "NH3",
            "NH4",
            "NH5"
        ]
    }
}