{
    "bloc_voter_props": {
        "H": [
            0.4099822729335225,
            0.20579251200974696,
            0.2901501045818327,
            0.28568759174043423,
            0.3438805278512075,
            0.30069423460727807,
            0.4673662446213854,
            0.5311722636233176
        ],
        "NH": [
            0.5900177270664775,
            0.794207487990253,
            0.7098498954181673,
            0.7143124082595658,
            0.6561194721487925,
            0.6993057653927219,
            0.5326337553786147,
            0.4688277363766824
        ]
    },
    "cohesion_parameters": {
        "H": {
            "H": 0.77,
            "NH": 0.23
        },
        "NH": {
            "H": 0.52,
            "NH": 0.48
        }
    },
    "alphas": {
        "H": {
            "H": 1,
            "NH": 1
        },
        "NH": {
            "H": 1,
            "NH": 1
        }
    },
    "slate_to_candidates": {
        "H": [
            "H1",
            "H2",
            "H3",
            "H4",
            "H5"
        ],
        "NH": [
            "NH1",
            "NH2",
            "NH3",
            "NH4",
            "NH5"
        ]
    }
}