{
    "bloc_voter_props": {
        "H": [
            0.33447567567567565,
            0.19873576028360926,
            0.40718981903397994,
            0.23521334715267636,
            0.39582196266783104,
            0.21985092487751476,
            0.3149054640370942,
            0.5265358209336157,
            191482.0,
            105727.0,
            65663.0,
            83055.0,
            141779.0,
            177915.0,
            116258.0,
            105059.0,
            106788.0,
            305435.0,
            186384.0,
            75971.0,
            43376.0,
            136137.0,
            206547.0,
            61637.0,
            88212.0,
            96890.0,
            176910.0,
            127008.0,
            186227.0,
            159559.0,
            154574.0,
            146925.0,
            65044.0,
            107224.0,
            80786.0,
            178399.0,
            156931.0,
            71449.0,
            133925.0,
            192418.0,
            219769.0,
            113628.0,
            182953.0,
            116988.0,
            220489.0,
            65829.0,
            97403.0,
            159774.0,
            147986.0,
            80692.0,
            87598.0,
            129179.0,
            52416.0,
            55727.0,
            191601.0,
            202953.0,
            121170.0,
            136848.0,
            79972.0,
            255696.0,
            186520.0,
            124693.0,
            68513.0,
            61097.0,
            152745.0,
            212372.0,
            183607.0,
            255162.0,
            177702.0,
            82337.0,
            64472.0,
            78000.0,
            50521.0,
            229058.0,
            67883.0,
            269889.0,
            193663.0,
            317144.0,
            160416.0,
            44339.0
        ],
        "NH": [
            0.6655243243243243,
            0.8012642397163907,
            0.59281018096602,
            0.7647866528473236,
            0.604178037332169,
            0.7801490751224852,
            0.6850945359629058,
            0.4734641790663842,
            200603.0,
            292641.0,
            302293.0,
            316082.0,
            260845.0,
            196226.0,
            258065.0,
            299084.0,
            275238.0,
            94546.0,
            212473.0,
            305790.0,
            350685.0,
            248758.0,
            164506.0,
            319815.0,
            296265.0,
            288082.0,
            201928.0,
            266912.0,
            207370.0,
            207492.0,
            244229.0,
            234175.0,
            319852.0,
            274170.0,
            296623.0,
            201384.0,
            244367.0,
            309418.0,
            249432.0,
            200669.0,
            179164.0,
            290070.0,
            191652.0,
            282330.0,
            150402.0,
            308869.0,
            298090.0,
            223671.0,
            219759.0,
            285781.0,
            299714.0,
            274455.0,
            332101.0,
            341818.0,
            178452.0,
            170326.0,
            280378.0,
            236649.0,
            312927.0,
            117633.0,
            206326.0,
            264849.0,
            299516.0,
            340269.0,
            221330.0,
            175850.0,
            201126.0,
            136617.0,
            224740.0,
            293506.0,
            334453.0,
            291837.0,
            323698.0,
            175159.0,
            320539.0,
            119204.0,
            186722.0,
            55511.0,
            242737.0,
            322221.0
        ]
    },
    "cohesion_parameters": {
        "H": {
            "H": 0.77,
            "NH": 0.23
        },
        "NH": {
            "H": 0.52,
            "NH": 0.48
        }
    },
    "alphas": {
        "H": {
            "H": 1,
            "NH": 1
        },
        "NH": {
            "H": 1,
            "NH": 1
        }
    },
    "slate_to_candidates": {
        "H": [
            "H1",
            "H2",
            "H3",
            "H4",
            "H5"
        ],
        "NH": [
            "NH1",
            "NH2",
            "NH3",
            "NH4",
            "NH5"
        ]
    }
}