{
    "bloc_voter_props": {
        "H": [
            0.46909946823445514,
            0.20625434935654885,
            0.32491076221660803,
            0.4376744295568158,
            0.3668216498976432,
            0.20336721894680715,
            0.30724757499837807,
            0.5262665817536347
        ],
        "NH": [
            0.5309005317655449,
            0.7937456506434512,
            0.675089237783392,
            0.5623255704431842,
            0.6331783501023568,
            0.7966327810531928,
            0.6927524250016219,
            0.4737334182463652
        ]
    },
    "cohesion_parameters": {
        "H": {
            "H": 0.77,
            "NH": 0.23
        },
        "NH": {
            "H": 0.52,
            "NH": 0.48
        }
    },
    "alphas": {
        "H": {
            "H": 1,
            "NH": 1
        },
        "NH": {
            "H": 1,
            "NH": 1
        }
    },
    "slate_to_candidates": {
        "H": [
            "H1",
            "H2",
            "H3",
            "H4",
            "H5"
        ],
        "NH": [
            "NH1",
            "NH2",
            "NH3",
            "NH4",
            "NH5"
        ]
    }
}