{
    "bloc_voter_props": {
        "H": [
            0.17864351055181274,
            0.31658593338008795,
            0.36583374996173823,
            0.4591545780855086,
            0.45361498659651694,
            0.5619847833278201,
            0.33437999390709927,
            0.4605525782661198,
            113575.0,
            103557.0,
            56461.0,
            47762.0,
            159050.0,
            178409.0,
            189179.0,
            88505.0,
            171907.0,
            100760.0,
            75897.0,
            93015.0,
            94894.0,
            242829.0,
            128988.0,
            148151.0,
            132063.0,
            107947.0,
            119944.0,
            45273.0,
            345206.0,
            188581.0,
            96149.0,
            179768.0,
            66185.0,
            82386.0,
            78596.0,
            72190.0,
            81753.0,
            81165.0,
            214565.0,
            228680.0,
            245794.0,
            199104.0,
            189727.0,
            158601.0,
            109599.0,
            84856.0,
            50476.0,
            88335.0,
            174261.0,
            125137.0,
            73920.0,
            189549.0,
            49497.0,
            125068.0,
            62721.0,
            178500.0,
            109299.0,
            163946.0,
            82092.0,
            99203.0,
            207464.0,
            72587.0,
            67949.0,
            161507.0,
            198781.0,
            248625.0,
            158552.0,
            136196.0,
            140017.0,
            264422.0,
            178479.0,
            83285.0,
            80605.0,
            159582.0,
            60447.0,
            180511.0,
            196756.0,
            264243.0,
            118203.0,
            84064.0
        ],
        "NH": [
            0.8213564894481873,
            0.683414066619912,
            0.6341662500382618,
            0.5408454219144915,
            0.5463850134034831,
            0.43801521667217996,
            0.6656200060929007,
            0.5394474217338803,
            271714.0,
            276948.0,
            321675.0,
            351309.0,
            232213.0,
            205188.0,
            184087.0,
            312087.0,
            223142.0,
            297251.0,
            328214.0,
            298299.0,
            278747.0,
            155099.0,
            266627.0,
            222231.0,
            272169.0,
            266359.0,
            255524.0,
            353328.0,
            53765.0,
            203088.0,
            293961.0,
            192687.0,
            314604.0,
            317971.0,
            293819.0,
            307924.0,
            284331.0,
            301430.0,
            174426.0,
            144443.0,
            139331.0,
            204546.0,
            192635.0,
            245646.0,
            288820.0,
            301375.0,
            332199.0,
            300350.0,
            213224.0,
            257375.0,
            307038.0,
            194936.0,
            320025.0,
            262120.0,
            331168.0,
            189388.0,
            263214.0,
            233604.0,
            289541.0,
            294154.0,
            165861.0,
            304841.0,
            324098.0,
            213653.0,
            184875.0,
            138282.0,
            244604.0,
            261708.0,
            247531.0,
            123345.0,
            197057.0,
            308931.0,
            295810.0,
            224576.0,
            319233.0,
            198949.0,
            188231.0,
            120865.0,
            249044.0,
            306129.0
        ]
    },
    "cohesion_parameters": {
        "H": {
            "H": 0.77,
            "NH": 0.23
        },
        "NH": {
            "H": 0.52,
            "NH": 0.48
        }
    },
    "alphas": {
        "H": {
            "H": 1,
            "NH": 1
        },
        "NH": {
            "H": 1,
            "NH": 1
        }
    },
    "slate_to_candidates": {
        "H": [
            "H1",
            "H2",
            "H3",
            "H4",
            "H5"
        ],
        "NH": [
            "NH1",
            "NH2",
            "NH3",
            "NH4",
            "NH5"
        ]
    }
}