{
    "bloc_voter_props": {
        "H": [
            0.44375707354568406,
            0.247923881962033,
            0.40888407914380537,
            0.4527732018870004,
            0.25715834824285944,
            0.23101496544099037,
            0.4670938411883369,
            0.31399872548210467
        ],
        "NH": [
            0.556242926454316,
            0.752076118037967,
            0.5911159208561946,
            0.5472267981129997,
            0.7428416517571406,
            0.7689850345590097,
            0.5329061588116631,
            0.6860012745178954
        ]
    },
    "cohesion_parameters": {
        "H": {
            "H": 0.77,
            "NH": 0.23
        },
        "NH": {
            "H": 0.52,
            "NH": 0.48
        }
    },
    "alphas": {
        "H": {
            "H": 1,
            "NH": 1
        },
        "NH": {
            "H": 1,
            "NH": 1
        }
    },
    "slate_to_candidates": {
        "H": [
            "H1",
            "H2",
            "H3",
            "H4",
            "H5"
        ],
        "NH": [
            "NH1",
            "NH2",
            "NH3",
            "NH4",
            "NH5"
        ]
    }
}