{
    "bloc_voter_props": {
        "H": [
            0.41472531999187046,
            0.19250258189380517,
            0.4519700716382572,
            0.44478019475607933,
            0.349043876683223,
            0.2523837187258979,
            0.47447035396174675,
            0.2690355668540741
        ],
        "NH": [
            0.5852746800081295,
            0.8074974181061948,
            0.5480299283617428,
            0.5552198052439207,
            0.650956123316777,
            0.7476162812741022,
            0.5255296460382533,
            0.730964433145926
        ]
    },
    "cohesion_parameters": {
        "H": {
            "H": 0.77,
            "NH": 0.23
        },
        "NH": {
            "H": 0.52,
            "NH": 0.48
        }
    },
    "alphas": {
        "H": {
            "H": 1,
            "NH": 1
        },
        "NH": {
            "H": 1,
            "NH": 1
        }
    },
    "slate_to_candidates": {
        "H": [
            "H1",
            "H2",
            "H3",
            "H4",
            "H5"
        ],
        "NH": [
            "NH1",
            "NH2",
            "NH3",
            "NH4",
            "NH5"
        ]
    }
}