{
    "bloc_voter_props": {
        "H": [
            0.43948600868670556,
            0.39752872034978554,
            0.19397584764515538,
            0.4737894763575372,
            0.32612729923508615,
            0.2069601623878047,
            0.5327970155191424,
            0.2853818834095894
        ],
        "NH": [
            0.5605139913132944,
            0.6024712796502144,
            0.8060241523548446,
            0.5262105236424628,
            0.6738727007649138,
            0.7930398376121953,
            0.4672029844808576,
            0.7146181165904105
        ]
    },
    "cohesion_parameters": {
        "H": {
            "H": 0.77,
            "NH": 0.23
        },
        "NH": {
            "H": 0.52,
            "NH": 0.48
        }
    },
    "alphas": {
        "H": {
            "H": 1,
            "NH": 1
        },
        "NH": {
            "H": 1,
            "NH": 1
        }
    },
    "slate_to_candidates": {
        "H": [
            "H1",
            "H2",
            "H3",
            "H4",
            "H5"
        ],
        "NH": [
            "NH1",
            "NH2",
            "NH3",
            "NH4",
            "NH5"
        ]
    }
}