{
    "bloc_voter_props": {
        "H": [
            0.44078462059422285,
            0.20625434935654885,
            0.32491076221660803,
            0.4142942173589073,
            0.3668216498976432,
            0.2001914673753385,
            0.4439988952640533,
            0.44012671205990267
        ],
        "NH": [
            0.5592153794057771,
            0.7937456506434512,
            0.675089237783392,
            0.5857057826410927,
            0.6331783501023568,
            0.7998085326246615,
            0.5560011047359468,
            0.5598732879400973
        ]
    },
    "cohesion_parameters": {
        "H": {
            "H": 0.77,
            "NH": 0.23
        },
        "NH": {
            "H": 0.52,
            "NH": 0.48
        }
    },
    "alphas": {
        "H": {
            "H": 1,
            "NH": 1
        },
        "NH": {
            "H": 1,
            "NH": 1
        }
    },
    "slate_to_candidates": {
        "H": [
            "H1",
            "H2",
            "H3",
            "H4",
            "H5"
        ],
        "NH": [
            "NH1",
            "NH2",
            "NH3",
            "NH4",
            "NH5"
        ]
    }
}