{
    "bloc_voter_props": {
        "H": [
            0.46745330936938345,
            0.3220853713572347,
            0.17957535799069788,
            0.3213792517368119,
            0.3451940144264079,
            0.5112797100723184,
            0.23393373814194757,
            0.45096903995987364
        ],
        "NH": [
            0.5325466906306165,
            0.6779146286427653,
            0.8204246420093021,
            0.6786207482631881,
            0.654805985573592,
            0.48872028992768163,
            0.7660662618580525,
            0.5490309600401264
        ]
    },
    "cohesion_parameters": {
        "H": {
            "H": 0.77,
            "NH": 0.23
        },
        "NH": {
            "H": 0.52,
            "NH": 0.48
        }
    },
    "alphas": {
        "H": {
            "H": 1,
            "NH": 1
        },
        "NH": {
            "H": 1,
            "NH": 1
        }
    },
    "slate_to_candidates": {
        "H": [
            "H1",
            "H2",
            "H3",
            "H4",
            "H5"
        ],
        "NH": [
            "NH1",
            "NH2",
            "NH3",
            "NH4",
            "NH5"
        ]
    }
}