{
    "bloc_voter_props": {
        "H": [
            0.47954509339638113,
            0.19430609692197706,
            0.334067012091273,
            0.44096898344540064,
            0.2600299752093696,
            0.4483010746866625,
            0.38490015326929145,
            0.288790805165954
        ],
        "NH": [
            0.5204549066036189,
            0.8056939030780229,
            0.665932987908727,
            0.5590310165545993,
            0.7399700247906305,
            0.5516989253133375,
            0.6150998467307086,
            0.711209194834046
        ]
    },
    "cohesion_parameters": {
        "H": {
            "H": 0.77,
            "NH": 0.23
        },
        "NH": {
            "H": 0.52,
            "NH": 0.48
        }
    },
    "alphas": {
        "H": {
            "H": 1,
            "NH": 1
        },
        "NH": {
            "H": 1,
            "NH": 1
        }
    },
    "slate_to_candidates": {
        "H": [
            "H1",
            "H2",
            "H3",
            "H4",
            "H5"
        ],
        "NH": [
            "NH1",
            "NH2",
            "NH3",
            "NH4",
            "NH5"
        ]
    }
}