{
    "bloc_voter_props": {
        "H": [
            0.485242316927844,
            0.5099766565476032,
            0.21980697825924436,
            0.32590850038279245,
            0.41943739283259013,
            0.32529867655516936,
            0.20008767827602925,
            0.34600858272324664
        ],
        "NH": [
            0.5147576830721561,
            0.4900233434523968,
            0.7801930217407557,
            0.6740914996172076,
            0.5805626071674099,
            0.6747013234448307,
            0.7999123217239708,
            0.6539914172767534
        ]
    },
    "cohesion_parameters": {
        "H": {
            "H": 0.77,
            "NH": 0.23
        },
        "NH": {
            "H": 0.52,
            "NH": 0.48
        }
    },
    "alphas": {
        "H": {
            "H": 1,
            "NH": 1
        },
        "NH": {
            "H": 1,
            "NH": 1
        }
    },
    "slate_to_candidates": {
        "H": [
            "H1",
            "H2",
            "H3",
            "H4",
            "H5"
        ],
        "NH": [
            "NH1",
            "NH2",
            "NH3",
            "NH4",
            "NH5"
        ]
    }
}