{
    "bloc_voter_props": {
        "H": [
            0.19709232258808404,
            0.46794510312637305,
            0.3830472985252304,
            0.19129916388974522,
            0.33849112362961165,
            0.2528793013453398,
            0.560640044578699,
            0.422179574066651
        ],
        "NH": [
            0.8029076774119159,
            0.532054896873627,
            0.6169527014747695,
            0.8087008361102548,
            0.6615088763703884,
            0.7471206986546601,
            0.4393599554213011,
            0.577820425933349
        ]
    },
    "cohesion_parameters": {
        "H": {
            "H": 0.77,
            "NH": 0.23
        },
        "NH": {
            "H": 0.52,
            "NH": 0.48
        }
    },
    "alphas": {
        "H": {
            "H": 1,
            "NH": 1
        },
        "NH": {
            "H": 1,
            "NH": 1
        }
    },
    "slate_to_candidates": {
        "H": [
            "H1",
            "H2",
            "H3",
            "H4",
            "H5"
        ],
        "NH": [
            "NH1",
            "NH2",
            "NH3",
            "NH4",
            "NH5"
        ]
    }
}