{
    "bloc_voter_props": {
        "H": [
            0.30638502001521817,
            0.247830660005259,
            0.44602958658037245,
            0.342939665959052,
            0.22735156771180787,
            0.3038314764718493,
            0.4324275134420639,
            0.550361372092998
        ],
        "NH": [
            0.6936149799847818,
            0.752169339994741,
            0.5539704134196275,
            0.657060334040948,
            0.7726484322881921,
            0.6961685235281507,
            0.567572486557936,
            0.44963862790700204
        ]
    },
    "cohesion_parameters": {
        "H": {
            "H": 0.77,
            "NH": 0.23
        },
        "NH": {
            "H": 0.52,
            "NH": 0.48
        }
    },
    "alphas": {
        "H": {
            "H": 1,
            "NH": 1
        },
        "NH": {
            "H": 1,
            "NH": 1
        }
    },
    "slate_to_candidates": {
        "H": [
            "H1",
            "H2",
            "H3",
            "H4",
            "H5"
        ],
        "NH": [
            "NH1",
            "NH2",
            "NH3",
            "NH4",
            "NH5"
        ]
    }
}