{
    "bloc_voter_props": {
        "H": [
            0.4196648635679543,
            0.28197063941278827,
            0.41237475166277965,
            0.42114712175773705,
            0.38856267171862446,
            0.49805230799604133,
            0.18939469966573774,
            0.3737406098383008,
            262868.0,
            102612.0,
            81640.0,
            47762.0,
            147832.0,
            188548.0,
            186313.0,
            58442.0,
            227444.0,
            114271.0,
            125058.0,
            81476.0,
            105442.0,
            235188.0,
            187512.0,
            102668.0,
            85355.0,
            69586.0,
            239998.0,
            112729.0,
            340477.0,
            143938.0,
            189612.0,
            128285.0,
            69616.0,
            49897.0,
            163703.0,
            125900.0,
            103024.0,
            59425.0,
            155830.0,
            195580.0,
            171627.0,
            193727.0,
            139991.0,
            159001.0,
            67436.0,
            79111.0,
            93617.0,
            42392.0,
            185963.0,
            138135.0,
            75950.0,
            138722.0,
            88653.0,
            76264.0,
            85253.0,
            226514.0,
            81148.0,
            141502.0,
            73692.0,
            228365.0,
            153204.0,
            108180.0,
            47120.0,
            80558.0,
            212028.0,
            269480.0,
            197086.0,
            237683.0,
            171649.0,
            118234.0,
            189436.0,
            127639.0,
            46957.0,
            227256.0,
            58220.0,
            178407.0,
            83495.0,
            126759.0,
            94656.0,
            75109.0
        ],
        "NH": [
            0.5803351364320457,
            0.7180293605872118,
            0.5876252483372203,
            0.578852878242263,
            0.6114373282813755,
            0.5019476920039586,
            0.8106053003342623,
            0.6262593901616992,
            106236.0,
            266017.0,
            302432.0,
            351309.0,
            255345.0,
            203177.0,
            184291.0,
            342957.0,
            155917.0,
            259875.0,
            269737.0,
            300462.0,
            264202.0,
            137863.0,
            208141.0,
            286586.0,
            285378.0,
            302702.0,
            128672.0,
            257362.0,
            50497.0,
            245719.0,
            199149.0,
            258823.0,
            327601.0,
            353411.0,
            230880.0,
            263583.0,
            274354.0,
            328442.0,
            244165.0,
            202977.0,
            231665.0,
            189533.0,
            242288.0,
            240053.0,
            302028.0,
            321005.0,
            285507.0,
            324608.0,
            189988.0,
            259928.0,
            323730.0,
            251091.0,
            306479.0,
            290662.0,
            291572.0,
            143105.0,
            304440.0,
            229032.0,
            314603.0,
            140738.0,
            235405.0,
            262565.0,
            345761.0,
            292808.0,
            191464.0,
            128508.0,
            198892.0,
            156174.0,
            230240.0,
            274871.0,
            215118.0,
            242651.0,
            327803.0,
            141115.0,
            332519.0,
            209502.0,
            295547.0,
            255804.0,
            288585.0,
            295609.0
        ]
    },
    "cohesion_parameters": {
        "H": {
            "H": 0.77,
            "NH": 0.23
        },
        "NH": {
            "H": 0.52,
            "NH": 0.48
        }
    },
    "alphas": {
        "H": {
            "H": 1,
            "NH": 1
        },
        "NH": {
            "H": 1,
            "NH": 1
        }
    },
    "slate_to_candidates": {
        "H": [
            "H1",
            "H2",
            "H3",
            "H4",
            "H5"
        ],
        "NH": [
            "NH1",
            "NH2",
            "NH3",
            "NH4",
            "NH5"
        ]
    }
}