{
    "bloc_voter_props": {
        "H": [
            0.5143030373727194,
            0.19652026811652384,
            0.3205893823245533,
            0.20127393478845998,
            0.43975174392426514,
            0.382921136583266,
            0.3177726976896804,
            0.47284213305604667
        ],
        "NH": [
            0.4856969626272806,
            0.8034797318834762,
            0.6794106176754467,
            0.79872606521154,
            0.5602482560757348,
            0.617078863416734,
            0.6822273023103196,
            0.5271578669439533
        ]
    },
    "cohesion_parameters": {
        "H": {
            "H": 0.77,
            "NH": 0.23
        },
        "NH": {
            "H": 0.52,
            "NH": 0.48
        }
    },
    "alphas": {
        "H": {
            "H": 1,
            "NH": 1
        },
        "NH": {
            "H": 1,
            "NH": 1
        }
    },
    "slate_to_candidates": {
        "H": [
            "H1",
            "H2",
            "H3",
            "H4",
            "H5"
        ],
        "NH": [
            "NH1",
            "NH2",
            "NH3",
            "NH4",
            "NH5"
        ]
    }
}