{
    "bloc_voter_props": {
        "H": [
            0.253787736720897,
            0.3121945368499205,
            0.42488928880457677,
            0.21002719189042637,
            0.27171241091583714,
            0.4488925517300691,
            0.558049688318268,
            0.34385041561255814
        ],
        "NH": [
            0.746212263279103,
            0.6878054631500795,
            0.5751107111954232,
            0.7899728081095736,
            0.7282875890841629,
            0.551107448269931,
            0.44195031168173204,
            0.6561495843874419
        ]
    },
    "cohesion_parameters": {
        "H": {
            "H": 0.77,
            "NH": 0.23
        },
        "NH": {
            "H": 0.52,
            "NH": 0.48
        }
    },
    "alphas": {
        "H": {
            "H": 1,
            "NH": 1
        },
        "NH": {
            "H": 1,
            "NH": 1
        }
    },
    "slate_to_candidates": {
        "H": [
            "H1",
            "H2",
            "H3",
            "H4",
            "H5"
        ],
        "NH": [
            "NH1",
            "NH2",
            "NH3",
            "NH4",
            "NH5"
        ]
    }
}