{
    "bloc_voter_props": {
        "H": [
            0.4258587555521617,
            0.21311114319783572,
            0.3331796212082373,
            0.2947011230695383,
            0.281873667707991,
            0.4342118800188187,
            0.353029571905593,
            0.5059334207421526
        ],
        "NH": [
            0.5741412444478383,
            0.7868888568021642,
            0.6668203787917627,
            0.7052988769304617,
            0.718126332292009,
            0.5657881199811813,
            0.646970428094407,
            0.4940665792578474
        ]
    },
    "cohesion_parameters": {
        "H": {
            "H": 0.77,
            "NH": 0.23
        },
        "NH": {
            "H": 0.52,
            "NH": 0.48
        }
    },
    "alphas": {
        "H": {
            "H": 1,
            "NH": 1
        },
        "NH": {
            "H": 1,
            "NH": 1
        }
    },
    "slate_to_candidates": {
        "H": [
            "H1",
            "H2",
            "H3",
            "H4",
            "H5"
        ],
        "NH": [
            "NH1",
            "NH2",
            "NH3",
            "NH4",
            "NH5"
        ]
    }
}