{
    "bloc_voter_props": {
        "H": [
            0.48750160235867196,
            0.20097899498110167,
            0.5355391957261756,
            0.1286991688643196,
            0.3895687016362675,
            0.631973914206062,
            0.3149054640370942,
            0.47486441756842773,
            156206.0,
            109851.0,
            80340.0,
            47762.0,
            147832.0,
            146269.0,
            124381.0,
            134248.0,
            155088.0,
            300780.0,
            79085.0,
            76974.0,
            95793.0,
            125121.0,
            344907.0,
            72447.0,
            95515.0,
            88481.0,
            190465.0,
            68208.0,
            132934.0,
            159559.0,
            207179.0,
            146925.0,
            47981.0,
            101934.0,
            160372.0,
            92371.0,
            99906.0,
            85126.0,
            92616.0,
            169474.0,
            128167.0,
            113628.0,
            184729.0,
            194197.0,
            213498.0,
            65829.0,
            100368.0,
            128763.0,
            170930.0,
            187700.0,
            70639.0,
            257268.0,
            49960.0,
            76264.0,
            194689.0,
            155796.0,
            117715.0,
            179401.0,
            56576.0,
            255696.0,
            200085.0,
            118031.0,
            50238.0,
            119802.0,
            162405.0,
            115300.0,
            258758.0,
            237683.0,
            171649.0,
            54561.0,
            185497.0,
            87842.0,
            53701.0,
            227650.0,
            71362.0,
            185759.0,
            115073.0,
            122217.0,
            48663.0,
            74991.0
        ],
        "NH": [
            0.512498397641328,
            0.7990210050188983,
            0.46446080427382447,
            0.8713008311356804,
            0.6104312983637326,
            0.3680260857939381,
            0.6850945359629058,
            0.5251355824315722,
            236942.0,
            280819.0,
            293614.0,
            351309.0,
            255345.0,
            237055.0,
            243972.0,
            259154.0,
            212467.0,
            84446.0,
            302700.0,
            294708.0,
            300062.0,
            243418.0,
            52338.0,
            305464.0,
            284566.0,
            309334.0,
            189694.0,
            321564.0,
            269677.0,
            207492.0,
            181287.0,
            234175.0,
            348556.0,
            268753.0,
            224392.0,
            307767.0,
            266573.0,
            289627.0,
            309905.0,
            203592.0,
            273655.0,
            290070.0,
            202879.0,
            194670.0,
            152700.0,
            308869.0,
            286283.0,
            258523.0,
            216836.0,
            207298.0,
            301085.0,
            122097.0,
            328112.0,
            290662.0,
            191059.0,
            217789.0,
            284569.0,
            190677.0,
            339861.0,
            117633.0,
            178398.0,
            265288.0,
            353542.0,
            276452.0,
            227736.0,
            284404.0,
            131793.0,
            156174.0,
            230240.0,
            340886.0,
            182510.0,
            279383.0,
            324858.0,
            159493.0,
            331338.0,
            195751.0,
            268196.0,
            247383.0,
            319561.0,
            297616.0
        ]
    },
    "cohesion_parameters": {
        "H": {
            "H": 0.77,
            "NH": 0.23
        },
        "NH": {
            "H": 0.52,
            "NH": 0.48
        }
    },
    "alphas": {
        "H": {
            "H": 1,
            "NH": 1
        },
        "NH": {
            "H": 1,
            "NH": 1
        }
    },
    "slate_to_candidates": {
        "H": [
            "H1",
            "H2",
            "H3",
            "H4",
            "H5"
        ],
        "NH": [
            "NH1",
            "NH2",
            "NH3",
            "NH4",
            "NH5"
        ]
    }
}