{
    "bloc_voter_props": {
        "H": [
            0.3962977903491655,
            0.1939604007889082,
            0.4953847972994184,
            0.29327229482083106,
            0.3876363662302149,
            0.5105360506068258,
            0.3704114079295935,
            0.2079018660897506
        ],
        "NH": [
            0.6037022096508345,
            0.8060395992110918,
            0.5046152027005816,
            0.7067277051791689,
            0.6123636337697851,
            0.48946394939317417,
            0.6295885920704065,
            0.7920981339102494
        ]
    },
    "cohesion_parameters": {
        "H": {
            "H": 0.77,
            "NH": 0.23
        },
        "NH": {
            "H": 0.52,
            "NH": 0.48
        }
    },
    "alphas": {
        "H": {
            "H": 1,
            "NH": 1
        },
        "NH": {
            "H": 1,
            "NH": 1
        }
    },
    "slate_to_candidates": {
        "H": [
            "H1",
            "H2",
            "H3",
            "H4",
            "H5"
        ],
        "NH": [
            "NH1",
            "NH2",
            "NH3",
            "NH4",
            "NH5"
        ]
    }
}