{
  "n_voters": 10000,
  "slate_to_candidates": {
    "H": [
      "H1",
      "H2",
      "H3"
    ],
    "O": [
      "O1",
      "O2",
      "O3",
      "O4",
      "O5",
      "O6",
      "O7"
    ]
  },
  "bloc_proportions": {
    "H": 0.21526194930971615,
    "O": 0.7847380506902839
  },
  "cohesion_parameters": {
    "H": {
      "H": 0.75,
      "O": 0.25
    },
    "O": {
      "H": 0.2,
      "O": 0.8
    }
  },
  "alphas": {
    "H": {
      "H": 1.25,
      "O": 0.75
    },
    "O": {
      "H": 0.6,
      "O": 0.5
    }
  },
  "total_hvap": 1315957.0,
  "total_vap": 3234887.0
}